target_key	source_db	property	ordinal	value
O00141	Chemical Probes Portal	class	0	Kinase
O00141	Chemical Probes Portal	subClass	0	AGC
O00255	Chemical Probes Portal	class	0	Epigenetic
O00255	Chemical Probes Portal	subClass	0	Scaffold Protein
O00257	Chemical Probes Portal	class	0	Epigenetic
O00257	Chemical Probes Portal	subClass	0	Methyl-lysine reader
O00311	Chemical Probes Portal	class	0	Kinase
O00311	Chemical Probes Portal	subClass	0	Ser/Thr Kinase
O00329	Chemical Probes Portal	class	0	Lipid kinase
O00329	Chemical Probes Portal	class	1	Kinase
O00329	Chemical Probes Portal	subClass	0	Class I
O00329	Chemical Probes Portal	subClass	1	PI3/PI4
O00329	Chemical Probes Portal	subClass	2	PI3/PI4 family
O00329	Chemical Probes Portal	subClass	3	PI3/PI4-kinase
O00411	Chemical Probes Portal	class	0	Enzyme
O00411	Chemical Probes Portal	subClass	0	RNA Polymerase
O00444	Chemical Probes Portal	class	0	Protein kinase
O00444	Chemical Probes Portal	class	1	Kinase
O00444	Chemical Probes Portal	subClass	0	Other
O00444	Chemical Probes Portal	subClass	1	Ser/Thr kinase
O00444	Chemical Probes Portal	subClass	2	Ser/Thr Kinase
O00487	Chemical Probes Portal	class	0	Enzyme
O00487	Chemical Probes Portal	subClass	0	Peptidase
O00519	Chemical Probes Portal	class	0	Lipid metabolism
O00519	Chemical Probes Portal	class	1	Enzyme
O00519	Chemical Probes Portal	subClass	0	Serine Hydrolase
O00519	Chemical Probes Portal	subClass	1	Amidase
O00625	Chemical Probes Portal	class	0	Other
O00625	Chemical Probes Portal	subClass	0	Cupin
O00748	Chemical Probes Portal	class	0	Enzyme
O00748	Chemical Probes Portal	subClass	0	carboxylesterase/lipase
O00763	Chemical Probes Portal	class	0	Enzyme
O14578	Chemical Probes Portal	class	0	Kinase
O14578	Chemical Probes Portal	subClass	0	AGC
O14672	Chemical Probes Portal	class	0	Other
O14672	Chemical Probes Portal	subClass	0	ADAM family
O14684	Chemical Probes Portal	class	0	Enzyme
O14684	Chemical Probes Portal	subClass	0	Synthase
O14733	Chemical Probes Portal	class	0	Kinase
O14733	Chemical Probes Portal	subClass	0	STE
O14744	Chemical Probes Portal	class	0	Epigenetic
O14744	Chemical Probes Portal	subClass	0	Methyltransferase
O14744	Chemical Probes Portal	subClass	1	Protein methyltransferase
O14757	Chemical Probes Portal	class	0	Protein kinase
O14757	Chemical Probes Portal	class	1	Kinase
O14757	Chemical Probes Portal	subClass	0	CAMK
O14842	Chemical Probes Portal	class	0	GPCR
O14842	Chemical Probes Portal	subClass	0	Free fatty acid receptor
O14842	Chemical Probes Portal	subClass	1	Free fatty acid receptors
O14920	Chemical Probes Portal	class	0	Kinase
O14920	Chemical Probes Portal	subClass	0	Serine kinase
O14920	Chemical Probes Portal	subClass	1	Ser/Thr Kinase
O14936	Chemical Probes Portal	class	0	Kinase
O14936	Chemical Probes Portal	subClass	0	CAMK
O14939	Chemical Probes Portal	class	0	Enzyme
O14939	Chemical Probes Portal	subClass	0	Phospholipase
O14965	Chemical Probes Portal	class	0	Kinase
O14965	Chemical Probes Portal	subClass	0	Ser/Thr kinase
O14965	Chemical Probes Portal	subClass	1	Ser/Thr Kinase
O14965	Chemical Probes Portal	subClass	2	cell cycle-regulated kinase
O14976	Chemical Probes Portal	class	0	Kinase
O14976	Chemical Probes Portal	subClass	0	Ser/Thr Kinase
O15054	Chemical Probes Portal	class	0	Epigenetic
O15054	Chemical Probes Portal	subClass	0	Lysine demethylase
O15075	Chemical Probes Portal	class	0	Kinase
O15075	Chemical Probes Portal	subClass	0	CAMK
O15118	Chemical Probes Portal	class	0	Other
O15118	Chemical Probes Portal	subClass	0	Intracellular Cholesterol Transporter
O15164	Chemical Probes Portal	class	0	Epigenetic
O15164	Chemical Probes Portal	subClass	0	Tripartite Motif Family
O15294	Chemical Probes Portal	class	0	Enzyme
O15294	Chemical Probes Portal	subClass	0	Glycosyltransferase
O15297	Chemical Probes Portal	class	0	Enzyme
O15297	Chemical Probes Portal	subClass	0	Phosphatase
O15379	Chemical Probes Portal	class	0	Epigenetic
O15379	Chemical Probes Portal	subClass	0	HDAC
O15379	Chemical Probes Portal	subClass	1	Histone deacetylase
O15382	Chemical Probes Portal	class	0	Enzyme
O15382	Chemical Probes Portal	subClass	0	Amino acid transaminase
O15427	Chemical Probes Portal	class	0	Transporter
O15427	Chemical Probes Portal	subClass	0	Monocarboxylate transporter
O15530	Chemical Probes Portal	class	0	Kinase
O15530	Chemical Probes Portal	subClass	0	AGC
O15550	Chemical Probes Portal	class	0	Epigenetic
O15550	Chemical Probes Portal	subClass	0	Lysine demethylase
O15552	Chemical Probes Portal	class	0	GPCR
O15552	Chemical Probes Portal	subClass	0	Free fatty acid receptor
O15554	Chemical Probes Portal	class	0	Ion Channel
O15554	Chemical Probes Portal	subClass	0	Potassium channel
O43175	Chemical Probes Portal	class	0	Enzyme
O43175	Chemical Probes Portal	subClass	0	Dehydrogenase
O43194	Chemical Probes Portal	class	0	GPCR
O43318	Chemical Probes Portal	class	0	Kinase
O43318	Chemical Probes Portal	subClass	0	TKL
O43353	Chemical Probes Portal	class	0	Kinase
O43353	Chemical Probes Portal	subClass	0	TKL
O43526	Chemical Probes Portal	class	0	Ion Channel
O43526	Chemical Probes Portal	subClass	0	Potassium Channel
O43613	Chemical Probes Portal	class	0	GPCR
O43613	Chemical Probes Portal	subClass	0	Orexin/Hypocretin receptor
O43614	Chemical Probes Portal	class	0	GPCR
O43614	Chemical Probes Portal	subClass	0	Orexin Receptor
O43614	Chemical Probes Portal	subClass	1	Orexin receptor
O43614	Chemical Probes Portal	subClass	2	Orexin 2 receptor
O43683	Chemical Probes Portal	class	0	Kinase
O43683	Chemical Probes Portal	subClass	0	Ser/Thr Protein Kinase
O43739	Chemical Probes Portal	class	0	Cytohesin
O60260	Chemical Probes Portal	class	0	Ubiquitin-protein ligase
O60260	Chemical Probes Portal	subClass	0	Parkinson disease protein
O60285	Chemical Probes Portal	class	0	Kinase
O60285	Chemical Probes Portal	subClass	0	CAMK
O60341	Chemical Probes Portal	class	0	Epigenetic
O60502	Chemical Probes Portal	class	0	Enzyme
O60502	Chemical Probes Portal	subClass	0	Hydrolase
O60551	Chemical Probes Portal	class	0	Other post-translational modification
O60551	Chemical Probes Portal	subClass	0	Acyltransferase
O60674	Chemical Probes Portal	class	0	Protein kinase
O60674	Chemical Probes Portal	class	1	Kinase
O60674	Chemical Probes Portal	subClass	0	TK
O60674	Chemical Probes Portal	subClass	1	Tyrosine kinase
O60678	Chemical Probes Portal	class	0	Epigenetic
O60678	Chemical Probes Portal	subClass	0	Protein methyltransferase
O60678	Chemical Probes Portal	subClass	1	Methyltransferase
O60741	Chemical Probes Portal	class	0	Ion Channel
O60741	Chemical Probes Portal	subClass	0	Potassium/Sodium Channel
O60885	Chemical Probes Portal	class	0	Epigenetic
O60885	Chemical Probes Portal	subClass	0	Bromodomain
O60911	Chemical Probes Portal	class	0	Protein metabolism
O60911	Chemical Probes Portal	subClass	0	Protease
O75116	Chemical Probes Portal	class	0	Kinase
O75116	Chemical Probes Portal	subClass	0	AGC
O75164	Chemical Probes Portal	class	0	Epigenetic
O75164	Chemical Probes Portal	subClass	0	Histone demethylase
O75306	Chemical Probes Portal	class	0	Enzyme
O75306	Chemical Probes Portal	subClass	0	Dehydrogenase
O75385	Chemical Probes Portal	class	0	Kinase
O75385	Chemical Probes Portal	subClass	0	Autophagy Activating Kinases
O75417	Chemical Probes Portal	class	0	Enzyme
O75417	Chemical Probes Portal	subClass	0	DNA Polymerase
O75460	Chemical Probes Portal	class	0	Kinase
O75460	Chemical Probes Portal	subClass	0	Ser/Thr Kinase
O75530	Chemical Probes Portal	class	0	Epigenetic
O75530	Chemical Probes Portal	subClass	0	Polycomb family
O75575	Chemical Probes Portal	class	0	CGRP-receptor component protein
O75643	Chemical Probes Portal	class	0	Enzyme
O75643	Chemical Probes Portal	subClass	0	Helicase
O75716	Chemical Probes Portal	class	0	Kinase
O75716	Chemical Probes Portal	subClass	0	Ser/Thr Kinase
O75762	Chemical Probes Portal	class	0	Transient Receptor
O75762	Chemical Probes Portal	class	1	Ion Channel
O75762	Chemical Probes Portal	subClass	0	Transient receptor, TRPV subfamily
O75874	Chemical Probes Portal	class	0	Enzyme
O75874	Chemical Probes Portal	class	1	Kinase
O75874	Chemical Probes Portal	subClass	0	Dehydrogenase
O75907	Chemical Probes Portal	class	0	Other
O75907	Chemical Probes Portal	class	1	Enzyme
O75907	Chemical Probes Portal	subClass	0	Diacylglycerol O-acyltransferase
O75907	Chemical Probes Portal	subClass	1	Acyltransferase
O75914	Chemical Probes Portal	class	0	Protein kinase
O75914	Chemical Probes Portal	subClass	0	STE
O76039	Chemical Probes Portal	class	0	Kinase
O76039	Chemical Probes Portal	subClass	0	CMGC
O76083	Chemical Probes Portal	class	0	Nucleic acid metabolism
O76083	Chemical Probes Portal	subClass	0	Phosphodiesterase
O94768	Chemical Probes Portal	class	0	Kinase
O94768	Chemical Probes Portal	subClass	0	CAMK
O94782	Chemical Probes Portal	class	0	Other post-translational modification
O94782	Chemical Probes Portal	subClass	0	Deubiquitinase
O94921	Chemical Probes Portal	class	0	Kinase
O94921	Chemical Probes Portal	subClass	0	CMGC
O94925	Chemical Probes Portal	class	0	Enzyme
O94925	Chemical Probes Portal	subClass	0	Glutaminase
O94953	Chemical Probes Portal	class	0	Epigenetic
O94953	Chemical Probes Portal	subClass	0	Histone demethylase
O95069	Chemical Probes Portal	class	0	Ion Channel
O95069	Chemical Probes Portal	subClass	0	Potassium Channel
O95251	Chemical Probes Portal	class	0	Epigenetic
O95251	Chemical Probes Portal	subClass	0	Histone Acetyltransferase
O95271	Chemical Probes Portal	class	0	Other post-translational modification
O95271	Chemical Probes Portal	subClass	0	PARP
O95497	Chemical Probes Portal	class	0	Vanin
O95497	Chemical Probes Portal	subClass	0	Biotinidase
O95696	Chemical Probes Portal	class	0	Epigenetic
O95696	Chemical Probes Portal	subClass	0	Bromodomain
O95785	Chemical Probes Portal	class	0	Transcription factor
O95785	Chemical Probes Portal	subClass	0	Zinc Finger
O95835	Chemical Probes Portal	class	0	Kinase
O95835	Chemical Probes Portal	subClass	0	AGC
O95848	Chemical Probes Portal	class	0	Epigenetic
O95848	Chemical Probes Portal	subClass	0	Nudix
O95931	Chemical Probes Portal	class	0	Epigenetic
O95931	Chemical Probes Portal	subClass	0	Methyl-lysine reader
O96013	Chemical Probes Portal	class	0	Protein kinase
O96013	Chemical Probes Portal	class	1	Kinase
O96013	Chemical Probes Portal	subClass	0	STE
O96017	Chemical Probes Portal	class	0	Protein kinase
O96017	Chemical Probes Portal	subClass	0	CAMK
O96028	Chemical Probes Portal	class	0	Epigenetic
O96028	Chemical Probes Portal	subClass	0	Methyltransferase
P00338	Chemical Probes Portal	class	0	Enzyme
P00338	Chemical Probes Portal	subClass	0	LDH family
P00352	Chemical Probes Portal	class	0	Other
P00352	Chemical Probes Portal	subClass	0	aldehyde dehydrogenase
P00519	Chemical Probes Portal	class	0	Kinase
P00519	Chemical Probes Portal	subClass	0	TK
P00533	Chemical Probes Portal	class	0	Kinase
P00533	Chemical Probes Portal	class	1	Protein kinase
P00533	Chemical Probes Portal	subClass	0	RTK
P00533	Chemical Probes Portal	subClass	1	TK
P00751	Chemical Probes Portal	class	0	Other
P00751	Chemical Probes Portal	subClass	0	Serine Protease
P00797	Chemical Probes Portal	class	0	Enzyme
P00797	Chemical Probes Portal	subClass	0	Angiotensinogenase
P00918	Chemical Probes Portal	class	0	Enzyme
P00918	Chemical Probes Portal	subClass	0	Anhydrase family
P01111	Chemical Probes Portal	class	0	Enzyme
P01111	Chemical Probes Portal	subClass	0	GTPase
P01112	Chemical Probes Portal	class	0	Enzyme
P01112	Chemical Probes Portal	subClass	0	GTPase
P01116	Chemical Probes Portal	class	0	Enzyme
P01116	Chemical Probes Portal	class	1	Kinase
P01116	Chemical Probes Portal	subClass	0	GTPase
P01116	Chemical Probes Portal	subClass	1	Ras Family
P01137	Chemical Probes Portal	class	0	Catalytic receptor
P01137	Chemical Probes Portal	subClass	0	Transforming Growth Factor
P03372	Chemical Probes Portal	class	0	Other
P03372	Chemical Probes Portal	class	1	NHR
P03372	Chemical Probes Portal	subClass	0	Hormone Receptor
P03372	Chemical Probes Portal	subClass	1	Estrogen Receptor
P03372	Chemical Probes Portal	subClass	2	NR3 Subfamily
P03372	Chemical Probes Portal	subClass	3	Estrogen receptor
P03951	Chemical Probes Portal	class	0	Enzyme
P03951	Chemical Probes Portal	subClass	0	Peptidase S1 family
P04035	Chemical Probes Portal	class	0	Lipid metabolism
P04035	Chemical Probes Portal	subClass	0	Sterol biosynthesis
P04150	Chemical Probes Portal	class	0	NHR
P04150	Chemical Probes Portal	class	1	Nuclear Receptor
P04150	Chemical Probes Portal	subClass	0	Subfamily 3
P04150	Chemical Probes Portal	subClass	1	Nuclear hormone receptor
P04626	Chemical Probes Portal	class	0	Kinase
P04626	Chemical Probes Portal	subClass	0	RTK
P04629	Chemical Probes Portal	class	0	Kinase
P04629	Chemical Probes Portal	subClass	0	TK
P04629	Chemical Probes Portal	subClass	1	Tyrosin kinase
P04629	Chemical Probes Portal	subClass	2	Tyr kinase
P06213	Chemical Probes Portal	class	0	Kinase
P06213	Chemical Probes Portal	subClass	0	TK
P06239	Chemical Probes Portal	class	0	Kinase
P06239	Chemical Probes Portal	subClass	0	TK
P06241	Chemical Probes Portal	class	0	Kinase
P06241	Chemical Probes Portal	subClass	0	TK
P06493	Chemical Probes Portal	class	0	Kinase
P06493	Chemical Probes Portal	subClass	0	CMGC
P06576	Chemical Probes Portal	class	0	Enzyme
P07195	Chemical Probes Portal	class	0	Enzyme
P07195	Chemical Probes Portal	subClass	0	LDH family
P07333	Chemical Probes Portal	class	0	Kinase
P07333	Chemical Probes Portal	subClass	0	TK
P07437	Chemical Probes Portal	class	0	Enzyme
P07437	Chemical Probes Portal	subClass	0	GTPase
P07550	Chemical Probes Portal	class	0	GPCR
P07550	Chemical Probes Portal	subClass	0	Adrenoceptor
P07711	Chemical Probes Portal	class	0	Protein metabolism
P07711	Chemical Probes Portal	class	1	Enzyme
P07711	Chemical Probes Portal	subClass	0	Protease
P07711	Chemical Probes Portal	subClass	1	Cysteine protease
P07900	Chemical Probes Portal	class	0	Other post-translational modification
P07900	Chemical Probes Portal	subClass	0	Chaperone
P07947	Chemical Probes Portal	class	0	Kinase
P07947	Chemical Probes Portal	subClass	0	TK
P07948	Chemical Probes Portal	class	0	Kinase
P07948	Chemical Probes Portal	subClass	0	TK
P07949	Chemical Probes Portal	class	0	Kinase
P07949	Chemical Probes Portal	subClass	0	Tyrosine Kinase
P08069	Chemical Probes Portal	class	0	Kinase
P08069	Chemical Probes Portal	subClass	0	TK
P08172	Chemical Probes Portal	class	0	GPCR
P08172	Chemical Probes Portal	subClass	0	Muscarinic Receptor
P08172	Chemical Probes Portal	subClass	1	Muscarinic receptor
P08173	Chemical Probes Portal	class	0	GPCR
P08173	Chemical Probes Portal	subClass	0	Muscarinic receptor
P08235	Chemical Probes Portal	class	0	NHR
P08235	Chemical Probes Portal	subClass	0	Mineralocorticoid receptor
P08238	Chemical Probes Portal	class	0	Other post-translational modification
P08238	Chemical Probes Portal	subClass	0	Chaperone
P08246	Chemical Probes Portal	class	0	Enzyme
P08246	Chemical Probes Portal	subClass	0	Protease
P08246	Chemical Probes Portal	subClass	1	peptidase S1 family
P08581	Chemical Probes Portal	class	0	Kinase
P08581	Chemical Probes Portal	subClass	0	TK
P08581	Chemical Probes Portal	subClass	1	Tyrosine kinase
P08709	Chemical Probes Portal	class	0	Enzyme
P08709	Chemical Probes Portal	subClass	0	Peptidase
P08922	Chemical Probes Portal	class	0	Kinase
P08922	Chemical Probes Portal	subClass	0	TK
P09619	Chemical Probes Portal	class	0	Kinase
P09619	Chemical Probes Portal	class	1	Protein kinase
P09619	Chemical Probes Portal	subClass	0	TK
P09874	Chemical Probes Portal	class	0	Other post-translational modification
P09874	Chemical Probes Portal	subClass	0	PARP
P09936	Chemical Probes Portal	class	0	Other
P09936	Chemical Probes Portal	class	1	Enzyme
P09936	Chemical Probes Portal	subClass	0	Peptidase C12 family
P09936	Chemical Probes Portal	subClass	1	Peptidase
P09960	Chemical Probes Portal	class	0	Other
P09960	Chemical Probes Portal	subClass	0	Hydrolase
P10275	Chemical Probes Portal	class	0	NHR
P10275	Chemical Probes Portal	class	1	Transcription factor
P10275	Chemical Probes Portal	subClass	0	Dihydrotestosterone receptor
P10275	Chemical Probes Portal	subClass	1	Androgen receptor
P10275	Chemical Probes Portal	subClass	2	Nuclear Hormone Receptor
P10415	Chemical Probes Portal	class	0	Enzyme
P10415	Chemical Probes Portal	class	1	Other
P10415	Chemical Probes Portal	subClass	0	Apoptosis Regulator
P10415	Chemical Probes Portal	subClass	1	Protein Phosphatase
P10636	Chemical Probes Portal	class	0	Extracellular protein
P10636	Chemical Probes Portal	subClass	0	Microtubule Associated Protein
P10721	Chemical Probes Portal	class	0	Protein kinase
P10721	Chemical Probes Portal	class	1	Kinase
P10721	Chemical Probes Portal	subClass	0	TK
P10721	Chemical Probes Portal	subClass	1	Tyr kinase
P11166	Chemical Probes Portal	class	0	Transporter
P11166	Chemical Probes Portal	subClass	0	Solute Carrier
P11229	Chemical Probes Portal	class	0	GPCR
P11229	Chemical Probes Portal	subClass	0	Acetylcholine Receptor
P11309	Chemical Probes Portal	class	0	Kinase
P11309	Chemical Probes Portal	subClass	0	CAMK
P11362	Chemical Probes Portal	class	0	Kinase
P11362	Chemical Probes Portal	subClass	0	TK
P11362	Chemical Probes Portal	subClass	1	Tyrosine kinase
P11586	Chemical Probes Portal	class	0	Enzyme
P11586	Chemical Probes Portal	subClass	0	Dehydrogenase
P11597	Chemical Probes Portal	class	0	Transporter
P11597	Chemical Probes Portal	subClass	0	BPI/LBP family
P11802	Chemical Probes Portal	class	0	Kinase
P11802	Chemical Probes Portal	subClass	0	CMGC
P12931	Chemical Probes Portal	class	0	Kinase
P12931	Chemical Probes Portal	class	1	Protein kinase
P12931	Chemical Probes Portal	subClass	0	TK
P13569	Chemical Probes Portal	class	0	Structural protein
P13569	Chemical Probes Portal	class	1	Ion Channel
P13569	Chemical Probes Portal	subClass	0	ABCC
P13569	Chemical Probes Portal	subClass	1	Conductance Regulator
P13995	Chemical Probes Portal	class	0	Enzyme
P13995	Chemical Probes Portal	subClass	0	Dehydrogenase
P14174	Chemical Probes Portal	class	0	Other post-translational modification
P14174	Chemical Probes Portal	subClass	0	Tautomerase
P14616	Chemical Probes Portal	class	0	Kinase
P14616	Chemical Probes Portal	subClass	0	TK
P14902	Chemical Probes Portal	class	0	Enzyme
P14902	Chemical Probes Portal	subClass	0	Dioxygenase
P15056	Chemical Probes Portal	class	0	Kinase
P15056	Chemical Probes Portal	subClass	0	TKL
P15170	Chemical Probes Portal	class	0	Other
P15170	Chemical Probes Portal	class	1	Transcription factor
P15170	Chemical Probes Portal	class	2	Translation Termination Factor
P15170	Chemical Probes Portal	subClass	0	Translation Termination Factor
P16234	Chemical Probes Portal	class	0	Kinase
P16234	Chemical Probes Portal	subClass	0	TK
P17706	Chemical Probes Portal	class	0	Enzyme
P17706	Chemical Probes Portal	subClass	0	Phosphatase
P17948	Chemical Probes Portal	class	0	Kinase
P17948	Chemical Probes Portal	subClass	0	Tyrosine kinase
P18031	Chemical Probes Portal	class	0	Enzyme
P18031	Chemical Probes Portal	subClass	0	Phosphatase
P18089	Chemical Probes Portal	class	0	GPCR
P18089	Chemical Probes Portal	subClass	0	Adrenergic receptor
P19099	Chemical Probes Portal	class	0	Enzyme
P19099	Chemical Probes Portal	subClass	0	B
P19634	Chemical Probes Portal	class	0	Transporter
P19634	Chemical Probes Portal	class	1	Ion Channel
P19634	Chemical Probes Portal	subClass	0	Solute Carrier
P19634	Chemical Probes Portal	subClass	1	Cation Proton Antiporter
P19784	Chemical Probes Portal	class	0	Kinase
P19784	Chemical Probes Portal	subClass	0	Ser/Thr kinase
P19784	Chemical Probes Portal	subClass	1	CMGC
P19793	Chemical Probes Portal	class	0	NHR
P19793	Chemical Probes Portal	subClass	0	Retinoic acid receptor
P20292	Chemical Probes Portal	class	0	Enzyme
P20292	Chemical Probes Portal	class	1	Membrane protein
P20292	Chemical Probes Portal	subClass	0	5-lipoxygenase
P20292	Chemical Probes Portal	subClass	1	Five-Lipoxygenase Activating Protein
P20309	Chemical Probes Portal	class	0	GPCR
P20309	Chemical Probes Portal	subClass	0	Muscarinic Receptor
P20701	Chemical Probes Portal	class	0	Integrin
P21452	Chemical Probes Portal	class	0	GPCR
P21452	Chemical Probes Portal	subClass	0	Tachykinin receptor
P21453	Chemical Probes Portal	class	0	GPCR
P21453	Chemical Probes Portal	subClass	0	Sphingosine receptor
P21554	Chemical Probes Portal	class	0	GPCR
P21554	Chemical Probes Portal	subClass	0	Cannabinoid Receptor
P21554	Chemical Probes Portal	subClass	1	Cannabinoid receptor
P21589	Chemical Probes Portal	class	0	Other
P21589	Chemical Probes Portal	subClass	0	Membrane Protein
P21675	Chemical Probes Portal	class	0	Epigenetic
P21675	Chemical Probes Portal	subClass	0	Bromodomain
P21730	Chemical Probes Portal	class	0	GPCR
P21730	Chemical Probes Portal	subClass	0	Complement peptide receptor
P21802	Chemical Probes Portal	class	0	Kinase
P21802	Chemical Probes Portal	subClass	0	TK
P21802	Chemical Probes Portal	subClass	1	Tyrosine Kinase
P21860	Chemical Probes Portal	class	0	Protein kinase
P21860	Chemical Probes Portal	subClass	0	RTK
P21917	Chemical Probes Portal	class	0	GPCR
P21917	Chemical Probes Portal	subClass	0	Dopamine receptor
P21917	Chemical Probes Portal	subClass	1	Dopamine D4 receptors
P22314	Chemical Probes Portal	class	0	Other post-translational modification
P22314	Chemical Probes Portal	class	1	Enzyme
P22314	Chemical Probes Portal	subClass	0	Ubiquitin-conjugating enzyme
P22413	Chemical Probes Portal	class	0	Enzyme
P22413	Chemical Probes Portal	subClass	0	phosphodiesterase
P22455	Chemical Probes Portal	class	0	Protein kinase
P22455	Chemical Probes Portal	class	1	Kinase
P22455	Chemical Probes Portal	subClass	0	TK
P22455	Chemical Probes Portal	subClass	1	Tyrosine kinase
P22455	Chemical Probes Portal	subClass	2	Tyrosine Kinase
P22607	Chemical Probes Portal	class	0	Kinase
P22607	Chemical Probes Portal	subClass	0	TK
P22607	Chemical Probes Portal	subClass	1	Tyrosine Kinase
P22888	Chemical Probes Portal	class	0	GPCR
P22888	Chemical Probes Portal	subClass	0	Luteinizing hormone receptor
P22888	Chemical Probes Portal	subClass	1	Hormone Receptor
P23219	Chemical Probes Portal	class	0	Enzyme
P23219	Chemical Probes Portal	subClass	0	Synthase
P23458	Chemical Probes Portal	class	0	Kinase
P23458	Chemical Probes Portal	subClass	0	TK
P23458	Chemical Probes Portal	subClass	1	Tyrosine kinase
P23743	Chemical Probes Portal	class	0	Kinase
P23743	Chemical Probes Portal	subClass	0	Lipid kinase
P23946	Chemical Probes Portal	class	0	Enzyme
P23946	Chemical Probes Portal	subClass	0	Peptidase
P24530	Chemical Probes Portal	class	0	GPCR
P24530	Chemical Probes Portal	subClass	0	Endothelin Receptor
P24941	Chemical Probes Portal	class	0	Kinase
P24941	Chemical Probes Portal	subClass	0	CMGC
P25090	Chemical Probes Portal	class	0	GPCR
P25090	Chemical Probes Portal	subClass	0	Formyl peptide receptor
P25098	Chemical Probes Portal	class	0	Kinase
P25098	Chemical Probes Portal	subClass	0	AGC
P25100	Chemical Probes Portal	class	0	GPCR
P25100	Chemical Probes Portal	subClass	0	Alpha-Adrenergic Receptor
P25101	Chemical Probes Portal	class	0	GPCR
P25101	Chemical Probes Portal	subClass	0	Endothelin Receptor
P25103	Chemical Probes Portal	class	0	GPCR
P25103	Chemical Probes Portal	subClass	0	NK-1 Receptor
P25105	Chemical Probes Portal	class	0	GPCR
P25105	Chemical Probes Portal	subClass	0	Platelet-activating factor receptor
P25116	Chemical Probes Portal	class	0	GPCR
P25116	Chemical Probes Portal	subClass	0	Trombin Receptor
P25440	Chemical Probes Portal	class	0	Epigenetic
P25440	Chemical Probes Portal	subClass	0	Bromodomain
P25774	Chemical Probes Portal	class	0	Enzyme
P25774	Chemical Probes Portal	subClass	0	Peptidase
P25929	Chemical Probes Portal	class	0	GPCR
P25929	Chemical Probes Portal	subClass	0	Neuropeptide Y receptor
P26358	Chemical Probes Portal	class	0	Epigenetic
P26358	Chemical Probes Portal	subClass	0	Methyltransferase
P27361	Chemical Probes Portal	class	0	Kinase
P27361	Chemical Probes Portal	subClass	0	CMGC
P28065	Chemical Probes Portal	class	0	Protein metabolism
P28065	Chemical Probes Portal	subClass	0	Proteasome subunit
P28221	Chemical Probes Portal	class	0	GPCR
P28221	Chemical Probes Portal	subClass	0	Serotonin Receptor
P28223	Chemical Probes Portal	class	0	GPCR
P28223	Chemical Probes Portal	subClass	0	Serotonin Receptor
P28335	Chemical Probes Portal	class	0	GPCR
P28335	Chemical Probes Portal	subClass	0	Serotonin Receptor
P28347	Chemical Probes Portal	class	0	Epigenetic
P28347	Chemical Probes Portal	subClass	0	Transcription factor
P28347	Chemical Probes Portal	subClass	1	Transcription Factor
P28482	Chemical Probes Portal	class	0	Kinase
P28482	Chemical Probes Portal	subClass	0	CMGC
P28702	Chemical Probes Portal	class	0	NHR
P28702	Chemical Probes Portal	subClass	0	Retinoic acid receptor
P28799	Chemical Probes Portal	class	0	Glycoprotein
P28799	Chemical Probes Portal	subClass	0	Granulin family
P28845	Chemical Probes Portal	class	0	Enzyme
P28845	Chemical Probes Portal	subClass	0	Dehydrogenase
P29274	Chemical Probes Portal	class	0	GPCR
P29274	Chemical Probes Portal	subClass	0	Adenosine receptor
P29275	Chemical Probes Portal	class	0	GPCR
P29275	Chemical Probes Portal	subClass	0	Adenosine receptor
P29371	Chemical Probes Portal	class	0	GPCR
P29371	Chemical Probes Portal	subClass	0	NK-3 Receptor
P29597	Chemical Probes Portal	class	0	Kinase
P29597	Chemical Probes Portal	subClass	0	Tyrosine Kinase
P29597	Chemical Probes Portal	subClass	1	Tyrosine kinase
P30291	Chemical Probes Portal	class	0	Kinase
P30291	Chemical Probes Portal	subClass	0	Ser/Thr kinase
P30291	Chemical Probes Portal	subClass	1	Ser/Thr Protein Kinase
P30419	Chemical Probes Portal	class	0	Other post-translational modification
P30419	Chemical Probes Portal	subClass	0	Acyltransferase
P30518	Chemical Probes Portal	class	0	GPCR
P30518	Chemical Probes Portal	subClass	0	Vasorepressin receptor
P30530	Chemical Probes Portal	class	0	Kinase
P30530	Chemical Probes Portal	subClass	0	Tyrosine kinase
P30559	Chemical Probes Portal	class	0	GPCR
P30559	Chemical Probes Portal	subClass	0	Oxytocin receptor
P30968	Chemical Probes Portal	class	0	GPCR
P30968	Chemical Probes Portal	subClass	0	GnRH receptor
P30968	Chemical Probes Portal	subClass	1	Hormone Receptor
P31153	Chemical Probes Portal	class	0	Other post-translational modification
P31153	Chemical Probes Portal	subClass	0	Methionine Adenosyltransferase
P31639	Chemical Probes Portal	class	0	Transporter
P31639	Chemical Probes Portal	subClass	0	Solute carrier
P31644	Chemical Probes Portal	class	0	Ion Channel
P31645	Chemical Probes Portal	class	0	Transporter
P31645	Chemical Probes Portal	subClass	0	Serotonin transporter
P31749	Chemical Probes Portal	class	0	Kinase
P31749	Chemical Probes Portal	subClass	0	AGC
P31751	Chemical Probes Portal	class	0	Kinase
P31751	Chemical Probes Portal	subClass	0	AGC
P31939	Chemical Probes Portal	class	0	Other
P31939	Chemical Probes Portal	subClass	0	formyltransferase and cyclohydrolase
P32239	Chemical Probes Portal	class	0	GPCR
P32239	Chemical Probes Portal	subClass	0	Cholecystokinin Receptor
P32245	Chemical Probes Portal	class	0	GPCR
P32245	Chemical Probes Portal	subClass	0	Melanocortin Receptor
P32246	Chemical Probes Portal	class	0	GPCR
P32246	Chemical Probes Portal	subClass	0	Chemokine Receptor
P32247	Chemical Probes Portal	class	0	GPCR
P32247	Chemical Probes Portal	subClass	0	Bombesin receptor
P32745	Chemical Probes Portal	class	0	GPCR
P32745	Chemical Probes Portal	subClass	0	Somatostatin Receptor
P32745	Chemical Probes Portal	subClass	1	Somatostatin receptor
P33981	Chemical Probes Portal	class	0	Kinase
P33981	Chemical Probes Portal	subClass	0	Ser/Thr Kinase
P34913	Chemical Probes Portal	class	0	Other
P34913	Chemical Probes Portal	subClass	0	Epoxide Hydrolase 2
P34969	Chemical Probes Portal	class	0	GPCR
P34969	Chemical Probes Portal	subClass	0	Serotonin receptor
P35408	Chemical Probes Portal	class	0	GPCR
P35408	Chemical Probes Portal	subClass	0	Prostaglandin receptor
P35462	Chemical Probes Portal	class	0	GPCR
P35462	Chemical Probes Portal	subClass	0	Dopamine receptor
P35557	Chemical Probes Portal	class	0	Kinase
P35557	Chemical Probes Portal	subClass	0	Hexokinase
P35590	Chemical Probes Portal	class	0	Kinase
P35590	Chemical Probes Portal	subClass	0	TK
P35916	Chemical Probes Portal	class	0	Kinase
P35916	Chemical Probes Portal	subClass	0	Tyrosine kinase
P35968	Chemical Probes Portal	class	0	Kinase
P35968	Chemical Probes Portal	subClass	0	TK
P35968	Chemical Probes Portal	subClass	1	Tyrosine kinase
P36507	Chemical Probes Portal	class	0	Kinase
P36507	Chemical Probes Portal	subClass	0	STE
P36544	Chemical Probes Portal	class	0	Ion Channel
P36544	Chemical Probes Portal	subClass	0	Cys-Loop Receptor
P36639	Chemical Probes Portal	class	0	Epigenetic
P36639	Chemical Probes Portal	subClass	0	Nudix Hydrolase
P36888	Chemical Probes Portal	class	0	Kinase
P36888	Chemical Probes Portal	subClass	0	TK
P36896	Chemical Probes Portal	class	0	Kinase
P36896	Chemical Probes Portal	subClass	0	TKL
P36897	Chemical Probes Portal	class	0	Protein kinase
P36897	Chemical Probes Portal	class	1	Kinase
P36897	Chemical Probes Portal	subClass	0	TKL
P36969	Chemical Probes Portal	class	0	Lipid metabolism
P36969	Chemical Probes Portal	class	1	Enzyme
P36969	Chemical Probes Portal	subClass	0	Glutathione Peroxidase
P37023	Chemical Probes Portal	class	0	Kinase
P37023	Chemical Probes Portal	subClass	0	TKL
P37088	Chemical Probes Portal	class	0	Ion Channel
P37088	Chemical Probes Portal	subClass	0	Sodium channel
P37288	Chemical Probes Portal	class	0	GPCR
P37288	Chemical Probes Portal	subClass	0	Vasorepressin receptor
P37840	Chemical Probes Portal	class	0	Synoclein family
P39748	Chemical Probes Portal	class	0	Enzyme
P39748	Chemical Probes Portal	subClass	0	Endonuclease
P39900	Chemical Probes Portal	class	0	Enzyme
P39900	Chemical Probes Portal	subClass	0	Metallopeptidase
P40337	Chemical Probes Portal	class	0	Other post-translational modification
P40337	Chemical Probes Portal	subClass	0	E3 ubiquitin ligase
P40763	Chemical Probes Portal	class	0	Transcription factor
P40763	Chemical Probes Portal	subClass	0	Signal transducer and transcription activator
P41143	Chemical Probes Portal	class	0	GPCR
P41143	Chemical Probes Portal	subClass	0	Opioid Receptor
P41145	Chemical Probes Portal	class	0	GPCR
P41145	Chemical Probes Portal	subClass	0	Opioid receptor
P41145	Chemical Probes Portal	subClass	1	Opioid receptors
P41146	Chemical Probes Portal	class	0	GPCR
P41146	Chemical Probes Portal	subClass	0	Opioid receptor
P41182	Chemical Probes Portal	class	0	Transcription factor
P41182	Chemical Probes Portal	class	1	Transcriptional Factor
P41182	Chemical Probes Portal	subClass	0	Transcriptional Repressor
P41586	Chemical Probes Portal	class	0	GPCR
P41586	Chemical Probes Portal	subClass	0	PAC receptor
P41594	Chemical Probes Portal	class	0	GPCR
P41594	Chemical Probes Portal	subClass	0	Metabatropic Glutamate Receptor
P41595	Chemical Probes Portal	class	0	GPCR
P42226	Chemical Probes Portal	class	0	Transcription factor
P42226	Chemical Probes Portal	subClass	0	Signal transducer
P42330	Chemical Probes Portal	class	0	Enzyme
P42330	Chemical Probes Portal	subClass	0	Reductase
P42330	Chemical Probes Portal	subClass	1	Hydroxysteroid dehydrogenase
P42336	Chemical Probes Portal	class	0	Kinase
P42336	Chemical Probes Portal	class	1	Lipid kinase
P42336	Chemical Probes Portal	subClass	0	PI3/PI4
P42336	Chemical Probes Portal	subClass	1	Class I
P42336	Chemical Probes Portal	subClass	2	PI3/PI4-kinase
P42338	Chemical Probes Portal	class	0	Kinase
P42338	Chemical Probes Portal	class	1	Lipid kinase
P42338	Chemical Probes Portal	subClass	0	PI3/PI4
P42338	Chemical Probes Portal	subClass	1	PI3/PI4-kinase
P42345	Chemical Probes Portal	class	0	Kinase
P42345	Chemical Probes Portal	class	1	Protein kinase
P42345	Chemical Probes Portal	subClass	0	PI3/PI4
P42345	Chemical Probes Portal	subClass	1	Atypical
P42568	Chemical Probes Portal	class	0	Epigenetic
P42568	Chemical Probes Portal	subClass	0	YEATS
P43003	Chemical Probes Portal	class	0	Transporter
P43003	Chemical Probes Portal	subClass	0	Solute carrier
P43004	Chemical Probes Portal	class	0	Other
P43004	Chemical Probes Portal	subClass	0	SLC Family
P43088	Chemical Probes Portal	class	0	GPCR
P43088	Chemical Probes Portal	subClass	0	Prostaglandin F Receptor
P43116	Chemical Probes Portal	class	0	GPCR
P43116	Chemical Probes Portal	subClass	0	Prostaglandin E Receptor 2
P43119	Chemical Probes Portal	class	0	GPCR
P43119	Chemical Probes Portal	subClass	0	Prostacyclin receptor
P43235	Chemical Probes Portal	class	0	Protein metabolism
P43235	Chemical Probes Portal	subClass	0	Protease
P43354	Chemical Probes Portal	class	0	NHR
P43405	Chemical Probes Portal	class	0	Protein kinase
P43405	Chemical Probes Portal	class	1	Kinase
P43405	Chemical Probes Portal	subClass	0	TK
P43490	Chemical Probes Portal	class	0	Enzyme
P43490	Chemical Probes Portal	class	1	Epigenetic
P43490	Chemical Probes Portal	subClass	0	Nicotinamide phosphoribosyltransferase
P43490	Chemical Probes Portal	subClass	1	Phosphoribosyltransferase
P45452	Chemical Probes Portal	class	0	Protein metabolism
P45452	Chemical Probes Portal	class	1	Enzyme
P45452	Chemical Probes Portal	subClass	0	Metallopeptidase
P45452	Chemical Probes Portal	subClass	1	Peptidase
P45983	Chemical Probes Portal	class	0	Kinase
P45983	Chemical Probes Portal	subClass	0	CMGC
P45984	Chemical Probes Portal	class	0	Kinase
P45984	Chemical Probes Portal	subClass	0	CMGC
P45985	Chemical Probes Portal	class	0	Kinase
P45985	Chemical Probes Portal	subClass	0	STE
P46092	Chemical Probes Portal	class	0	GPCR
P46092	Chemical Probes Portal	subClass	0	Chemokine receptor
P46663	Chemical Probes Portal	class	0	GPCR
P46663	Chemical Probes Portal	subClass	0	BK-1
P48039	Chemical Probes Portal	class	0	GPCR
P48039	Chemical Probes Portal	subClass	0	Melatonin Receptor
P48426	Chemical Probes Portal	class	0	Kinase
P48426	Chemical Probes Portal	subClass	0	PIP family
P48426	Chemical Probes Portal	subClass	1	Lipid Kinase
P48443	Chemical Probes Portal	class	0	NHR
P48443	Chemical Probes Portal	subClass	0	Retinoic acid receptor
P48730	Chemical Probes Portal	class	0	Kinase
P48730	Chemical Probes Portal	subClass	0	CK1
P48735	Chemical Probes Portal	class	0	Enzyme
P48735	Chemical Probes Portal	subClass	0	Dehydrogenase
P48736	Chemical Probes Portal	class	0	Kinase
P48736	Chemical Probes Portal	subClass	0	PI3/PI4
P48736	Chemical Probes Portal	subClass	1	PI3/PI4-kinase
P48764	Chemical Probes Portal	class	0	Transporter
P49137	Chemical Probes Portal	class	0	Kinase
P49137	Chemical Probes Portal	subClass	0	CAMK
P49146	Chemical Probes Portal	class	0	GPCR
P49146	Chemical Probes Portal	subClass	0	Neuropeptide Y receptor Y2
P49146	Chemical Probes Portal	subClass	1	Neuropeptide Y receptor
P49286	Chemical Probes Portal	class	0	GPCR
P49286	Chemical Probes Portal	subClass	0	Melatonin Receptor
P49327	Chemical Probes Portal	class	0	Lipid metabolism
P49327	Chemical Probes Portal	class	1	Enzyme
P49327	Chemical Probes Portal	subClass	0	Synthase
P49336	Chemical Probes Portal	class	0	Kinase
P49336	Chemical Probes Portal	subClass	0	CMGC
P49356	Chemical Probes Portal	class	0	Other post-translational modification
P49356	Chemical Probes Portal	subClass	0	Transferase
P49674	Chemical Probes Portal	class	0	Kinase
P49674	Chemical Probes Portal	class	1	Protein kinase
P49674	Chemical Probes Portal	subClass	0	CK1
P49759	Chemical Probes Portal	class	0	Kinase
P49759	Chemical Probes Portal	subClass	0	CMGC
P49760	Chemical Probes Portal	class	0	Kinase
P49760	Chemical Probes Portal	subClass	0	CMGC
P49761	Chemical Probes Portal	class	0	Kinase
P49761	Chemical Probes Portal	subClass	0	CMGC
P49768	Chemical Probes Portal	class	0	Enzyme
P49768	Chemical Probes Portal	subClass	0	Gamma-Secretase Complex
P49768	Chemical Probes Portal	subClass	1	Gamma-Secretase complex
P49768	Chemical Probes Portal	subClass	2	Aspartyl protease
P49770	Chemical Probes Portal	class	0	Guanine nucleotide-exchange factor
P49840	Chemical Probes Portal	class	0	Kinase
P49840	Chemical Probes Portal	subClass	0	CMGC
P49841	Chemical Probes Portal	class	0	Kinase
P49841	Chemical Probes Portal	subClass	0	CMGC
P50053	Chemical Probes Portal	class	0	Kinase
P50053	Chemical Probes Portal	subClass	0	Carbohydrate kinase
P50053	Chemical Probes Portal	subClass	1	Sugar Kinase
P50579	Chemical Probes Portal	class	0	Enzyme
P50579	Chemical Probes Portal	subClass	0	Methionine Aminopeptidase
P50613	Chemical Probes Portal	class	0	Kinase
P50613	Chemical Probes Portal	subClass	0	CMGC
P50750	Chemical Probes Portal	class	0	Kinase
P50750	Chemical Probes Portal	subClass	0	CMGC
P51168	Chemical Probes Portal	class	0	Ion Channel
P51168	Chemical Probes Portal	subClass	0	Sodium Channel
P51170	Chemical Probes Portal	class	0	Ion Channel
P51170	Chemical Probes Portal	subClass	0	Sodium channel
P51449	Chemical Probes Portal	class	0	Transcription factor
P51449	Chemical Probes Portal	class	1	NHR
P51449	Chemical Probes Portal	subClass	0	NR1 nuclear hormone receptors
P51449	Chemical Probes Portal	subClass	1	Orphan Receptor
P51531	Chemical Probes Portal	class	0	Epigenetic
P51531	Chemical Probes Portal	subClass	0	Bromodomain
P51532	Chemical Probes Portal	class	0	Epigenetic
P51532	Chemical Probes Portal	subClass	0	Bromodomain
P51617	Chemical Probes Portal	class	0	Kinase
P51617	Chemical Probes Portal	subClass	0	TKL
P51681	Chemical Probes Portal	class	0	GPCR
P51681	Chemical Probes Portal	subClass	0	Chemokine receptor
P51692	Chemical Probes Portal	class	0	Transcription factor
P51692	Chemical Probes Portal	subClass	0	Signal transducer and transcription activator
P51787	Chemical Probes Portal	class	0	Ion Channel
P51787	Chemical Probes Portal	subClass	0	Potassium Channel
P51788	Chemical Probes Portal	class	0	Ion Channel
P51788	Chemical Probes Portal	subClass	0	Chloride channel
P51812	Chemical Probes Portal	class	0	Protein kinase
P51812	Chemical Probes Portal	class	1	Kinase
P51812	Chemical Probes Portal	subClass	0	AGC
P51813	Chemical Probes Portal	class	0	Protein kinase
P51813	Chemical Probes Portal	subClass	0	TK
P51955	Chemical Probes Portal	class	0	Protein kinase
P51955	Chemical Probes Portal	subClass	0	Ser/Thr Protein Kinase
P52333	Chemical Probes Portal	class	0	Kinase
P52333	Chemical Probes Portal	subClass	0	TK
P52333	Chemical Probes Portal	subClass	1	Tyrosine kinase
P52732	Chemical Probes Portal	class	0	Motor protein
P52732	Chemical Probes Portal	subClass	0	Kinesin family
P53350	Chemical Probes Portal	class	0	Kinase
P53350	Chemical Probes Portal	subClass	0	Other
P53667	Chemical Probes Portal	class	0	Kinase
P53667	Chemical Probes Portal	subClass	0	TKL
P53671	Chemical Probes Portal	class	0	Kinase
P53671	Chemical Probes Portal	subClass	0	TKL
P53779	Chemical Probes Portal	class	0	Kinase
P53779	Chemical Probes Portal	subClass	0	CMGC
P53985	Chemical Probes Portal	class	0	Transporter
P53985	Chemical Probes Portal	class	1	Solute carrier
P53985	Chemical Probes Portal	subClass	0	Solute carrier
P53985	Chemical Probes Portal	subClass	1	Monocarboxylate porter
P54687	Chemical Probes Portal	class	0	Enzyme
P54687	Chemical Probes Portal	subClass	0	Amino acid transaminase
P54750	Chemical Probes Portal	class	0	Enzyme
P54750	Chemical Probes Portal	subClass	0	Phosphodiesterase
P55055	Chemical Probes Portal	class	0	NHR
P55055	Chemical Probes Portal	subClass	0	NR1 Subfamily
P55072	Chemical Probes Portal	class	0	ATPase
P55072	Chemical Probes Portal	class	1	Enzyme
P55072	Chemical Probes Portal	subClass	0	AAA+
P55072	Chemical Probes Portal	subClass	1	ATPase
P55201	Chemical Probes Portal	class	0	Epigenetic
P55201	Chemical Probes Portal	subClass	0	Bromodomain
P56373	Chemical Probes Portal	class	0	GPCR
P56373	Chemical Probes Portal	subClass	0	Purinoceptor
P56817	Chemical Probes Portal	class	0	Enzyme
P56817	Chemical Probes Portal	subClass	0	Protease
P56817	Chemical Probes Portal	subClass	1	Peptidase
P57059	Chemical Probes Portal	class	0	Kinase
P57059	Chemical Probes Portal	subClass	0	CAMK
P57789	Chemical Probes Portal	class	0	Ion Channel
P57789	Chemical Probes Portal	subClass	0	Potassium channel
P57789	Chemical Probes Portal	subClass	1	Potassium Channel
P58397	Chemical Probes Portal	class	0	Enzyme
P58397	Chemical Probes Portal	subClass	0	Disintegrin
P61619	Chemical Probes Portal	class	0	Integral membrane protein
P61619	Chemical Probes Portal	subClass	0	General secrectory pathway
P61964	Chemical Probes Portal	class	0	Structural protein
P61964	Chemical Probes Portal	class	1	WD repeat
P61964	Chemical Probes Portal	class	2	WD40 Repeat
P61964	Chemical Probes Portal	subClass	0	WD40-repeat proteins
P61964	Chemical Probes Portal	subClass	1	WD40 repeat
P62942	Chemical Probes Portal	class	0	Other
P62942	Chemical Probes Portal	subClass	0	Immunophilin Protein Family
P63267	Chemical Probes Portal	class	0	Structural protein
P63267	Chemical Probes Portal	subClass	0	Cytoskeleton
P68400	Chemical Probes Portal	class	0	Kinase
P68400	Chemical Probes Portal	subClass	0	Ser/Thr kinase
P68400	Chemical Probes Portal	subClass	1	CMGC
P78356	Chemical Probes Portal	class	0	Kinase
P78356	Chemical Probes Portal	subClass	0	Lipid Kinase
P78362	Chemical Probes Portal	class	0	Kinase
P78362	Chemical Probes Portal	subClass	0	CMGC
P78527	Chemical Probes Portal	class	0	Kinase
P78527	Chemical Probes Portal	subClass	0	PI3/PI4
P80192	Chemical Probes Portal	class	0	Kinase
P80192	Chemical Probes Portal	subClass	0	TKL
Q00534	Chemical Probes Portal	class	0	Kinase
Q00534	Chemical Probes Portal	subClass	0	CMGC
Q00535	Chemical Probes Portal	class	0	Kinase
Q00535	Chemical Probes Portal	subClass	0	CMGC
Q00536	Chemical Probes Portal	class	0	Kinase
Q00536	Chemical Probes Portal	subClass	0	CMGC
Q00537	Chemical Probes Portal	class	0	Kinase
Q00537	Chemical Probes Portal	subClass	0	CMGC
Q00987	Chemical Probes Portal	class	0	Other post-translational modification
Q00987	Chemical Probes Portal	class	1	Enzyme
Q00987	Chemical Probes Portal	class	2	Post translational modifications
Q00987	Chemical Probes Portal	subClass	0	E3 ubiquitin ligase
Q00987	Chemical Probes Portal	subClass	1	Ubiquitin Ligase
Q00987	Chemical Probes Portal	subClass	2	Ligase
Q01064	Chemical Probes Portal	class	0	Enzyme
Q01064	Chemical Probes Portal	subClass	0	Phosphodiesterase
Q01718	Chemical Probes Portal	class	0	GPCR
Q01718	Chemical Probes Portal	subClass	0	Adrenocorticotropic hormone receptor
Q02127	Chemical Probes Portal	class	0	Enzyme
Q02127	Chemical Probes Portal	subClass	0	Class 2 Dihydroorotate dehydrogenase
Q02750	Chemical Probes Portal	class	0	Kinase
Q02750	Chemical Probes Portal	subClass	0	STE
Q02763	Chemical Probes Portal	class	0	Protein kinase
Q02763	Chemical Probes Portal	class	1	Kinase
Q02763	Chemical Probes Portal	subClass	0	TK
Q02779	Chemical Probes Portal	class	0	Kinase
Q02779	Chemical Probes Portal	subClass	0	TKL
Q03111	Chemical Probes Portal	class	0	Epigenetic
Q03111	Chemical Probes Portal	subClass	0	YEATS
Q03164	Chemical Probes Portal	class	0	Epigenetic
Q03164	Chemical Probes Portal	subClass	0	Protein methyltransferase
Q03181	Chemical Probes Portal	class	0	Nuclear Hormone Receptor
Q03181	Chemical Probes Portal	subClass	0	Nuclear Receptor 1C2
Q04771	Chemical Probes Portal	class	0	Kinase
Q04771	Chemical Probes Portal	subClass	0	TKL
Q04912	Chemical Probes Portal	class	0	Kinase
Q04912	Chemical Probes Portal	subClass	0	TK
Q05397	Chemical Probes Portal	class	0	Kinase
Q05397	Chemical Probes Portal	subClass	0	TK
Q05397	Chemical Probes Portal	subClass	1	Tyr kinase
Q05469	Chemical Probes Portal	class	0	Enzyme
Q05469	Chemical Probes Portal	subClass	0	Lipase
Q06124	Chemical Probes Portal	class	0	Enzyme
Q06124	Chemical Probes Portal	subClass	0	Protein-tyrosine phosphatase
Q06187	Chemical Probes Portal	class	0	Kinase
Q06187	Chemical Probes Portal	class	1	Protein kinase
Q06187	Chemical Probes Portal	subClass	0	TK
Q06187	Chemical Probes Portal	subClass	1	Tyrosin Kinase
Q06187	Chemical Probes Portal	subClass	2	Tyr kinase
Q06495	Chemical Probes Portal	class	0	Transporter
Q06495	Chemical Probes Portal	subClass	0	SLC Family
Q07002	Chemical Probes Portal	class	0	Kinase
Q07002	Chemical Probes Portal	subClass	0	CMGC
Q07343	Chemical Probes Portal	class	0	Nucleic acid metabolism
Q07343	Chemical Probes Portal	subClass	0	Phosphodiesterase
Q07817	Chemical Probes Portal	class	0	Other
Q07817	Chemical Probes Portal	subClass	0	Apoptosis Regulator
Q07817	Chemical Probes Portal	subClass	1	Apoptosis regulator
Q07820	Chemical Probes Portal	class	0	Other
Q07820	Chemical Probes Portal	subClass	0	BCL2 family
Q07869	Chemical Probes Portal	class	0	Nuclear Hormone Receptor
Q07869	Chemical Probes Portal	subClass	0	Nuclear receptor 1C1
Q07889	Chemical Probes Portal	class	0	Enzyme
Q07889	Chemical Probes Portal	subClass	0	Nucleotide exchange factor
Q07889	Chemical Probes Portal	subClass	1	Nucleotide
Q07912	Chemical Probes Portal	class	0	Protein kinase
Q07912	Chemical Probes Portal	subClass	0	TK
Q08211	Chemical Probes Portal	class	0	Enzyme
Q08211	Chemical Probes Portal	subClass	0	Helicase
Q08345	Chemical Probes Portal	class	0	Kinase
Q08345	Chemical Probes Portal	class	1	Protein kinase
Q08345	Chemical Probes Portal	subClass	0	TK
Q08345	Chemical Probes Portal	subClass	1	Tyrosine kinase
Q08345	Chemical Probes Portal	subClass	2	CMGC
Q08881	Chemical Probes Portal	class	0	Kinase
Q08881	Chemical Probes Portal	subClass	0	TK
Q08881	Chemical Probes Portal	subClass	1	Tyr kinase
Q09428	Chemical Probes Portal	class	0	Ion Channel
Q09428	Chemical Probes Portal	subClass	0	Potassium channel
Q09472	Chemical Probes Portal	class	0	Epigenetic
Q09472	Chemical Probes Portal	subClass	0	Bromodomain
Q09472	Chemical Probes Portal	subClass	1	Histone acetyl transferase
Q10469	Chemical Probes Portal	class	0	Other post-translational modification
Q10469	Chemical Probes Portal	subClass	0	N-acetylglucosaminyltransferase
Q12830	Chemical Probes Portal	class	0	Epigenetic
Q12830	Chemical Probes Portal	subClass	0	Bromodomain
Q12852	Chemical Probes Portal	class	0	Protein kinase
Q12852	Chemical Probes Portal	class	1	Kinase
Q12852	Chemical Probes Portal	subClass	0	STE
Q12866	Chemical Probes Portal	class	0	Kinase
Q12866	Chemical Probes Portal	subClass	0	Tyrosine kinase
Q12866	Chemical Probes Portal	subClass	1	TK
Q12879	Chemical Probes Portal	class	0	Ion Channel
Q12879	Chemical Probes Portal	subClass	0	Glutamate receptor
Q12879	Chemical Probes Portal	subClass	1	glutamate-gated ion channel
Q13085	Chemical Probes Portal	class	0	Enzyme
Q13131	Chemical Probes Portal	class	0	Kinase
Q13131	Chemical Probes Portal	subClass	0	CAMK
Q13133	Chemical Probes Portal	class	0	NHR
Q13133	Chemical Probes Portal	subClass	0	NR1 Subfamily
Q13153	Chemical Probes Portal	class	0	Protein kinase
Q13153	Chemical Probes Portal	class	1	Kinase
Q13153	Chemical Probes Portal	subClass	0	STE
Q13163	Chemical Probes Portal	class	0	Protein kinase
Q13163	Chemical Probes Portal	subClass	0	STE
Q13164	Chemical Probes Portal	class	0	Kinase
Q13164	Chemical Probes Portal	class	1	Protein kinase
Q13164	Chemical Probes Portal	subClass	0	CMGC
Q13177	Chemical Probes Portal	class	0	Protein kinase
Q13177	Chemical Probes Portal	subClass	0	STE
Q13191	Chemical Probes Portal	class	0	Enzyme
Q13191	Chemical Probes Portal	subClass	0	Ubiquitin Ligase
Q13315	Chemical Probes Portal	class	0	Protein kinase
Q13315	Chemical Probes Portal	class	1	Kinase
Q13315	Chemical Probes Portal	subClass	0	Atypical
Q13315	Chemical Probes Portal	subClass	1	PI3/PI4
Q13393	Chemical Probes Portal	class	0	Enzyme
Q13393	Chemical Probes Portal	subClass	0	Phospholipase
Q13422	Chemical Probes Portal	class	0	Transcription factor
Q13422	Chemical Probes Portal	subClass	0	Zinc finger
Q13451	Chemical Probes Portal	class	0	Enzyme
Q13451	Chemical Probes Portal	subClass	0	Prolyl isomerase
Q13464	Chemical Probes Portal	class	0	Kinase
Q13464	Chemical Probes Portal	subClass	0	AGC
Q13526	Chemical Probes Portal	class	0	Enzyme
Q13526	Chemical Probes Portal	subClass	0	Isomerase
Q13535	Chemical Probes Portal	class	0	Kinase
Q13535	Chemical Probes Portal	class	1	Protein kinase
Q13535	Chemical Probes Portal	subClass	0	PI3/PI4
Q13535	Chemical Probes Portal	subClass	1	Atypical
Q13546	Chemical Probes Portal	class	0	Kinase
Q13546	Chemical Probes Portal	subClass	0	TKL
Q13547	Chemical Probes Portal	class	0	Epigenetic
Q13547	Chemical Probes Portal	subClass	0	HDAC
Q13574	Chemical Probes Portal	class	0	Kinase
Q13574	Chemical Probes Portal	subClass	0	Lipid kinase
Q13627	Chemical Probes Portal	class	0	Kinase
Q13627	Chemical Probes Portal	subClass	0	CMGC
Q13822	Chemical Probes Portal	class	0	Other
Q13822	Chemical Probes Portal	class	1	Enzyme
Q13822	Chemical Probes Portal	subClass	0	Phosphodiesterase
Q13822	Chemical Probes Portal	subClass	1	pyrophosphatase/phosphodiesterase
Q13822	Chemical Probes Portal	subClass	2	nucleotide pyrophosphatase/phosphodiesterase; lysophospholipase
Q13822	Chemical Probes Portal	subClass	3	Autotaxin
Q13873	Chemical Probes Portal	class	0	Kinase
Q13873	Chemical Probes Portal	subClass	0	TKL
Q13882	Chemical Probes Portal	class	0	Kinase
Q13882	Chemical Probes Portal	subClass	0	Tyr Kinase
Q14004	Chemical Probes Portal	class	0	Kinase
Q14004	Chemical Probes Portal	subClass	0	CMGC
Q14123	Chemical Probes Portal	class	0	Enzyme
Q14123	Chemical Probes Portal	subClass	0	Phosphodiesterase
Q14145	Chemical Probes Portal	class	0	Other post-translational modification
Q14145	Chemical Probes Portal	subClass	0	KEAP1 family
Q14145	Chemical Probes Portal	subClass	1	Protein ubiquitination
Q14164	Chemical Probes Portal	class	0	Kinase
Q14164	Chemical Probes Portal	subClass	0	Ser/Thr Protein Kinase
Q14191	Chemical Probes Portal	class	0	Enzyme
Q14191	Chemical Probes Portal	subClass	0	Helicase
Q14289	Chemical Probes Portal	class	0	Kinase
Q14289	Chemical Probes Portal	subClass	0	TK
Q14432	Chemical Probes Portal	class	0	Enzyme
Q14432	Chemical Probes Portal	subClass	0	Phosphodiesterase
Q14654	Chemical Probes Portal	class	0	Ion Channel
Q14654	Chemical Probes Portal	subClass	0	Potassium channel
Q14680	Chemical Probes Portal	class	0	Kinase
Q14680	Chemical Probes Portal	subClass	0	CAMK
Q14833	Chemical Probes Portal	class	0	GPCR
Q14833	Chemical Probes Portal	subClass	0	Glutamate receptor
Q15022	Chemical Probes Portal	class	0	Epigenetic
Q15047	Chemical Probes Portal	class	0	Enzyme
Q15047	Chemical Probes Portal	subClass	0	methyltransferase
Q15047	Chemical Probes Portal	subClass	1	Methyltransferase
Q15059	Chemical Probes Portal	class	0	Epigenetic
Q15059	Chemical Probes Portal	subClass	0	Bromodomain
Q15131	Chemical Probes Portal	class	0	Kinase
Q15131	Chemical Probes Portal	subClass	0	CMGC
Q15233	Chemical Probes Portal	class	0	DNA Binding
Q15349	Chemical Probes Portal	class	0	Kinase
Q15349	Chemical Probes Portal	subClass	0	AGC
Q15391	Chemical Probes Portal	class	0	GPCR
Q15391	Chemical Probes Portal	subClass	0	Purinergic Receptor
Q15418	Chemical Probes Portal	class	0	Kinase
Q15418	Chemical Probes Portal	subClass	0	AGC
Q15418	Chemical Probes Portal	subClass	1	CAMK
Q15438	Chemical Probes Portal	class	0	Cytohesin
Q15561	Chemical Probes Portal	class	0	Epigenetic
Q15561	Chemical Probes Portal	subClass	0	Transcription factor
Q15561	Chemical Probes Portal	subClass	1	Transcription Factor
Q15562	Chemical Probes Portal	class	0	Epigenetic
Q15562	Chemical Probes Portal	subClass	0	Transcription factor
Q15562	Chemical Probes Portal	subClass	1	Transcription Factor
Q15717	Chemical Probes Portal	class	0	Other
Q15717	Chemical Probes Portal	subClass	0	RNA Binding Protein
Q15743	Chemical Probes Portal	class	0	GPCR
Q15743	Chemical Probes Portal	subClass	0	Proton Sensing GPCR
Q15759	Chemical Probes Portal	class	0	Kinase
Q15759	Chemical Probes Portal	subClass	0	CMGC
Q15825	Chemical Probes Portal	class	0	Ion Channel
Q15825	Chemical Probes Portal	subClass	0	Nicotinic Acetylcholine Receptor
Q15858	Chemical Probes Portal	class	0	Ion Channel
Q15858	Chemical Probes Portal	subClass	0	Sodium Voltage-Gated Channel
Q15910	Chemical Probes Portal	class	0	Epigenetic
Q15910	Chemical Probes Portal	subClass	0	Protein methyltransferase
Q15910	Chemical Probes Portal	subClass	1	Methyltransferase
Q16288	Chemical Probes Portal	class	0	Kinase
Q16288	Chemical Probes Portal	subClass	0	TK
Q16288	Chemical Probes Portal	subClass	1	Tyrosine kinase
Q16288	Chemical Probes Portal	subClass	2	Tyr kinase
Q16539	Chemical Probes Portal	class	0	Kinase
Q16539	Chemical Probes Portal	class	1	Protein kinase
Q16539	Chemical Probes Portal	subClass	0	CMGC
Q16584	Chemical Probes Portal	class	0	Kinase
Q16584	Chemical Probes Portal	subClass	0	TKL
Q16620	Chemical Probes Portal	class	0	Kinase
Q16620	Chemical Probes Portal	subClass	0	TK
Q16620	Chemical Probes Portal	subClass	1	Tyrosine kinase
Q16620	Chemical Probes Portal	subClass	2	Tyr kinase
Q16739	Chemical Probes Portal	class	0	Enzyme
Q16739	Chemical Probes Portal	subClass	0	Glycosyltransferase
Q16832	Chemical Probes Portal	class	0	Kinase
Q16832	Chemical Probes Portal	subClass	0	TK
Q16832	Chemical Probes Portal	subClass	1	Tyrosine kinase
Q16832	Chemical Probes Portal	subClass	2	CMGC
Q2M2I8	Chemical Probes Portal	class	0	Kinase
Q2M2I8	Chemical Probes Portal	subClass	0	Ser/Thr kinase
Q2NL67	Chemical Probes Portal	class	0	Other post-translational modification
Q2NL67	Chemical Probes Portal	subClass	0	PARP
Q4FZB7	Chemical Probes Portal	class	0	Epigenetic
Q4FZB7	Chemical Probes Portal	subClass	0	Protein methyltransferase
Q56A73	Chemical Probes Portal	class	0	Epigenetic
Q56A73	Chemical Probes Portal	subClass	0	Chromatin Regulator
Q58F21	Chemical Probes Portal	class	0	Epigenetic
Q58F21	Chemical Probes Portal	subClass	0	Bromodomain
Q5BJF2	Chemical Probes Portal	class	0	Orphan receptor
Q5BJF2	Chemical Probes Portal	subClass	0	Sigma receptor
Q5JUX0	Chemical Probes Portal	class	0	Epigenetic
Q5JUX0	Chemical Probes Portal	subClass	0	Chromatin Regulator
Q5NUL3	Chemical Probes Portal	class	0	GPCR
Q5NUL3	Chemical Probes Portal	subClass	0	Free fatty acid receptor
Q5S007	Chemical Probes Portal	class	0	Protein kinase
Q5S007	Chemical Probes Portal	class	1	Kinase
Q5S007	Chemical Probes Portal	subClass	0	TKL
Q5TCY1	Chemical Probes Portal	class	0	Kinase
Q5TCY1	Chemical Probes Portal	subClass	0	CK1
Q5VST6	Chemical Probes Portal	class	0	Other post-translational modification
Q5VST6	Chemical Probes Portal	subClass	0	Depalmitoylase
Q5VTY9	Chemical Probes Portal	class	0	Other post-translational modification
Q5VTY9	Chemical Probes Portal	subClass	0	O-acyltransferase
Q6B0I6	Chemical Probes Portal	class	0	Epigenetic
Q6B0I6	Chemical Probes Portal	subClass	0	Histone demethylase
Q6GMR7	Chemical Probes Portal	class	0	Enzyme
Q6GMR7	Chemical Probes Portal	subClass	0	Amidase
Q6IQ55	Chemical Probes Portal	class	0	Kinase
Q6IQ55	Chemical Probes Portal	subClass	0	CK1
Q6P2P2	Chemical Probes Portal	class	0	Epigenetic
Q6P2P2	Chemical Probes Portal	subClass	0	Methyltransferase
Q6P5Z2	Chemical Probes Portal	class	0	Kinase
Q6P5Z2	Chemical Probes Portal	subClass	0	AGC
Q6P6C2	Chemical Probes Portal	class	0	Enzyme
Q6P6C2	Chemical Probes Portal	subClass	0	Dioxygenase
Q6PL18	Chemical Probes Portal	class	0	Epigenetic
Q6PL18	Chemical Probes Portal	subClass	0	ATPase
Q6PL18	Chemical Probes Portal	subClass	1	Bromodomain
Q6V1X1	Chemical Probes Portal	class	0	Enzyme
Q6V1X1	Chemical Probes Portal	subClass	0	Peptidase
Q6W5P4	Chemical Probes Portal	class	0	GPCR
Q6W5P4	Chemical Probes Portal	subClass	0	Neuropeptide S Receptor
Q70CQ3	Chemical Probes Portal	class	0	Enzyme
Q70CQ3	Chemical Probes Portal	subClass	0	Peptidase
Q7L0J3	Chemical Probes Portal	class	0	Transporter
Q7L0J3	Chemical Probes Portal	subClass	0	Glycoprotein
Q7L7X3	Chemical Probes Portal	class	0	Kinase
Q7L7X3	Chemical Probes Portal	subClass	0	STE
Q7LBE3	Chemical Probes Portal	class	0	Ion Channel
Q7LBE3	Chemical Probes Portal	subClass	0	Solute carrier
Q7Z2W7	Chemical Probes Portal	class	0	Ion Channel
Q7Z2W7	Chemical Probes Portal	subClass	0	Cation Channel
Q7Z3E1	Chemical Probes Portal	class	0	Other post-translational modification
Q7Z3E1	Chemical Probes Portal	subClass	0	PARP
Q7Z5P4	Chemical Probes Portal	class	0	Enzyme
Q7Z5P4	Chemical Probes Portal	subClass	0	SDR
Q86TI2	Chemical Probes Portal	class	0	Enzyme
Q86TI2	Chemical Probes Portal	subClass	0	Peptidase
Q86U44	Chemical Probes Portal	class	0	Epigenetic
Q86U44	Chemical Probes Portal	subClass	0	Methyltransferase
Q86U86	Chemical Probes Portal	class	0	Epigenetic
Q86U86	Chemical Probes Portal	subClass	0	Bromodomain
Q86V86	Chemical Probes Portal	class	0	Kinase
Q86V86	Chemical Probes Portal	subClass	0	CAMK
Q86VF5	Chemical Probes Portal	class	0	Enzyme
Q86VF5	Chemical Probes Portal	subClass	0	Acyltransferase
Q86W56	Chemical Probes Portal	class	0	DNA replication & repair enzyme
Q86W56	Chemical Probes Portal	subClass	0	Glycohydrolase
Q86WV6	Chemical Probes Portal	class	0	Transmembrane protein
Q86WV6	Chemical Probes Portal	subClass	0	STING family
Q86X55	Chemical Probes Portal	class	0	Epigenetic
Q86X55	Chemical Probes Portal	subClass	0	Methyltransferase
Q86X55	Chemical Probes Portal	subClass	1	Protein methyltransferase
Q86Y97	Chemical Probes Portal	class	0	Epigenetic
Q86Y97	Chemical Probes Portal	subClass	0	Protein methyltransferase
Q86YT5	Chemical Probes Portal	class	0	Transporter
Q86YT5	Chemical Probes Portal	subClass	0	Solute transporter
Q86YV6	Chemical Probes Portal	class	0	Kinase
Q86YV6	Chemical Probes Portal	subClass	0	CAMK
Q8IU85	Chemical Probes Portal	class	0	Kinase
Q8IU85	Chemical Probes Portal	subClass	0	CAMK
Q8IVV7	Chemical Probes Portal	class	0	E3 Ligase
Q8IXJ6	Chemical Probes Portal	class	0	Epigenetic
Q8IXJ6	Chemical Probes Portal	subClass	0	HDAC (Class III)
Q8IYD1	Chemical Probes Portal	class	0	Translation Termination Factor
Q8IYT8	Chemical Probes Portal	class	0	Kinase
Q8IYT8	Chemical Probes Portal	subClass	0	Autophagy Activating Kinases
Q8IZX4	Chemical Probes Portal	class	0	Epigenetic
Q8IZX4	Chemical Probes Portal	subClass	0	Bromodomain
Q8N2K0	Chemical Probes Portal	class	0	Lipid metabolism
Q8N2K0	Chemical Probes Portal	subClass	0	Serine Esterase
Q8N568	Chemical Probes Portal	class	0	Kinase
Q8N568	Chemical Probes Portal	subClass	0	CAMK
Q8N5S9	Chemical Probes Portal	class	0	Kinase
Q8N5S9	Chemical Probes Portal	subClass	0	Other STK
Q8N5S9	Chemical Probes Portal	subClass	1	Other
Q8N884	Chemical Probes Portal	class	0	Enzyme
Q8N884	Chemical Probes Portal	subClass	0	Synthase
Q8NB16	Chemical Probes Portal	class	0	Kinase
Q8NB16	Chemical Probes Portal	subClass	0	Other kinase
Q8NCG7	Chemical Probes Portal	class	0	Enzyme
Q8NCG7	Chemical Probes Portal	subClass	0	Lipase
Q8NEB9	Chemical Probes Portal	class	0	Kinase
Q8NEB9	Chemical Probes Portal	subClass	0	PI3/PI4 Kinase
Q8NEB9	Chemical Probes Portal	subClass	1	PI3/PI4-kinase family
Q8NEB9	Chemical Probes Portal	subClass	2	PI3/PI4
Q8NER1	Chemical Probes Portal	class	0	Ion Channel
Q8TAF3	Chemical Probes Portal	class	0	Other post-translational modification
Q8TAF3	Chemical Probes Portal	subClass	0	Deubiquitinase
Q8TBC4	Chemical Probes Portal	class	0	Enzyme
Q8TBC4	Chemical Probes Portal	class	1	Other post-translational modification
Q8TBC4	Chemical Probes Portal	subClass	0	Ubiquitin-conjugating enzyme
Q8TBX8	Chemical Probes Portal	class	0	Kinase
Q8TBX8	Chemical Probes Portal	subClass	0	Phosphatidylinositol Kinase
Q8TBX8	Chemical Probes Portal	subClass	1	Lipid kinase
Q8TBX8	Chemical Probes Portal	subClass	2	Lipid Kinase
Q8TDX5	Chemical Probes Portal	class	0	Enzyme
Q8TDX5	Chemical Probes Portal	subClass	0	Carboxylase
Q8TDX7	Chemical Probes Portal	class	0	Kinase
Q8TDX7	Chemical Probes Portal	subClass	0	Ser/Thr Kinase
Q8TE04	Chemical Probes Portal	class	0	Kinase
Q8TE04	Chemical Probes Portal	subClass	0	Pantothenate kinase
Q8TEK3	Chemical Probes Portal	class	0	Epigenetic
Q8TEK3	Chemical Probes Portal	subClass	0	Protein methyltransferase
Q8WTS6	Chemical Probes Portal	class	0	Epigenetic
Q8WTS6	Chemical Probes Portal	subClass	0	Protein methyltransferase
Q8WYB5	Chemical Probes Portal	class	0	Epigenetic
Q8WYB5	Chemical Probes Portal	subClass	0	MYST family
Q92633	Chemical Probes Portal	class	0	GPCR
Q92769	Chemical Probes Portal	class	0	Epigenetic
Q92769	Chemical Probes Portal	subClass	0	HDAC
Q92793	Chemical Probes Portal	class	0	Epigenetic
Q92793	Chemical Probes Portal	subClass	0	Bromodomain
Q92793	Chemical Probes Portal	subClass	1	Histone acetyltransferase
Q92794	Chemical Probes Portal	class	0	Epigenetic
Q92794	Chemical Probes Portal	class	1	Other
Q92794	Chemical Probes Portal	subClass	0	MYST family
Q92794	Chemical Probes Portal	subClass	1	Lysine Acetyltransferase
Q92800	Chemical Probes Portal	class	0	Epigenetic
Q92800	Chemical Probes Portal	subClass	0	Protein methyltransferase
Q92830	Chemical Probes Portal	class	0	Epigenetic
Q92830	Chemical Probes Portal	subClass	0	Bromodomain
Q92831	Chemical Probes Portal	class	0	Epigenetic
Q92831	Chemical Probes Portal	subClass	0	Bromodomain
Q92918	Chemical Probes Portal	class	0	Kinase
Q92918	Chemical Probes Portal	subClass	0	STE
Q93009	Chemical Probes Portal	class	0	Enzyme
Q93009	Chemical Probes Portal	subClass	0	Peptidase
Q969F8	Chemical Probes Portal	class	0	GPCR
Q969F8	Chemical Probes Portal	subClass	0	KISS 1 Receptor
Q969S8	Chemical Probes Portal	class	0	Enzyme
Q969S8	Chemical Probes Portal	class	1	Epigenetic
Q969S8	Chemical Probes Portal	subClass	0	Deacetylase
Q969S8	Chemical Probes Portal	subClass	1	Histone Deacetylase
Q969S8	Chemical Probes Portal	subClass	2	HDAC
Q96BR1	Chemical Probes Portal	class	0	Kinase
Q96BR1	Chemical Probes Portal	subClass	0	AGC
Q96GD4	Chemical Probes Portal	class	0	Kinase
Q96GD4	Chemical Probes Portal	subClass	0	cell cycle-regulated kinase
Q96GD4	Chemical Probes Portal	subClass	1	Ser/Thr kinase
Q96GD4	Chemical Probes Portal	subClass	2	Ser/Thr Kinase
Q96GX5	Chemical Probes Portal	class	0	Kinase
Q96GX5	Chemical Probes Portal	subClass	0	AGC
Q96JM7	Chemical Probes Portal	class	0	Epigenetic
Q96JM7	Chemical Probes Portal	subClass	0	Malignant brain tumor Reader
Q96KQ7	Chemical Probes Portal	class	0	Epigenetic
Q96KQ7	Chemical Probes Portal	subClass	0	Protein methyltransferase
Q96KQ7	Chemical Probes Portal	subClass	1	Methyltransferase
Q96LA8	Chemical Probes Portal	class	0	Epigenetic
Q96LA8	Chemical Probes Portal	subClass	0	Protein methyltransferase
Q96LA8	Chemical Probes Portal	subClass	1	Methyltransferase
Q96LB1	Chemical Probes Portal	class	0	GPCR
Q96LB1	Chemical Probes Portal	subClass	0	Mast cell-specific receptor
Q96P20	Chemical Probes Portal	class	0	Other
Q96P20	Chemical Probes Portal	class	1	Inflammasome
Q96P20	Chemical Probes Portal	class	2	NLRP family
Q96P20	Chemical Probes Portal	subClass	0	NACHT, LRR and PYD domains-containing Protein
Q96PD7	Chemical Probes Portal	class	0	Enzyme
Q96PD7	Chemical Probes Portal	subClass	0	Acyltransferase
Q96PN6	Chemical Probes Portal	class	0	Enzyme
Q96PN6	Chemical Probes Portal	subClass	0	Adenylyl Cyclase
Q96PN6	Chemical Probes Portal	subClass	1	Cyclase
Q96Q15	Chemical Probes Portal	class	0	Kinase
Q96Q15	Chemical Probes Portal	subClass	0	PI3/PI4
Q96Q40	Chemical Probes Portal	class	0	Kinase
Q96Q40	Chemical Probes Portal	subClass	0	CMGC
Q96RI1	Chemical Probes Portal	class	0	Transcription factor
Q96RI1	Chemical Probes Portal	subClass	0	Nuclear Receptor
Q96RR4	Chemical Probes Portal	class	0	Kinase
Q96RR4	Chemical Probes Portal	subClass	0	Other STK
Q96RR4	Chemical Probes Portal	subClass	1	Other
Q96SB4	Chemical Probes Portal	class	0	Kinase
Q96SB4	Chemical Probes Portal	subClass	0	CMGC
Q96SW2	Chemical Probes Portal	class	0	Other post-translational modification
Q96SW2	Chemical Probes Portal	class	1	post-translational modification
Q96SW2	Chemical Probes Portal	class	2	Post-translational
Q96SW2	Chemical Probes Portal	subClass	0	E3 Ligase
Q99418	Chemical Probes Portal	class	0	Cytohesin
Q99527	Chemical Probes Portal	class	0	GPCR
Q99538	Chemical Probes Portal	class	0	Enzyme
Q99538	Chemical Probes Portal	subClass	0	Endopeptidase
Q99558	Chemical Probes Portal	class	0	Kinase
Q99558	Chemical Probes Portal	subClass	0	STE
Q99571	Chemical Probes Portal	class	0	Ion Channel
Q99571	Chemical Probes Portal	subClass	0	ATP Receptor
Q99572	Chemical Probes Portal	class	0	Ion Channel
Q99572	Chemical Probes Portal	subClass	0	P2X Family
Q99594	Chemical Probes Portal	class	0	Epigenetic
Q99594	Chemical Probes Portal	subClass	0	Transcription factor
Q99594	Chemical Probes Portal	subClass	1	Transcription Factor
Q99640	Chemical Probes Portal	class	0	Kinase
Q99640	Chemical Probes Portal	subClass	0	Ser/Thr kinase
Q99643	Chemical Probes Portal	class	0	Other
Q99643	Chemical Probes Portal	subClass	0	TCA cycle
Q99685	Chemical Probes Portal	class	0	Enzyme
Q99685	Chemical Probes Portal	subClass	0	Lipase
Q99814	Chemical Probes Portal	class	0	Transcription factor
Q99814	Chemical Probes Portal	subClass	0	Hypoxia-Inducible Factor
Q99865	Chemical Probes Portal	class	0	Epigenetic
Q99865	Chemical Probes Portal	subClass	0	Chromatin Regulator
Q99873	Chemical Probes Portal	class	0	Epigenetic
Q99873	Chemical Probes Portal	subClass	0	Protein methyltransferase
Q9BPZ2	Chemical Probes Portal	class	0	Epigenetic
Q9BPZ2	Chemical Probes Portal	subClass	0	Chromatin Regulator
Q9BUB5	Chemical Probes Portal	class	0	Kinase
Q9BUB5	Chemical Probes Portal	subClass	0	CAMK
Q9BV23	Chemical Probes Portal	class	0	Enzyme
Q9BV23	Chemical Probes Portal	subClass	0	Lipase
Q9BVS4	Chemical Probes Portal	class	0	Kinase
Q9BVS4	Chemical Probes Portal	subClass	0	RIO Type
Q9BVS4	Chemical Probes Portal	subClass	1	RIO type
Q9BWU1	Chemical Probes Portal	class	0	Kinase
Q9BWU1	Chemical Probes Portal	subClass	0	CMGC
Q9BXF3	Chemical Probes Portal	class	0	Epigenetic
Q9BXF3	Chemical Probes Portal	subClass	0	Bromodomain
Q9BY41	Chemical Probes Portal	class	0	Epigenetic
Q9BY41	Chemical Probes Portal	subClass	0	HDAC
Q9BY41	Chemical Probes Portal	subClass	1	Histone deacetylase
Q9BYW2	Chemical Probes Portal	class	0	Epigenetic
Q9BYW2	Chemical Probes Portal	subClass	0	Histone Methyltransferase
Q9BZ23	Chemical Probes Portal	class	0	Kinase
Q9BZ23	Chemical Probes Portal	subClass	0	Pantothenate kinase
Q9BZ95	Chemical Probes Portal	class	0	Epigenetic
Q9BZ95	Chemical Probes Portal	subClass	0	Methyltransferase
Q9C0B1	Chemical Probes Portal	class	0	Epigenetic
Q9C0B1	Chemical Probes Portal	class	1	Enzyme
Q9C0B1	Chemical Probes Portal	subClass	0	RNA demethylase
Q9C0B1	Chemical Probes Portal	subClass	1	FTO family
Q9GZN0	Chemical Probes Portal	class	0	GPCR
Q9GZN0	Chemical Probes Portal	subClass	0	Striatum specific receptor
Q9GZT9	Chemical Probes Portal	class	0	Enzyme
Q9GZT9	Chemical Probes Portal	subClass	0	Hydrolase
Q9GZV3	Chemical Probes Portal	class	0	Transporter
Q9GZV3	Chemical Probes Portal	subClass	0	Solute carrier
Q9H093	Chemical Probes Portal	class	0	Kinase
Q9H093	Chemical Probes Portal	subClass	0	CAMK
Q9H0E9	Chemical Probes Portal	class	0	Epigenetic
Q9H0E9	Chemical Probes Portal	subClass	0	Bromodomain
Q9H0K1	Chemical Probes Portal	class	0	Kinase
Q9H0K1	Chemical Probes Portal	subClass	0	CAMK
Q9H2K2	Chemical Probes Portal	class	0	Other post-translational modification
Q9H2K2	Chemical Probes Portal	subClass	0	PARP
Q9H3N8	Chemical Probes Portal	class	0	GPCR
Q9H3N8	Chemical Probes Portal	subClass	0	Histamine Receptor
Q9H3R0	Chemical Probes Portal	class	0	Epigenetic
Q9H3R0	Chemical Probes Portal	subClass	0	Protein Demethylase
Q9H3R0	Chemical Probes Portal	subClass	1	Histone demethylase
Q9H4B4	Chemical Probes Portal	class	0	Kinase
Q9H4B4	Chemical Probes Portal	subClass	0	Other
Q9H773	Chemical Probes Portal	class	0	Enzyme
Q9H773	Chemical Probes Portal	subClass	0	Pyrophosphatase
Q9H7B4	Chemical Probes Portal	class	0	Epigenetic
Q9H7B4	Chemical Probes Portal	subClass	0	Methyltransferase
Q9H8M2	Chemical Probes Portal	class	0	Epigenetic
Q9H8M2	Chemical Probes Portal	subClass	0	Bromodomain
Q9H903	Chemical Probes Portal	class	0	Enzyme
Q9H903	Chemical Probes Portal	subClass	0	Dehydrogenase
Q9H999	Chemical Probes Portal	class	0	Kinase
Q9H999	Chemical Probes Portal	subClass	0	Pantothenate kinase
Q9H9B1	Chemical Probes Portal	class	0	Epigenetic
Q9H9B1	Chemical Probes Portal	subClass	0	Protein methyltransferase
Q9H9B1	Chemical Probes Portal	subClass	1	Methyltransferase
Q9HAZ1	Chemical Probes Portal	class	0	Kinase
Q9HAZ1	Chemical Probes Portal	subClass	0	CMGC
Q9HBA0	Chemical Probes Portal	class	0	Ion Channel
Q9HBA0	Chemical Probes Portal	subClass	0	Ca transporter
Q9HBH9	Chemical Probes Portal	class	0	Kinase
Q9HBH9	Chemical Probes Portal	subClass	0	CAMK
Q9NPC1	Chemical Probes Portal	class	0	GPCR
Q9NPC1	Chemical Probes Portal	subClass	0	BLT family
Q9NPI1	Chemical Probes Portal	class	0	Epigenetic
Q9NPI1	Chemical Probes Portal	subClass	0	Bromodomain
Q9NQU5	Chemical Probes Portal	class	0	Protein kinase
Q9NQU5	Chemical Probes Portal	class	1	Kinase
Q9NQU5	Chemical Probes Portal	subClass	0	STE
Q9NQV7	Chemical Probes Portal	class	0	Epigenetic
Q9NQV7	Chemical Probes Portal	subClass	0	Histone methyltransferase
Q9NR22	Chemical Probes Portal	class	0	Epigenetic
Q9NR22	Chemical Probes Portal	subClass	0	Protein methyltransferase
Q9NR48	Chemical Probes Portal	class	0	Epigenetic
Q9NR48	Chemical Probes Portal	subClass	0	HMT
Q9NR97	Chemical Probes Portal	class	0	Toll-Like Receptor
Q9NR97	Chemical Probes Portal	class	1	GPCR
Q9NR97	Chemical Probes Portal	subClass	0	Toll-like receptor
Q9NRG4	Chemical Probes Portal	class	0	Epigenetic
Q9NRG4	Chemical Probes Portal	subClass	0	Protein methyltransferase
Q9NRG4	Chemical Probes Portal	subClass	1	Methyltransferase
Q9NRM7	Chemical Probes Portal	class	0	Kinase
Q9NRM7	Chemical Probes Portal	subClass	0	AGC
Q9NS75	Chemical Probes Portal	class	0	GPCR
Q9NS75	Chemical Probes Portal	subClass	0	Cysteinyl leukotriene receptor
Q9NSD7	Chemical Probes Portal	class	0	GPCR
Q9NSD7	Chemical Probes Portal	subClass	0	Rexaxin receptor
Q9NSY1	Chemical Probes Portal	class	0	Kinase
Q9NSY1	Chemical Probes Portal	subClass	0	Ser/Thr kinase
Q9NV35	Chemical Probes Portal	class	0	Epigenetic
Q9NV35	Chemical Probes Portal	subClass	0	Nudix Hydrolase
Q9NVM4	Chemical Probes Portal	class	0	Epigenetic
Q9NVM4	Chemical Probes Portal	subClass	0	Methyltransferase
Q9NVM4	Chemical Probes Portal	subClass	1	Protein methyltransferase
Q9NWM0	Chemical Probes Portal	class	0	Enzyme
Q9NWM0	Chemical Probes Portal	subClass	0	Oxidase
Q9NWZ3	Chemical Probes Portal	class	0	Kinase
Q9NWZ3	Chemical Probes Portal	subClass	0	TKL
Q9NYK1	Chemical Probes Portal	class	0	Toll-Like Receptor
Q9NYV4	Chemical Probes Portal	class	0	Kinase
Q9NYV4	Chemical Probes Portal	subClass	0	CMGC
Q9NYY3	Chemical Probes Portal	class	0	Kinase
Q9NYY3	Chemical Probes Portal	subClass	0	Other
Q9NZJ5	Chemical Probes Portal	class	0	Kinase
Q9NZJ5	Chemical Probes Portal	subClass	0	Other
Q9NZJ5	Chemical Probes Portal	subClass	1	Ser/Thr Kinase
Q9NZQ7	Chemical Probes Portal	class	0	Receptor ligand
Q9NZQ7	Chemical Probes Portal	class	1	Programmed Cell Deatch
Q9NZQ7	Chemical Probes Portal	subClass	0	Cell death receptor ligand
Q9P1W9	Chemical Probes Portal	class	0	Kinase
Q9P1W9	Chemical Probes Portal	subClass	0	CAMK
Q9P286	Chemical Probes Portal	class	0	Protein kinase
Q9P286	Chemical Probes Portal	class	1	Kinase
Q9P286	Chemical Probes Portal	subClass	0	STE
Q9P289	Chemical Probes Portal	class	0	Kinase
Q9P289	Chemical Probes Portal	subClass	0	STE
Q9UBE0	Chemical Probes Portal	class	0	Enzyme
Q9UBE0	Chemical Probes Portal	subClass	0	SUMOylation Enzyme
Q9UBN4	Chemical Probes Portal	class	0	Ion Channel
Q9UBN4	Chemical Probes Portal	subClass	0	Transient receptor potential channels
Q9UBN7	Chemical Probes Portal	class	0	Epigenetic
Q9UBN7	Chemical Probes Portal	subClass	0	HDAC
Q9UBP0	Chemical Probes Portal	class	0	Enzyme
Q9UBP0	Chemical Probes Portal	subClass	0	ATPase
Q9UBT2	Chemical Probes Portal	class	0	Enzyme
Q9UBT2	Chemical Probes Portal	subClass	0	SUMOylation Enzyme
Q9UDY8	Chemical Probes Portal	class	0	Enzyme
Q9UDY8	Chemical Probes Portal	subClass	0	Peptidase
Q9UEE5	Chemical Probes Portal	class	0	Kinase
Q9UEE5	Chemical Probes Portal	subClass	0	CAMK
Q9UGN5	Chemical Probes Portal	class	0	Other post-translational modification
Q9UGN5	Chemical Probes Portal	subClass	0	PARP
Q9UHD2	Chemical Probes Portal	class	0	Protein kinase
Q9UHD2	Chemical Probes Portal	class	1	Kinase
Q9UHD2	Chemical Probes Portal	subClass	0	Ser/Thr Protein Kinase
Q9UHD2	Chemical Probes Portal	subClass	1	Ser/Thr kinase
Q9UIF8	Chemical Probes Portal	class	0	Epigenetic
Q9UIF8	Chemical Probes Portal	subClass	0	Bromodomain
Q9UIF9	Chemical Probes Portal	class	0	Epigenetic
Q9UIF9	Chemical Probes Portal	subClass	0	Bromodomain
Q9UK32	Chemical Probes Portal	class	0	Kinase
Q9UK32	Chemical Probes Portal	subClass	0	AGC
Q9UK80	Chemical Probes Portal	class	0	Enzyme
Q9UK80	Chemical Probes Portal	subClass	0	USP subfamily
Q9UKE5	Chemical Probes Portal	class	0	Kinase
Q9UKE5	Chemical Probes Portal	subClass	0	STE
Q9UKK9	Chemical Probes Portal	class	0	Epigenetic
Q9UKK9	Chemical Probes Portal	subClass	0	Nudix Hydrolase
Q9UKK9	Chemical Probes Portal	subClass	1	Nudix hydrolase
Q9UKK9	Chemical Probes Portal	subClass	2	Nudix
Q9UKP4	Chemical Probes Portal	class	0	Enzyme
Q9UKP4	Chemical Probes Portal	subClass	0	Disintegrin
Q9UKS7	Chemical Probes Portal	class	0	Transcription factor
Q9UKS7	Chemical Probes Portal	subClass	0	Zinc Finger
Q9UKT9	Chemical Probes Portal	class	0	Transcription factor
Q9UKT9	Chemical Probes Portal	subClass	0	Zinc Finger
Q9UL54	Chemical Probes Portal	class	0	Kinase
Q9UL54	Chemical Probes Portal	subClass	0	STE
Q9UL62	Chemical Probes Portal	class	0	Ion Channel
Q9UL62	Chemical Probes Portal	subClass	0	Transient receptor potential channels
Q9ULC6	Chemical Probes Portal	class	0	Enzyme
Q9ULC6	Chemical Probes Portal	subClass	0	Deiminase
Q9ULD4	Chemical Probes Portal	class	0	Epigenetic
Q9ULD4	Chemical Probes Portal	subClass	0	Bromodomain
Q9ULI0	Chemical Probes Portal	class	0	Epigenetic
Q9ULI0	Chemical Probes Portal	subClass	0	Bromodomain
Q9ULW8	Chemical Probes Portal	class	0	Enzyme
Q9ULW8	Chemical Probes Portal	subClass	0	Deiminase
Q9UM07	Chemical Probes Portal	class	0	Epigenetic
Q9UM07	Chemical Probes Portal	class	1	Enzyme
Q9UM07	Chemical Probes Portal	subClass	0	Arginine deaminase
Q9UM07	Chemical Probes Portal	subClass	1	Deiminase
Q9UM73	Chemical Probes Portal	class	0	Kinase
Q9UM73	Chemical Probes Portal	subClass	0	RTK
Q9UM73	Chemical Probes Portal	subClass	1	TK
Q9UNQ0	Chemical Probes Portal	class	0	Transporter
Q9UNQ0	Chemical Probes Portal	subClass	0	ABCG family
Q9UNW8	Chemical Probes Portal	class	0	GPCR
Q9UPE1	Chemical Probes Portal	class	0	Kinase
Q9UPE1	Chemical Probes Portal	subClass	0	CMGC
Q9UQ84	Chemical Probes Portal	class	0	Enzyme
Q9UQ84	Chemical Probes Portal	subClass	0	Endonuclease
Q9UQ88	Chemical Probes Portal	class	0	Kinase
Q9UQ88	Chemical Probes Portal	subClass	0	CMGC
Q9UQB9	Chemical Probes Portal	class	0	Kinase
Q9UQB9	Chemical Probes Portal	subClass	0	Ser/Thr kinase
Q9UQB9	Chemical Probes Portal	subClass	1	Ser/Thr Kinase
Q9UQB9	Chemical Probes Portal	subClass	2	cell cycle-regulated kinase
Q9Y233	Chemical Probes Portal	class	0	Epigenetic
Q9Y233	Chemical Probes Portal	class	1	Enzyme
Q9Y233	Chemical Probes Portal	subClass	0	Phosphodiesterase
Q9Y243	Chemical Probes Portal	class	0	Kinase
Q9Y243	Chemical Probes Portal	subClass	0	AGC
Q9Y2I7	Chemical Probes Portal	class	0	Kinase
Q9Y2I7	Chemical Probes Portal	subClass	0	Serine Kinase
Q9Y2I7	Chemical Probes Portal	subClass	1	Serine kinase
Q9Y2J8	Chemical Probes Portal	class	0	Enzyme
Q9Y2J8	Chemical Probes Portal	subClass	0	Deiminase
Q9Y2K2	Chemical Probes Portal	class	0	Kinase
Q9Y2K2	Chemical Probes Portal	subClass	0	CAMK
Q9Y2T5	Chemical Probes Portal	class	0	GPCR
Q9Y2T5	Chemical Probes Portal	subClass	0	A orphan G protein-coupled receptor
Q9Y345	Chemical Probes Portal	class	0	Transporter
Q9Y345	Chemical Probes Portal	subClass	0	SLC family
Q9Y463	Chemical Probes Portal	class	0	Protein kinase
Q9Y463	Chemical Probes Portal	class	1	Kinase
Q9Y463	Chemical Probes Portal	subClass	0	CMGC
Q9Y4B6	Chemical Probes Portal	class	0	Structural protein
Q9Y570	Chemical Probes Portal	class	0	Enzyme
Q9Y570	Chemical Probes Portal	subClass	0	Serine hydrolase
Q9Y572	Chemical Probes Portal	class	0	Kinase
Q9Y572	Chemical Probes Portal	subClass	0	TKL
Q9Y5N5	Chemical Probes Portal	class	0	Epigenetic
Q9Y5Y4	Chemical Probes Portal	class	0	GPCR
Q9Y5Y4	Chemical Probes Portal	subClass	0	Prostaglandin D2 receptor
Q9Y5Y9	Chemical Probes Portal	class	0	Ion Channel
Q9Y5Y9	Chemical Probes Portal	subClass	0	Sodium channel
Q9Y5Z0	Chemical Probes Portal	class	0	Enzyme
Q9Y5Z0	Chemical Probes Portal	subClass	0	Protease
Q9Y5Z0	Chemical Probes Portal	subClass	1	Peptidase
Q9Y616	Chemical Probes Portal	class	0	Kinase
Q9Y616	Chemical Probes Portal	subClass	0	TKL
Q9Y657	Chemical Probes Portal	class	0	Transcription factor
Q9Y657	Chemical Probes Portal	class	1	Epigenetic
Q9Y657	Chemical Probes Portal	subClass	0	Chromatin regulator
Q9Y657	Chemical Probes Portal	subClass	1	Chromatin Regulator
Q9Y6A5	Chemical Probes Portal	class	0	Motor Spindle Protein
Q9Y6E0	Chemical Probes Portal	class	0	Kinase
Q9Y6E0	Chemical Probes Portal	subClass	0	STE
Q9Y6Q9	Chemical Probes Portal	class	0	Nuclear receptor
Q9Y6Q9	Chemical Probes Portal	subClass	0	SRC family
