resource	xref	inchikey
canSAR	828356	IQCKJUKAQJINMK-HUBRGWSESA-N
canSAR	469025	QMDKVNSQXPVCRD-RQNOJGIXSA-N
canSAR	541825	WRUWGLUCNBMGPS-UHFFFAOYSA-N
canSAR	592803	ZHMXXVNQAFCXKK-QGZVFWFLSA-N
canSAR	267014	TXGKRVFSSHPBAJ-JKSUJKDBSA-N
canSAR	856836	SCELLOWTHJGVIC-BGYRXZFFSA-N
canSAR	379695	XCFLWTZSJYBCPF-UHFFFAOYSA-N
canSAR	466178	ZYVXTMKTGDARKR-UHFFFAOYSA-N
canSAR	1354531	YHHFKWKMXWRVTJ-OQKWZONESA-N
canSAR	723373	MOUNHKKCIGVIDI-UHFFFAOYSA-L
canSAR	927800	XVBGRTMNFNMINE-UHFFFAOYSA-N
canSAR	1117457	OMKHWTRUYNAGFG-IEBDPFPHSA-N
canSAR	915616	PZPPOCZWRGNKIR-PNVYSBBASA-N
canSAR	2922952	ZWNKKZSRANLVEW-UHFFFAOYSA-N
canSAR	848749	UXXQOJXBIDBUAC-UHFFFAOYSA-N
canSAR	1305802	REFJWTPEDVJJIY-UHFFFAOYSA-N
canSAR	256723	PIMQWRZWLQKKBJ-SFHVURJKSA-N
canSAR	498738	WMBWREPUVVBILR-WIYYLYMNSA-N
canSAR	96102	LUKBXSAWLPMMSZ-OWOJBTEDSA-N
canSAR	1009853	FIAFUQMPZJWCLV-UHFFFAOYSA-N
canSAR	1899498	ZEWQUBUPAILYHI-UHFFFAOYSA-N
canSAR	3312909	RRKRXIFOHFBLHY-YEZSYGFXSA-M
canSAR	791569	AOJJSUZBOXZQNB-TZSSRYMLSA-N
canSAR	233726	UHTHHESEBZOYNR-UHFFFAOYSA-N
canSAR	1927385	RITAVMQDGBJQJZ-FMIVXFBMSA-N
canSAR	512994	UYJNQQDJUOUFQJ-UHFFFAOYSA-N
canSAR	158055	VAARYSWULJUGST-UHFFFAOYSA-N
canSAR	764849	ODPGGGTTYSGTGO-UHFFFAOYSA-N
canSAR	1113023	WAEXFXRVDQXREF-UHFFFAOYSA-N
canSAR	154683	WINHZLLDWRZWRT-ATVHPVEESA-N
canSAR	535317	HVXKQKFEHMGHSL-QKDCVEJESA-N
canSAR	1185273	VMWNQDUVQKEIOC-CYBMUJFWSA-N
canSAR	65636	DYEFUKCXAQOFHX-UHFFFAOYSA-N
canSAR	1241698	IQPNAANSBPBGFQ-UHFFFAOYSA-N
canSAR	1161291	KZNIFHPLKGYRTM-UHFFFAOYSA-N
canSAR	1795385	ZIUSSTSXXLLKKK-KOBPDPAPSA-N
canSAR	681918	IZEKFCXSFNUWAM-UHFFFAOYSA-N
canSAR	259783	KTEIFNKAUNYNJU-GFCCVEGCSA-N
canSAR	322374	IYIKLHRQXLHMJQ-UHFFFAOYSA-N
canSAR	1920436	MPVGZUGXCQEXTM-UHFFFAOYSA-N
canSAR	711445	QDPVYZNVVQQULH-UHFFFAOYSA-N
canSAR	1115786	RTIXKCRFFJGDFG-UHFFFAOYSA-N
canSAR	868137	QQWUGDVOUVUTOY-UHFFFAOYSA-N
canSAR	591760	GUBJNPWVIUFSTR-UHFFFAOYSA-N
canSAR	644156	WPHKIQPVPYJNAX-UHFFFAOYSA-N
canSAR	817948	XZXHXSATPCNXJR-ZIADKAODSA-N
canSAR	631801	MZDKLVOWGIOKTN-UHFFFAOYSA-N
canSAR	1185198	QQUXFYAWXPMDOE-UHFFFAOYSA-N
canSAR	3100290	SEJGTFPOEJWEGG-UHFFFAOYSA-N
canSAR	729057	JOOXLOJCABQBSG-UHFFFAOYSA-N
canSAR	212832	MVJMMLFMPWITEJ-UHFFFAOYSA-N
canSAR	449255	CTNPALGJUAXMMC-PMFHANACSA-N
canSAR	1799601	KDKUVYLMPJIGKA-UHFFFAOYSA-N
canSAR	1708627	YYLKKYCXAOBSRM-JXMROGBWSA-N
canSAR	455055	OWRXHGAFWZFFCW-UHFFFAOYSA-N
canSAR	1720177	JZTOUVBEZONDKA-UHFFFAOYSA-N
canSAR	593029	RYYNGWLOYLRZLK-UHFFFAOYSA-N
canSAR	1543298	FUMCKNCUEAQHCV-XYPYZODXSA-N
canSAR	593085	ZGZVRPRSFXRGCF-UHFFFAOYSA-N
canSAR	1233755	ZPEIMTDSQAKGNT-UHFFFAOYSA-N
canSAR	1616755	CGIGDMFJXJATDK-UHFFFAOYSA-N
canSAR	1705658	GCBJDOWIQHMCMR-UHFFFAOYSA-N
canSAR	1049783	KRIUNPBAQZGFQA-UHFFFAOYSA-N
canSAR	1798236	HJGFPNFAFSFDNN-UHFFFAOYSA-N
canSAR	1807394	BPNUQXPIQBZCMR-IBGZPJMESA-N
canSAR	1503412	RFAXLXKIAKIUDT-UHFFFAOYSA-N
canSAR	1253640	KRMDCWKBEZIMAB-UHFFFAOYSA-N
canSAR	1322637	DDLZLOKCJHBUHD-WAVHTBQISA-N
canSAR	826365	UUADYKVKJIMIPA-UHFFFAOYSA-N
canSAR	521608	KSOVGRCOLZZTPF-UHFFFAOYSA-N
canSAR	292199	ZVWRFVCNQOECJS-UHFFFAOYSA-N
canSAR	462817	VADOZMZXXRBXNY-UHFFFAOYSA-N
canSAR	578962	UIARLYUEJFELEN-LROUJFHJSA-N
canSAR	698309	BSFNGHCTZDCQBF-UHFFFAOYSA-N
canSAR	1493914	LYNBNVBMAGDJRW-UHFFFAOYSA-N
canSAR	352155	GCYXEGSPUDSZJY-PTNGSMBKSA-N
canSAR	1699687	YMIJUBCSOKSFRU-UHFFFAOYSA-N
canSAR	1583578	KLBQZWRITKRQQV-UHFFFAOYSA-N
canSAR	1709990	GPSZYOIFQZPWEJ-UHFFFAOYSA-N
canSAR	1905588	BIIVYFLTOXDAOV-YVEFUNNKSA-N
canSAR	1596650	OUSFTKFNBAZUKL-UHFFFAOYSA-N
canSAR	1643156	JPYQFPGTGGLOMD-UHFFFAOYSA-N
canSAR	3312912	BQDHCGJUSXMIIS-UHFFFAOYSA-N
canSAR	1305685	AFSDNFLWKVMVRB-UHFFFAOYSA-N
canSAR	654302	AYQYIBVVCJFCAE-KSEXSDGBSA-N
canSAR	252407	XHBVYDAKJHETMP-UHFFFAOYSA-N
canSAR	390013	XSMSNFMDVXXHGJ-UHFFFAOYSA-N
canSAR	592278	SHPFDGWALWEPGS-UHFFFAOYSA-N
canSAR	1588377	MLKHXLFEYOOYEY-NVNXTCNLSA-N
canSAR	1889063	FMETVQKSDIOGPX-UHFFFAOYSA-N
canSAR	716875	SXOZSDJHGMAEGZ-IGKKHSBFSA-N
canSAR	524806	ISOCDPQFIXDIMS-HSZRJFAPSA-N
canSAR	1907784	BLQYVHBZHAISJM-CMDGGOBGSA-N
canSAR	916365	CXQHYVUVSFXTMY-UHFFFAOYSA-N
canSAR	826661	XZXHXSATPCNXJR-UHFFFAOYSA-N
canSAR	614800	IFPPYSWJNWHOLQ-UHFFFAOYSA-N
canSAR	501089	ZBNZXTGUTAYRHI-UHFFFAOYSA-N
canSAR	567748	GCIKSSRWRFVXBI-UHFFFAOYSA-N
canSAR	1302916	JJWMRRNGWSITSQ-UHFFFAOYSA-N
canSAR	849266	HAYYBYPASCDWEQ-UHFFFAOYSA-N
canSAR	265157	GKEYKDOLBLYGRB-LGMDPLHJSA-N
canSAR	997861	JLYAXFNOILIKPP-KXQOOQHDSA-N
canSAR	147527	UQTPDWDAYHAZNT-AWEZNQCLSA-N
canSAR	848780	WVXNSAVVKYZVOE-UHFFFAOYSA-N
canSAR	429624	MLDQJTXFUGDVEO-UHFFFAOYSA-N
canSAR	1321633	UYJZZVDLGDDTCL-UHFFFAOYSA-N
canSAR	1264460	WVMANZPBOBRWCB-UHFFFAOYSA-N
canSAR	202015	GZFYZYBWLCYBMI-MYZJJQSMSA-N
canSAR	466403	QYPJBTMRYKRTFG-UHFFFAOYSA-N
canSAR	886037	HHKGVQGXRGQBBA-UHFFFAOYSA-N
canSAR	1453644	UUECJWRVDTUDCB-ISLYRVAYSA-N
canSAR	24483	MDOJTZQKHMAPBK-UHFFFAOYSA-N
canSAR	1688064	LLEJIEBFSOEYIV-UHFFFAOYSA-N
canSAR	572876	PBJKWGWHZVXBGU-UHFFFAOYSA-N
canSAR	1596359	SXJDCULZDFWMJC-UHFFFAOYSA-N
canSAR	234445	HYTMVPCGCCQGST-JGUILPGDSA-N
canSAR	839902	PQAPVTKIEGUPRN-UHFFFAOYSA-N
canSAR	1829299	WUGANDSUVKXMEC-UHFFFAOYSA-N
canSAR	3312891	YPSXFMHXRZAGTG-UHFFFAOYSA-N
canSAR	1146558	ILMNSCQOSGKTNZ-NKWVEPMBSA-N
canSAR	1144457	NAWIFPQLACUTSO-MXGDDHKLSA-N
canSAR	719521	MUJOCHRZXRZONW-FOCLMDBBSA-N
canSAR	45808	AELCINSCMGFISI-DTWKUNHWSA-N
canSAR	3312903	ZJZCTCNQTXBBFZ-PLMZOXRSSA-N
canSAR	2880280	YGSDEFSMJLZEOE-UHFFFAOYSA-M
canSAR	3312911	JAXSELKSZJMFSA-UHFFFAOYSA-N
canSAR	256735	PAWIYAYFNXQGAP-UHFFFAOYSA-N
canSAR	1710013	FPOHNWQLNRZRFC-ZHACJKMWSA-N
canSAR	1718170	KGDMFBRXTHKRPA-GRCJMCHGSA-N
canSAR	1123828	PTJGLFIIZFVFJV-UHFFFAOYSA-N
canSAR	169499	MUTBJZVSRNUIHA-UHFFFAOYSA-N
canSAR	30287	IDQPVOFTURLJPT-UHFFFAOYSA-N
canSAR	28056	GYKLFBYWXZYSOW-UHFFFAOYSA-N
canSAR	190291	LTUGYAOMCKNTGG-UHFFFAOYSA-N
canSAR	1119325	MIGJEXKBUJPKJF-UHFFFAOYSA-N
canSAR	1500972	RFTSSZJZXOSICM-GRSHGNNSSA-N
canSAR	754444	QBKSWRVVCFFDOT-UHFFFAOYSA-N
canSAR	56967	KLDXJTOLSGUMSJ-JGWLITMVSA-N
canSAR	793808	UIFFUZWRFRDZJC-SBOOETFBSA-N
canSAR	565476	PRDFBSVERLRRMY-UHFFFAOYSA-N
canSAR	1556735	RGGFUBMUOVFZEF-LDRVEFRDSA-N
canSAR	1320297	COHIEJLWRGREHV-XFFZJAGNSA-N
canSAR	1868394	YUYJEQHNWKQNBT-UHFFFAOYSA-N
canSAR	766308	OUKYUETWWIPKQR-UHFFFAOYSA-N
canSAR	1171526	WUUGFSXJNOTRMR-IOSLPCCCSA-N
canSAR	1823000	LMXOHSDXUQEUSF-YECHIGJVSA-N
canSAR	1241811	IRSFLDGTOHBADP-UHFFFAOYSA-N
canSAR	30007	VCMMXZQDRFWYSE-UHFFFAOYSA-N
canSAR	1583363	FECGNJPYVFEKOD-VMPITWQZSA-N
canSAR	350456	YALNUENQHAQXEA-UHFFFAOYSA-N
canSAR	1902688	BWDQBBCUWLSASG-MDZDMXLPSA-N
canSAR	1496674	IVTKCTFTVKYWIQ-WEVVVXLNSA-N
canSAR	256658	MAUCONCHVWBMHK-UHFFFAOYSA-N
canSAR	1322821	NCNRHFGMJRPRSK-MDZDMXLPSA-N
canSAR	1718108	JHDKZFFAIZKUCU-ZRDIBKRKSA-N
canSAR	1487542	JTDYUFSDZATMKU-UHFFFAOYSA-N
canSAR	1317329	RTKIYFITIVXBLE-QEQCGCAPSA-N
canSAR	1190	MFBOGIVSZKQAPD-UHFFFAOYSA-M
canSAR	45378	NIJJYAXOARWZEE-UHFFFAOYSA-N
canSAR	1234742	XHEFDIBZLJXQHF-UHFFFAOYSA-N
canSAR	1066438	CDRPUGZCRXZLFL-OWOJBTEDSA-N
canSAR	1857922	NETXMUIMUZJUTB-UHFFFAOYSA-N
canSAR	1065883	HUPFGZXOMWLGNK-UHFFFAOYSA-N
canSAR	337949	XGALLCVXEZPNRQ-UHFFFAOYSA-N
canSAR	1166678	AYMYWHCQALZEGT-ORCRQEGFSA-N
canSAR	1116690	DXDRHHKMWQZJHT-FPYGCLRLSA-N
canSAR	1508966	KDPSGIFCBZTBEZ-UHFFFAOYSA-N
canSAR	720663	ZZZYHIMVKOHVIH-MWFXHRFLSA-N
canSAR	898879	QDKLRKZQSOQWJQ-SMDXAGPFSA-N
canSAR	1358819	AJRGHIGYPXNABY-UHFFFAOYSA-N
canSAR	902928	JWOGUUIOCYMBPV-GMFLJSBRSA-N
canSAR	1170255	VAZAPHZUAVEOMC-UHFFFAOYSA-N
canSAR	51775	DLVJMFOLJOOWFS-VJIFSZOSSA-N
canSAR	3312889	GNYCTMYOHGBSBI-KVUCBBCISA-N
canSAR	244348	HRNLUBSXIHFDHP-UHFFFAOYSA-N
canSAR	1888264	INVTYAOGFAGBOE-UHFFFAOYSA-N
canSAR	754171	DEZFNHCVIZBHBI-ZHACJKMWSA-N
canSAR	1061093	URWCXPXBBITYLR-UHFFFAOYSA-N
canSAR	847292	PVRYEWOXWGDQHA-URLMMPGGSA-N
canSAR	724668	UNXQGBMZYKHQCO-NVHWNKAKSA-N
canSAR	203147	RLUGRMMSGGKTPV-UHFFFAOYSA-N
canSAR	851760	UOVSZRTTWLJPHE-HNXAPSNLSA-N
canSAR	1078674	NNGMKDJOKUWNGN-NMMPVGNLSA-N
canSAR	865782	IYDMGGPKSVWQRT-UHFFFAOYSA-N
canSAR	813911	BDUHCSBCVGXTJM-WUFINQPMSA-N
canSAR	432336	QZJRNGXHRQJBJH-UHFFFAOYSA-N
canSAR	391134	FLEPRYJBTOPZTM-UKILVPOCSA-N
canSAR	777492	HMKAZNCSHAJLSA-HIJQLYNKSA-N
canSAR	872752	CGCOPBXAGSCZNX-FNQJWKMRSA-N
canSAR	121519	ARYVAQSYRLZVQD-UHFFFAOYSA-N
canSAR	3312902	XZFYSTPLSPZNKJ-UHFFFAOYSA-N
canSAR	3312905	ZFEXNHYQHDJAGL-UHFFFAOYSA-N
canSAR	3313081	CGLMQIIIQWNAMG-UHFFFAOYSA-N
canSAR	933654	XKTMIJODWOEBKO-UHFFFAOYSA-M
canSAR	113802	ASUGUQWIHMTFJL-QGZVFWFLSA-N
canSAR	3145847	ZHEHVZXPFVXKEY-LYGOBDSISA-N
canSAR	233041	VLULRUCCHYVXOH-UHFFFAOYSA-N
canSAR	2958985	LTYNXERAWVCPAH-OHRKNAERSA-N
canSAR	1401932	YRRAGUMVDQQZIY-UHFFFAOYSA-N
canSAR	1200722	VWFIHGWHMXSTAO-UHFFFAOYSA-N
canSAR	3312910	JPOAXWSMFOLMQH-UWWJMHSNSA-N
canSAR	3312907	QKJRDUVFCNBDGG-YKXMQWBGSA-N
canSAR	328588	BGLPECHZZQDNCD-UHFFFAOYSA-N
canSAR	646856	HWXVIOGONBBTBY-ONEGZZNKSA-N
canSAR	410745	SAGZIBJAQGBRQA-UHFFFAOYSA-N
canSAR	1157610	PNMYJIOQIAEYQL-UHFFFAOYSA-N
canSAR	255181	KTEIFNKAUNYNJU-LBPRGKRZSA-N
canSAR	207430	AVZCPICCWKMZDT-UHFFFAOYSA-N
canSAR	3312908	KWUZCAVKPCRJPO-UHFFFAOYSA-N
canSAR	3313069	TZALECNALKOBPY-UHFFFAOYSA-N
canSAR	744970	RYCBSFIKWACFBY-UHFFFAOYSA-N
canSAR	698084	JVDOKQYTTYUYDV-UHFFFAOYSA-N
canSAR	575044	HHFBDROWDBDFBR-UHFFFAOYSA-N
canSAR	908308	ZIMMTPFXOMAJTQ-UHFFFAOYSA-N
canSAR	8743	ZZUZYEMRHCMVTB-UHFFFAOYSA-N
canSAR	1244293	HAGVCKULCLQGRF-UHFFFAOYSA-N
canSAR	1118708	IMUKUMUNZJILCG-UHFFFAOYSA-N
canSAR	1433969	MMBSCBVEHMETSA-GDAWTGGTSA-N
canSAR	528188	LUYWAGVRXKSNLL-DEOSSOPVSA-N
canSAR	1221513	FDQXEDMRIBACLZ-UHFFFAOYSA-N
canSAR	1054590	GNFSYBNDPOBXLJ-PLNGDYQASA-N
canSAR	1550908	HWTVYWVFOWWESR-GFCCVEGCSA-N
canSAR	8926	HRYKZAKEAVZGJD-UHFFFAOYSA-N
canSAR	114471	VBHDTUSGPSUCNL-KRWDZBQOSA-N
canSAR	1550909	HWTVYWVFOWWESR-LBPRGKRZSA-N
canSAR	14467	NMZRTRAYSHQMPR-UHFFFAOYSA-N
canSAR	1065940	ZHXIMGYEMBZGOI-UHFFFAOYSA-N
canSAR	1107538	DTMHAFMUJHYVGK-UHFFFAOYSA-N
canSAR	1308630	KXSIHXHEHABEJX-UHFFFAOYSA-N
canSAR	89399	IJAPPYDYQCXOEF-UHFFFAOYSA-N
canSAR	1181168	ZLYVTQGSZRQZLA-UHFFFAOYSA-N
canSAR	1166997	NVVWVYYHTKCIAE-UHFFFAOYSA-N
canSAR	817363	GLBZSOQDAOLMGC-UHFFFAOYSA-N
canSAR	795308	AXRCEOKUDYDWLF-UHFFFAOYSA-N
canSAR	1109148	VHBFFQKBGNRLFZ-UHFFFAOYSA-N
canSAR	1305871	WHTVZRBIWZFKQO-UHFFFAOYSA-N
canSAR	1146534	PPOQMSJVMJCEAI-UHFFFAOYSA-N
canSAR	1054589	GNFSYBNDPOBXLJ-SNAWJCMRSA-N
canSAR	1570026	NZSKSXWSNJEOQY-UHFFFAOYSA-N
canSAR	1284750	INPZIMSQNZGLHQ-JTQLQIEISA-N
canSAR	1653084	YAXDRRKYLDEMKO-INIZCTEOSA-N
canSAR	56288	XFDUHJPVQKIXHO-UHFFFAOYSA-N
canSAR	3985	YWPMKTWUFVOFPL-UHFFFAOYSA-N
canSAR	1068678	ISZWRZGKEWQACU-UHFFFAOYSA-N
canSAR	1172273	PVFGJHYLIHMCQD-UHFFFAOYSA-N
canSAR	1161709	SQVXWIUVAILQRH-UHFFFAOYSA-N
canSAR	344422	ZGSXEXBYLJIOGF-ALFLXDJESA-N
canSAR	1499401	PISBNXWDAGANOP-UHFFFAOYSA-N
canSAR	1903925	HGEPGGJUGUMFHT-UHFFFAOYSA-N
canSAR	1696288	YQSZNYLPVBOGPO-UHFFFAOYSA-N
canSAR	1401652	SDXBGOVSVBZDFL-UHFFFAOYSA-N
canSAR	99599	UVSVTDVJQAJIFG-VURMDHGXSA-N
canSAR	56360	ZRWNRAJCPNLYAK-UHFFFAOYSA-N
canSAR	1107542	SQCWABLHLAOJBR-UHFFFAOYSA-N
canSAR	3312888	LPTGUSPVGHUCQF-UHFFFAOYSA-N
canSAR	137938	ATUUNJCZCOMUKD-OKILXGFUSA-N
canSAR	1861430	AEENEMOEBJOKGN-UHFFFAOYSA-N
canSAR	2968796	XKBSPAZCFAIBJL-OAHLLOKOSA-N
canSAR	2913055	KMESAVNRPDKZCQ-UHFFFAOYSA-N
canSAR	752127	ZDOBSAPHUUUOHX-OSYLJGHBSA-N
canSAR	2959399	BTSUNSRQYLVGIS-ADTYUTHVSA-N
canSAR	770107	PROGRNRRJJYCNX-UHFFFAOYSA-N
canSAR	2945470	JQNINBDKGLWYMU-GEAQBIRJSA-N
canSAR	3150984	VSZRYLHBOKTNBO-UHFFFAOYSA-N
canSAR	750570	CGECJCJUHCZZGO-UHFFFAOYSA-N
canSAR	788421	OTKTZEZTFCAULO-DEOSSOPVSA-N
canSAR	753008	XMNLWOQHMQRHDV-UHFFFAOYSA-N
canSAR	516958	BATCTBJIJJEPHM-UHFFFAOYSA-N
canSAR	866964	AYUNIORJHRXIBJ-TXHRRWQRSA-N
canSAR	937342	QCQQONWEDCOTBV-UHFFFAOYSA-N
canSAR	3194987	BSISGUIVBKDTQO-QIKYYPRYSA-N
canSAR	788372	XUYMIRYNRKXKOR-HMHJJOSWSA-N
canSAR	3313089	CYPYTURSJDMMMP-WVCUSYJESA-N
canSAR	296713	XUSDVLHKNBOGJY-UHFFFAOYSA-N
canSAR	1052019	JYZJYKOZGGEXSX-UHFFFAOYSA-N
canSAR	1877870	WUJVPELCYCESAP-UHFFFAOYSA-N
canSAR	2977301	ZLTQCDRXWXUYHJ-UHFFFAOYSA-N
canSAR	861456	NBTNHSGBRGTFJS-UHFFFAOYSA-N
canSAR	2888176	SOXNKJCQBRQUMS-UHFFFAOYSA-N
canSAR	160497	KYWWJENKIMRJBI-UHFFFAOYSA-N
canSAR	2933235	MPASHPJAIUOWCK-UHFFFAOYSA-N
canSAR	850277	JVCWPUFNLFSKFS-UHFFFAOYSA-N
canSAR	3313091	FYMVGXGSNIVSKY-NRFANRHFSA-N
canSAR	1246871	KLGQSVMIPOVQAX-UHFFFAOYSA-N
canSAR	475947	ZJZWZIXSGNFWQQ-UHFFFAOYSA-N
canSAR	1780119	KHWCPNJRJCNVRI-UHFFFAOYSA-N
canSAR	861358	ZGBAJMQHJDFTQJ-DEOSSOPVSA-N
canSAR	661124	LVDRREOUMKACNJ-BKMJKUGQSA-N
canSAR	1336958	CXJCGSPAPOTTSF-VURMDHGXSA-N
canSAR	666346	TXEBNKKOLVBTFK-UHFFFAOYSA-N
canSAR	788110	CQCWHSDMJBAGDC-UHFFFAOYSA-N
canSAR	1880818	DSUZLJDXUJUTGI-LLVKDONJSA-N
canSAR	2968795	VWEDZTZAXHMZIL-UHFFFAOYSA-N
canSAR	431871	PKCDDUHJAFVJJB-VLZXCDOPSA-N
canSAR	982743	JGQPZPLJOBHHBK-UFXYQILXSA-N
canSAR	231616	XSMABFRQESMONQ-SFHVURJKSA-N
canSAR	522930	NGEBYTLALFOQKI-HDJSIYSDSA-N
canSAR	2870759	RENRQMCACQEWFC-UGKGYDQZSA-N
canSAR	2960889	JKCSCHXVWPSGBG-OPKPGBGESA-N
canSAR	527015	MPMKMQHJHDHPBE-RUZDIDTESA-N
canSAR	908112	HNLHOKSDTBAERS-CWIPYCOQSA-N
canSAR	138474	MXUSGDMIHGLCNC-HNNXBMFYSA-N
canSAR	3313066	LXRZVMYMQHNYJB-UNXOBOICSA-N
canSAR	1545950	TXZPMHLMPKIUGK-UHFFFAOYSA-N
canSAR	1819526	RUPXKSLKGSSZCP-UHFFFAOYSA-N
canSAR	1787649	ONBSHRSJOPSEGS-INIZCTEOSA-N
canSAR	872228	TVTXCJFHQKSQQM-LJQIRTBHSA-N
canSAR	842171	GBJVVSCPOBPEIT-UHFFFAOYSA-N
canSAR	2857979	GBAKVEWPYUIGHN-UHFFFAOYSA-N
canSAR	516940	NBOJHRYUGLRASX-UHFFFAOYSA-N
canSAR	832481	DJOVLOYCGXNVPI-UHFFFAOYSA-N
canSAR	2960864	WGJCHHJGGFCCRS-DEYDLUNASA-N
canSAR	2888018	QXCXMVYVUHVFLP-UHFFFAOYSA-N
canSAR	128444	KNOUWGGQMADIBV-KRWDZBQOSA-N
canSAR	3312897	LUHCYAOYQIFNRN-UHFFFAOYSA-N
canSAR	775664	IDKAKZRYYDCJDU-HBMMIIHUSA-N
canSAR	324605	SGIWFELWJPNFDH-UHFFFAOYSA-N
canSAR	764774	QADPYRIHXKWUSV-UHFFFAOYSA-N
canSAR	856218	YYDUWLSETXNJJT-MTJSOVHGSA-N
canSAR	2857978	BLNNXJOEJRKHAM-UHFFFAOYSA-N
canSAR	913014	ZMNWFTYYYCSSTF-SOAUALDESA-N
canSAR	851884	LXFOLMYKSYSZQS-XKHGBIBOSA-N
canSAR	945437	XQFINGFCBFHOPE-WXUXXXNLSA-N
canSAR	706267	CGWBJJZOKGZCSJ-UHFFFAOYSA-N
canSAR	3313067	AIOCFZJGGGEWDK-UHFFFAOYSA-N
canSAR	836733	RUBYHLPRZRMTJO-MOVYNIQHSA-N
canSAR	400351	RDALZZCKQFLGJP-UHFFFAOYSA-N
canSAR	524719	JBHLOPKIPKTRSU-UHFFFAOYSA-N
canSAR	1884403	LQSHXYHWYGKAMX-FQEVSTJZSA-N
canSAR	473103	AQTPWCUIYUOEMG-INIZCTEOSA-N
canSAR	2965041	JFGOILLZIAIYGA-UHFFFAOYSA-N
canSAR	1303476	RPMGXDCRCWWCRY-JTQLQIEISA-N
canSAR	244857	RIJLVEAXPNLDTC-UHFFFAOYSA-N
canSAR	115543	HWGQMRYQVZSGDQ-HZPDHXFCSA-N
canSAR	2897513	SEDFZSHSBUXKAC-NIYFSFCBSA-N
canSAR	428434	ZOPNBMMVVZRSGH-NRFANRHFSA-N
canSAR	757903	BWYBBMQLUKXECQ-GIVPXCGWSA-N
canSAR	819163	CVWXJKQAOSCOAB-UHFFFAOYSA-N
canSAR	790465	VRVJKILQRBSEAG-LFPIHBKWSA-N
canSAR	918750	UQRCJCNVNUFYDX-UHFFFAOYSA-N
canSAR	751163	LWXLECMNBTVASW-UHFFFAOYSA-N
canSAR	829699	AILRADAXUVEEIR-UHFFFAOYSA-N
canSAR	829698	HUFOZJXAKZVRNJ-UHFFFAOYSA-N
canSAR	1921859	GHVMTHKJUAOZJP-CGTJXYLNSA-N
canSAR	3317107	ZEGMEJVULDALSH-NSHDSACASA-N
canSAR	427078	SNCRCEGCQVMUBS-DNVCBOLYSA-N
canSAR	3455497	FNBUZGRPJLEIMO-UHFFFAOYSA-N
canSAR	338794	OBSYBRPAKCASQB-AGQYDFLVSA-N
canSAR	382027	ORDHXXHTBUZRCN-NTEUORMPSA-N
canSAR	790301	CUBDGLIBZGKXKQ-ZBLYBZFDSA-N
canSAR	775938	XPLWBHWPOUEOSJ-GSZYCOFVSA-N
canSAR	1008841	YSVWFFNZZGLLAI-XNTOLAJGSA-N
canSAR	2956797	LPCWQWNRCGWRFC-UHFFFAOYSA-N
canSAR	672025	JYTIXGYXBIBOMN-UHFFFAOYSA-N
canSAR	858057	KLHOCHQJHXNKAS-UHFFFAOYSA-N
canSAR	266432	IFRGXKKQHBVPCQ-UHFFFAOYSA-N
canSAR	3144241	BKLJDIJJOOQUFG-UHFFFAOYSA-N
canSAR	2933236	FYQFEJFTCLKXTQ-UHFFFAOYSA-N
canSAR	228286	RRELDGDKULRRDM-UHFFFAOYSA-N
canSAR	3183744	IYHHRZBKXXKDDY-UHFFFAOYSA-N
canSAR	3196192	DYUTWRFEEOPXMN-UHFFFAOYSA-N
canSAR	2905509	AUYCSWFYKYVCLD-HXUWFJFHSA-N
canSAR	711502	OEDSFMUSNZDJFD-UHFFFAOYSA-N
canSAR	1645687	QMHRLXNEGYTSRV-UHFFFAOYSA-N
canSAR	841256	LQEHCKYYIXQEBM-FUKIBTTHSA-N
canSAR	2879016	WEGLOYDTDILXDA-OAHLLOKOSA-N
canSAR	3180904	CSJYMAFXYMYNCK-UHFFFAOYSA-N
canSAR	3224326	ILHNIWOZZKIBNW-UHFFFAOYSA-N
canSAR	1471596	OAMLIJKKGZLNHE-UHFFFAOYSA-N
canSAR	165276	JTCAGRAKUAAYDY-OAHLLOKOSA-N
canSAR	894483	FSWFYCYPTDLKON-CMJOXMDJSA-N
canSAR	3455496	SKZQFKBIJUXXCG-INIZCTEOSA-N
canSAR	3455498	TVGAHWWPABTBCX-UHFFFAOYSA-N
canSAR	2863034	FRBRZGLUFOZRGD-JVPBZIDWSA-N
canSAR	3151671	PXQATVYJKMMHAU-UHFFFAOYSA-N
canSAR	171437	YNFDIGJKJPNFFD-SJORKVTESA-N
canSAR	473137	PCJVXTDIDUMIRR-QGZVFWFLSA-N
canSAR	3550538	RPHDOVLXDYWDGF-UHFFFAOYSA-N
canSAR	2849398	KVJFJJXCBRSCDY-UHFFFAOYSA-N
canSAR	213469	PGIVGIFOWOVINL-GOSISDBHSA-N
canSAR	3319397	WZQLVEPIBAOOGF-RMMWZPCPSA-N
canSAR	2972672	QZZCUOVXHPAQRQ-UHFFFAOYSA-N
canSAR	3189556	JZTTUZXIQIRVAB-FZEVHQGJSA-N
canSAR	3312894	ZLGNYFOIDAVMHY-MPKOGUQCSA-N
canSAR	1324570	QULDDKSCVCJTPV-UHFFFAOYSA-N
canSAR	1881839	BLVQHYHDYFTPDV-VCABWLAWSA-N
canSAR	1782304	VLLFGVHGKLDDLW-SFHVURJKSA-N
canSAR	1874277	UEMQPCYDWCSVCU-UHFFFAOYSA-N
canSAR	433471	XMBSZPZJLPTFMV-UHFFFAOYSA-N
canSAR	1005436	WILMROCKORZEMQ-VJVIIGMYSA-N
canSAR	2948442	FYICDSWKKFSYOM-UHFFFAOYSA-N
canSAR	3318350	NBDJDKAXIGWAIM-XZOQPEGZSA-N
canSAR	318266	QYDASSGXBXGRBS-CKJXQJPGSA-N
canSAR	3312899	YQOLEILXOBUDMU-KRWDZBQOSA-N
canSAR	2960689	JNSLBXJNVHYNNW-CXNSMIOJSA-N
canSAR	453310	GACOFEKSDCOVMV-RRYXBOBMSA-N
canSAR	2960266	SQNZDYHMCMIGGV-TZPPCSJFSA-N
canSAR	3323196	RNQODBQYMXYMCT-SJORKVTESA-N
canSAR	327159	RFZQYGBLRIKROZ-PCLIKHOPSA-N
canSAR	1750473	BPLVDYJDAVYLRQ-UHFFFAOYSA-N
canSAR	1423145	UJLAWZDWDVHWOW-YPMHNXCESA-N
canSAR	2937790	WNEILUNVMHVMPH-UHFFFAOYSA-N
canSAR	769427	NMJMRSQTDLRCRQ-UHFFFAOYSA-N
canSAR	1689202	AEJOEPSMZCEYJN-HXUWFJFHSA-N
canSAR	220825	BFTKDWYIRJGJCA-CYBMUJFWSA-N
canSAR	2872291	OJKONCJPCULNOW-DYVFJYSZSA-N
canSAR	3145795	YDNOHCOYQVZOMC-UHFFFAOYSA-N
canSAR	484030	OFWWWKWUCDUISA-UHFFFAOYSA-N
canSAR	563683	CDQRIIUMNLMHRH-UHFFFAOYSA-N
canSAR	774862	CHEANNSDVJOIBS-MHZLTWQESA-N
canSAR	787801	SFMJNHNUOVADRW-UHFFFAOYSA-N
canSAR	829470	AOZPVMOOEJAZGK-UHFFFAOYSA-N
canSAR	979628	UMRRDXVUROEIKJ-JCXBGQGISA-N
canSAR	942550	QBGKPEROWUKSBK-QPPIDDCLSA-N
canSAR	103049	NRSGWEVTVGZDFC-UHFFFAOYSA-N
canSAR	116400	HUUSXLKCTQDPGL-UHFFFAOYSA-N
canSAR	3872897	ARBRHWRTXPWZGN-UHFFFAOYSA-N
canSAR	3313532	PXVFFBGSTYQHRO-REQIQPEASA-N
canSAR	3151460	LIMCHOLAKDUZDS-XARBDFOFSA-N
canSAR	1040148	QMGHHBHPDDAGGO-IIWOMYBWSA-N
canSAR	174287	KPBNHDGDUADAGP-VAWYXSNFSA-N
canSAR	941114	JFOAJUGFHDCBJJ-UHFFFAOYSA-N
canSAR	596719	FNYGWXSATBUBER-UHFFFAOYSA-N
canSAR	1613413	WVAKRQOMAINQPU-UHFFFAOYSA-N
canSAR	838143	NAXSRXHZFIBFMI-UHFFFAOYSA-N
canSAR	312564	RZXMIHOUHYSGJO-UHFFFAOYSA-N
canSAR	982146	ZDBWLRLGUBSLPG-FDHYQTMZSA-N
canSAR	668427	KSGZCKSNTAJOJS-DZBMUNJRSA-N
canSAR	1572017	JLFSBHQQXIAQEC-UHFFFAOYSA-N
canSAR	652417	FWLMVFUGMHIOAA-UHFFFAOYSA-N
canSAR	503835	XYFPWWZEPKGCCK-GOSISDBHSA-N
canSAR	626411	LLVZBTWPGQVVLW-SNAWJCMRSA-N
canSAR	774340	GJFCSAPFHAXMSF-UXBLZVDNSA-N
canSAR	891142	PNYRDVBFYVDJJI-UHFFFAOYSA-N
canSAR	375924	VUVUVNZRUGEAHB-CYBMUJFWSA-N
canSAR	165588	ALGHKWSXJUQNJJ-UHFFFAOYSA-N
canSAR	2962188	QPTCYEYTAWEZNT-UHFFFAOYSA-N
canSAR	2863040	HNCVDRFFJZJQRW-UHFFFAOYSA-N
canSAR	211897	KSERXGMCDHOLSS-LJQANCHMSA-N
canSAR	141783	BIAVGWDGIJKWRM-FQEVSTJZSA-N
canSAR	3445205	WRCGBYNVBFVRTN-UHFFFAOYSA-N
canSAR	263441	XNULRSOGWPFPBL-REWPJTCUSA-N
canSAR	139722	ADZBMFGQQWPHMJ-RHSMWYFYSA-N
canSAR	1687445	KYOIGHSNTIJBPW-UHFFFAOYSA-N
canSAR	1591631	ILOIOIGZFHGSMS-UHFFFAOYSA-N
canSAR	1447040	FROGGFONBYACJB-KRWDZBQOSA-N
canSAR	3319306	UQZCQKXJAXKZQH-LBPRGKRZSA-N
canSAR	527711	JZCWLJDSIRUGIN-UHFFFAOYSA-N
canSAR	943370	LCFFREMLXLZNHE-GBOLQPHISA-N
canSAR	161110	FUIYMYNYUHVDPT-HDJSIYSDSA-N
canSAR	924789	XOPYFXBZMVTEJF-PDACKIITSA-N
canSAR	1610895	CSWHYHPUEDNIQY-UHFFFAOYSA-N
canSAR	27596	PHCFSFBQEROREL-BQBZGAKWSA-N
canSAR	2912974	WGKGADVPRVLHHZ-ZHRMCQFGSA-N
canSAR	321917	QMGUOJYZJKLOLH-UHFFFAOYSA-N
canSAR	485193	GRTDDIZIUSADLD-CRAIPNDOSA-N
canSAR	454716	OXQNLLVUVDAEHC-OAQYLSRUSA-N
canSAR	614275	PKNYXWMTHFMHKD-UHFFFAOYSA-N
canSAR	882128	HRJWSEPIRZRGCL-UHFFFAOYSA-N
canSAR	1605420	KBFUQFVFYYBHBT-UHFFFAOYSA-N
canSAR	3622973	OYUDYQMFVRHPIY-UHFFFAOYSA-N
canSAR	2975052	USHQRIKZLHNPQR-JTQLQIEISA-N
canSAR	1483595	PQUGCKBLVKJMNT-UHFFFAOYSA-N
canSAR	3450665	QGZYDVAGYRLSKP-UHFFFAOYSA-N
canSAR	1684099	WWOOWAHTEXIWBO-QFRSUPTLSA-N
canSAR	2843074	WULUGQONDYDNKY-UHFFFAOYSA-N
canSAR	584508	CJAQCMBWGUOBIX-ZUQRMPMESA-M
canSAR	1750413	YEVOZZZLKJKCCD-UHFFFAOYSA-N
canSAR	619815	PRNXOFBDXNTIFG-FQEVSTJZSA-N
canSAR	878173	PQOOIERVZAXHBP-UHFFFAOYSA-N
canSAR	90095	COOGVHJHSCBOQT-MRVPVSSYSA-N
canSAR	3550552	DLNFTRSEHUWEGO-HUUCEWRRSA-N
canSAR	1227519	LIIWIMDSZVNYHY-UHFFFAOYSA-N
canSAR	316006	PDMXSCCBEBCTGX-UHFFFAOYSA-N
canSAR	3550546	QBIGUDRHHJTXKG-UUWRZZSWSA-N
canSAR	3550557	JYTISQGEFSHUIR-UHFFFAOYSA-N
canSAR	536599	GRXCLNMCJWKTAT-UHFFFAOYSA-N
canSAR	3511561	VGRLXWFIXGZRMS-UHFFFAOYSA-N
canSAR	759847	PGKXDIMONUAMFR-AREMUKBSSA-N
canSAR	3550547	PWKAYICUBVNJAZ-UHFFFAOYSA-N
canSAR	520081	MSTXJJGAXXJCBY-UHFFFAOYSA-N
canSAR	1714743	VHSVKVWHYFBIFJ-HKZYLEAXSA-N
canSAR	392882	IVDUVEGCMXCMSO-FQEVSTJZSA-N
canSAR	2842990	WOAOENGFAAUUGT-UHFFFAOYSA-N
canSAR	760641	HRJWTAWVFDCTGO-UHFFFAOYSA-N
canSAR	3129874	BZZKEPGENYLQSC-FIBGUPNXSA-N
canSAR	840349	XUKUURHRXDUEBC-KAYWLYCHSA-N
canSAR	3323307	WDHOIABIERMLGY-CMJOXMDJSA-N
canSAR	3339798	YTINZZFBHWSAGL-NDEPHWFRSA-N
canSAR	3590579	VNCIWNGCMAKKEO-UHFFFAOYSA-N
canSAR	7664	OBKXEAXTFZPCHS-UHFFFAOYSA-N
canSAR	2011599	VRQMAABPASPXMW-HDICACEKSA-N
canSAR	2920724	AVKAVKZKOFSSMY-DEOSSOPVSA-N
canSAR	3210317	QGNDVASWIHEXCL-AWEZNQCLSA-N
canSAR	120324	QCIJLRJBZDBVDB-UHFFFAOYSA-N
canSAR	750804	ZKIRTFGYQVXNGL-UHFFFAOYSA-N
canSAR	3059760	AQTNUGRRZDRZIA-UHFFFAOYSA-N
canSAR	867113	RZFJBSIAXYEPBX-UHFFFAOYSA-N
canSAR	3313071	IXWUILRSNIQHDM-QGZVFWFLSA-N
canSAR	1574321	INAICWLVUAKEPB-QSTFCLMHSA-N
canSAR	232973	GWGNPYYVGANHRJ-GDBMZVCRSA-N
canSAR	3137904	AUOSKLDNVNGKRR-UHFFFAOYSA-N
canSAR	837250	KGXBCWANASZZQG-UHFFFAOYSA-N
canSAR	3313072	ZRTFTZCKJUNZIU-HNNXBMFYSA-N
canSAR	2982640	CZKPAGLXQOQNEI-UHFFFAOYSA-N
canSAR	457169	JKJMWHULJIOKPJ-UHFFFAOYSA-N
canSAR	387211	TXJZRSRTYPUYRW-GHTZIAJQSA-N
canSAR	31029	DGEZNRSVGBDHLK-UHFFFAOYSA-N
canSAR	1078770	ARYUXFNGXHNNDM-UHFFFAOYSA-N
canSAR	3872894	WQAVGRAETZEADU-UHFFFAOYSA-N
canSAR	3894180	MLJVGAYSVYMPSB-MSUKGTQXSA-N
canSAR	1300914	CDJPHTNUARAVMH-SECBINFHSA-N
canSAR	1406851	HFNKQEVNSGCOJV-OAHLLOKOSA-N
canSAR	3315025	OQFCHSFVWSLDAO-UHFFFAOYSA-N
canSAR	1516244	WSEQXVZVJXJVFP-FQEVSTJZSA-N
canSAR	679096	AJBBEYXFRYFVNM-UHFFFAOYSA-N
canSAR	3935384	HNOLTAKAPDKZRY-AWEZNQCLSA-N
canSAR	613948	KJDAGXLMHXUAGV-DGWLBADLSA-N
canSAR	322202	FLNYLINBEZROPL-NSOVKSMOSA-N
canSAR	67064	GSCPDZHWVNUUFI-UHFFFAOYSA-N
canSAR	3213765	CMJJZRAAQMUAFH-INIZCTEOSA-N
canSAR	3156773	MSIJJXOWLFOYIN-UHFFFAOYSA-N
canSAR	3886767	FFLJVBPCONQSQW-UHFFFAOYSA-N
canSAR	3173350	IESAJAZKMLPVIB-VXGBXAGGSA-N
canSAR	2948441	PEMUGDMSUDYLHU-ZEQRLZLVSA-N
canSAR	2942155	NXQKSXLFSAEQCZ-SFHVURJKSA-N
canSAR	3935412	CAPZLSKZPWSIKV-LJQANCHMSA-N
canSAR	3895457	RIGHCDSORZCRDE-UHFFFAOYSA-N
canSAR	3196879	RAXZSEGXMBWYQK-SNVBAGLBSA-N
canSAR	792243	MVCOAUNKQVWQHZ-UHFFFAOYSA-N
canSAR	466313	RHFIAUKMKYHHFA-UHFFFAOYSA-N
canSAR	3935431	LUVOYGUFQRWXGQ-UHFFFAOYSA-N
canSAR	3935429	MCLDWKVRXDHDEI-UHFFFAOYSA-N
canSAR	3453318	VSMTYSWGHKYXOF-UHFFFAOYSA-N
canSAR	3160151	NWTCZTAQSRLSCP-UHFFFAOYSA-N
canSAR	1902215	DRSZMILOMUPIBJ-UHFFFAOYSA-N
canSAR	721492	ZLHFILGSQDJULK-UHFFFAOYSA-N
canSAR	3935434	CWLAIOPWFOOJHQ-QHCPKHFHSA-N
canSAR	278210	NCDZABJPWMBMIQ-INIZCTEOSA-N
canSAR	874973	XDJGNPSZQSWJCV-UHFFFAOYSA-N
canSAR	718414	UZWDCWONPYILKI-UHFFFAOYSA-N
canSAR	578727	QJZQFVRFJCGDKF-UHFFFAOYSA-N
canSAR	643373	YOVVNQKCSKSHKT-HNNXBMFYSA-N
canSAR	3218777	GBLBJPZSROAGMF-RWYJCYHVSA-N
canSAR	322852	HWVNEWGKWRGSRK-UHFFFAOYSA-N
canSAR	574349	KVLFRAWTRWDEDF-IRXDYDNUSA-N
canSAR	293552	HFLMLZKGLUEWBU-UHFFFAOYSA-N
canSAR	2865424	UKBQFBRPXKGJPY-INIZCTEOSA-N
canSAR	3886348	OAZAPIKYVGRNCO-UHFFFAOYSA-N
canSAR	668436	RSMYFSPOTCDHHJ-GOSISDBHSA-N
canSAR	230769	GOOYSJIWTIHOGW-UHFFFAOYSA-N
canSAR	1785299	JKDGKIBAOAFRPJ-ZBINZKHDSA-N
canSAR	3316728	SJHNWSAWWOAWJH-MRXNPFEDSA-N
canSAR	135759	DJVYXMINSBMUHH-QAQDUYKDSA-N
canSAR	1785169	CDQQWCLOMUMQMM-UHFFFAOYSA-N
canSAR	2976831	RQFYFNAGNBUGFC-UHFFFAOYSA-N
canSAR	3339086	COGUZYALRYMQTD-LJQANCHMSA-N
canSAR	3580467	WQVPGYMGERDXLH-UHFFFAOYSA-N
canSAR	870554	IWMCPJZTADUIFX-UHFFFAOYSA-N
canSAR	1421673	FWJRVGZWNDOOFH-OAHLLOKOSA-N
canSAR	3900947	QJSFLEBIQZMJQF-UHFFFAOYSA-N
canSAR	2855705	NIPTUMFVYBXSMZ-JOCHJYFZSA-N
canSAR	3445795	WDBUEMWHXKHQNB-NNAUULPKSA-N
canSAR	3445418	LWXOPXNDPRPGMJ-UHFFFAOYSA-N
canSAR	2888304	KOZGEDUWAQFVAV-UHFFFAOYSA-N
canSAR	3567225	DMUSMYYDKCXFKR-MRJIRHQNSA-N
canSAR	4118799	VNSQFPFWUAZOTQ-UHFFFAOYSA-N
canSAR	3935406	LXRBPWHQMGKMRT-GOSISDBHSA-N
canSAR	4127410	XUOJHVFYSAMHNK-GWMXKSKGSA-N
canSAR	659577	IVOACCSOISMVBL-UHFFFAOYSA-N
canSAR	2920851	HEUVRFNVTLGKMZ-SANMLTNESA-N
canSAR	375603	DNVXATUJJDPFDM-KRWDZBQOSA-N
canSAR	2897449	NZYTZRHHBAJPKN-UHFFFAOYSA-N
canSAR	991478	RCINICONZNJXQF-MZXODVADSA-N
canSAR	2905553	BDYDINKSILYBOL-WMZHIEFXSA-N
canSAR	2942156	DUCNNEYLFOQFSW-PMERELPUSA-N
canSAR	1681330	RPBMXJHQYJLPDN-UHFFFAOYSA-N
canSAR	877101	RNEOHKZPZKEZCQ-UHFFFAOYSA-N
canSAR	3245128	UYKVJQCPBDDIFD-ZSEKCTLFSA-N
canSAR	338263	RMCSKUADBRROSI-UHFFFAOYSA-N
canSAR	3931021	RWRSKMSFZCQDMQ-UHFFFAOYSA-N
canSAR	3196344	RIWTUJFFSTVYPW-UHFFFAOYSA-N
canSAR	3060670	QARLNMDDSQMINK-BVRKHOPBSA-N
canSAR	577259	HKASDKLLEVWKJA-YADARESESA-N
canSAR	2979899	MDUYWDNWFXSMJJ-XWLWVQCSSA-N
canSAR	300539	XRDVXQQZLHVEQZ-UHFFFAOYSA-N
canSAR	737489	MZBOZBMARIQZGX-GRRGFIRHSA-N
canSAR	2870539	LZNFQRSVDZCPTR-SCFUHWHPSA-N
canSAR	3931189	UNRTVIQQMJRQLZ-UHFFFAOYSA-N
canSAR	2933153	LQHDIGAYVSAVRJ-UHFFFAOYSA-N
canSAR	2855624	BWBUPDTUXQDHSX-AWEZNQCLSA-N
canSAR	1534082	ZRHWCAFAIHTQKD-QGZVFWFLSA-N
canSAR	3891163	CQAPXPSWLDAVEG-UHFFFAOYSA-N
canSAR	1448719	YNVKFHIWFDRVNY-UHFFFAOYSA-N
canSAR	853184	OBJNFLYHUXWUPF-IZZDOVSWSA-N
canSAR	3929729	QVQHWPLHUNEREE-UHFFFAOYSA-N
canSAR	3178755	XVFDNRYZXDHTHT-PXAZEXFGSA-N
canSAR	3156595	IVYQPSHHYIAUFO-VXKWHMMOSA-N
canSAR	3935432	RVOZYMPVGIVNJX-UHFFFAOYSA-N
canSAR	917167	DFQGDHBGRSTTHX-UHFFFAOYSA-N
canSAR	173082	HNIFCPBQMKPRCX-UHFFFAOYSA-N
canSAR	875576	REQQVBGILUTQNN-UHFFFAOYSA-N
canSAR	564583	YJPWVCIGSHWNON-UHFFFAOYSA-N
canSAR	288905	MCIACXAZCBVDEE-CUUWFGFTSA-N
canSAR	3446866	TVMJSGGZULFVCZ-XMMPIXPASA-N
canSAR	3312898	ZAGCLFXBHOXXEN-JPTLTNPLSA-N
canSAR	3879371	YIHHYCIYAIVQKX-MBIULKOWSA-N
canSAR	2843266	MSFPLTWUFWOKBX-IFXJQAMLSA-O
canSAR	783181	BBIPVJCGIASXJB-PKTZIBPZSA-N
canSAR	436369	SPMVMDHWKHCIDT-UHFFFAOYSA-N
canSAR	320348	ZRPZPNYZFSJUPA-UHFFFAOYSA-N
canSAR	3444910	TUCIOBMMDDOEMM-RIYZIHGNSA-N
canSAR	3930066	NDRFFOKFYGUOKD-ZDUSSCGKSA-N
canSAR	624063	HKSZLNNOFSGOKW-FYTWVXJKSA-N
canSAR	1660579	OPQRFPHLZZPCCH-PGMHBOJBSA-N
canSAR	4199064	PJKRNPPUSQSCHN-UHFFFAOYSA-N
canSAR	2927247	BLSNYSFLZAWBIV-SFHVURJKSA-N
canSAR	623542	QGPXEIMWTKWHMH-DEOSSOPVSA-N
canSAR	741271	AAHNBILIYONQLX-UHFFFAOYSA-N
canSAR	1323829	FRPJGTNLZNXQEX-UHFFFAOYSA-N
canSAR	428751	WDZVWDXOIGQJIO-UHFFFAOYSA-N
canSAR	356356	LWJGMYMNSNVCEM-UHFFFAOYSA-N
canSAR	3897346	BEBDKSYNJJVZSO-SECBINFHSA-N
canSAR	3935390	SWOIFXHMBKFCRM-UHFFFAOYSA-N
canSAR	630519	FOECKIWHCOYYFL-UHFFFAOYSA-N
canSAR	3213584	UNSHMXUHOHBLIQ-UHFFFAOYSA-N
canSAR	3234851	ZGBAPSHWPBXEKN-OPHFCASCSA-N
canSAR	3550533	QVIWDCUKIZPUBD-WLRWWHNQSA-N
canSAR	388599	XFYUTGIEFKGWND-NRFANRHFSA-N
canSAR	3550532	KIWKRCCIHSGWQS-VIFPVBQESA-N
canSAR	555762	OMZCMEYTWSXEPZ-UHFFFAOYSA-N
canSAR	612739	BMLGZNVPWRUVNM-IBGZPJMESA-N
canSAR	534216	DRIMIUYGTDAQOX-KRWDZBQOSA-N
canSAR	3325783	LZSPYTNDRPEZBK-OXYJHPMESA-N
canSAR	3652871	FSELUFUYNUNZKD-UHFFFAOYSA-N
canSAR	3597778	CYFBRQHYEQKYHH-MRXNPFEDSA-N
canSAR	888515	AESXAJXKMUNYJP-ZWFIUULVSA-N
canSAR	995003	CSBKUBOVPUXFLO-MAVVKCOWSA-N
canSAR	462663	CLSNATLUIXZPMV-UHFFFAOYSA-N
canSAR	735548	NTIFDLOQPKMIJK-AJTFRIOCSA-N
canSAR	776071	VERWOWGGCGHDQE-UHFFFAOYSA-N
canSAR	813139	NRJKIOCCERLIDG-GOSISDBHSA-N
canSAR	3872899	BRJXJOWXAFLRTE-OAQYLSRUSA-N
canSAR	4199063	XOQVZSSDIQQUGO-UHFFFAOYSA-N
canSAR	964366	URWYQGVSPQJGGB-DHUJRADRSA-N
canSAR	859517	HDZWHJYZJWLTAG-UHFFFAOYSA-N
canSAR	3319446	BJXYHBKEQFQVES-NWDGAFQWSA-N
canSAR	723380	BXKNUXDLZJPPBO-UHFFFAOYSA-N
canSAR	3622969	WCPXAGKUVIPMIY-TZQLILQPSA-N
canSAR	561495	VHSIAYLBCLUAFT-UHFFFAOYSA-N
canSAR	3218587	AZXOTZCWQDJCLY-SJCJKPOMSA-N
canSAR	4199101	APLVGTKXOIMODQ-IBGZPJMESA-N
canSAR	3935433	MHMPZSOMHQSWEN-UHFFFAOYSA-N
canSAR	1869623	WGYWHJPQFQGLOQ-UHFFFAOYSA-N
canSAR	3550555	TXIYVFVMXNFNRX-UHFFFAOYSA-N
canSAR	316666	MAHFVAHPQSLLJF-IBGZPJMESA-N
canSAR	2968658	BNYXRPMABDQJJR-UHFFFAOYSA-N
canSAR	4199102	PIJSEUOSRTYUJM-UHFFFAOYSA-N
canSAR	3148788	UCBIQZUJJSVQHL-UHFFFAOYSA-N
canSAR	3550539	WBFJDKLBAAHKIL-UHFFFAOYSA-N
canSAR	3318578	DVIVLYHDLNAXAT-OAQYLSRUSA-N
canSAR	2937943	HZRJHVDNTDBTOZ-QGZVFWFLSA-N
canSAR	741335	LHGUZCKPFXXVPV-GOSISDBHSA-N
canSAR	461444	QKKIWEILHCXECO-UHFFFAOYSA-N
canSAR	4199099	KLGDKBPAEMOECW-UHFFFAOYSA-N
canSAR	3546596	KIEQQZZDWUNUQK-UHFFFAOYSA-N
canSAR	3550544	HLHNFJNSQZZUNW-MAEOIBBWSA-N
canSAR	1693860	GCWIQUVXWZWCLE-INIZCTEOSA-N
canSAR	625199	AUIFRJWXYUNPPV-QFIPXVFZSA-N
canSAR	3183084	KHVVJKLNKLQLJZ-SFHVURJKSA-N
canSAR	255911	SAAYRHKJHDIDPH-UHFFFAOYSA-N
canSAR	3935396	VGFHPNRWHOQLEB-UHFFFAOYSA-N
canSAR	455810	FHCSBLWRGCOVPT-UHFFFAOYSA-N
canSAR	3212927	WQNRDXHKVSKUPI-UHFFFAOYSA-N
canSAR	2897274	VUIITYLFSAXKIQ-UHFFFAOYSA-N
canSAR	218601	WQKXOAJVNFOHNZ-UHFFFAOYSA-N
canSAR	3318719	KTACUAZSJJIUKD-QXONSOMPSA-N
canSAR	2912953	IEFFSHLHNYVSEF-UHFFFAOYSA-N
canSAR	3222830	LVEUPFUJRKZPEN-UHFFFAOYSA-N
canSAR	114504	DDKHTWASHUKHLD-UHFFFAOYSA-N
canSAR	3550542	YCFFONJEHNSECY-UHFFFAOYSA-N
canSAR	3929995	DZIHITUUUPJMOQ-UHFFFAOYSA-N
canSAR	543527	JRJKATLTRNXYCE-UHFFFAOYSA-N
canSAR	379664	IFSDAJWBUCMOAH-HNNXBMFYSA-N
canSAR	3239852	BXDZOYLPNAIDOC-UHFFFAOYSA-N
canSAR	3244218	WGMNFJAFXXXRLZ-GEVKEYJPSA-N
canSAR	3935430	OCQCKUTZHBQNEI-UHFFFAOYSA-N
canSAR	2879307	PFZRXJIYAFANHP-IBGZPJMESA-N
canSAR	4138183	KGJVKYSVVOQPDL-UHFFFAOYSA-N
canSAR	1875008	MRHRACKJKBOJEI-UHFFFAOYSA-N
canSAR	3444996	ZOIBZSZLMJDVDQ-UHFFFAOYSA-N
canSAR	4199097	XASOHFCUIQARJT-UHFFFAOYSA-N
canSAR	1588366	JCSGFHVFHSKIJH-UHFFFAOYSA-N
canSAR	3929850	HEVVNKYNJCSHFA-UHFFFAOYSA-N
canSAR	3886352	KFRGPUFONMCXQI-RUZDIDTESA-N
canSAR	624473	XKFTZKGMDDZMJI-HSZRJFAPSA-N
canSAR	519536	QPGYAMIHXLCFTJ-UHFFFAOYSA-N
canSAR	63385	HKROEBDHHKMNBZ-CHBKHGQFSA-N
canSAR	2879300	DFQAJLQXPSPNJE-UHFFFAOYSA-N
canSAR	747413	HOTSVKDMIYWWIY-UHFFFAOYSA-N
canSAR	531916	AECDBHGVIIRMOI-UHFFFAOYSA-N
canSAR	1034345	PTAMRJLIOCHJMQ-PYNGZGNASA-N
canSAR	332727	JGPJQFOROWSRRS-UHFFFAOYSA-N
canSAR	4448017	QEASMQZYZCGOSA-UHFFFAOYSA-N
canSAR	2948538	VQINULODWGEVBB-UHFFFAOYSA-N
canSAR	3935387	GPXQUPCJIJBXHJ-UHFFFAOYSA-N
canSAR	1897280	YHYKUSGACIYRML-KRWDZBQOSA-N
canSAR	7437474	UWPFUBNCDABUEE-SIFUEBAJSA-N
canSAR	4214392	VLYNCWZASZUTNV-FCQUAONHSA-N
canSAR	3935414	XKDHFIPNTTUSIA-UHFFFAOYSA-N
canSAR	3931139	ALGPVOJFIGPPPX-VIFPVBQESA-N
canSAR	3449721	UOZVVPXKJGOFIG-UHFFFAOYSA-N
canSAR	1443338	PCOXPBOKDABARQ-UHFFFAOYSA-N
canSAR	20808	YXEWPGYLMHXLPS-UHFFFAOYSA-N
canSAR	51045	MSYKRHVOOPPJKU-BDAKNGLRSA-N
canSAR	7159458	GCVYFXYBQCKHCH-UHFFFAOYSA-N
canSAR	4209877	JGLGMFHQGRAHAO-HXUWFJFHSA-N
canSAR	4497458	XKYVECRUZPCRQR-UHFFFAOYSA-N
canSAR	3884520	GHNYLVIESIGHDJ-OAQYLSRUSA-N
canSAR	120344	YHLQVQKZDZYMIP-MOPGFXCFSA-N
canSAR	563431	NDAZATDQFDPQBD-UHFFFAOYSA-N
canSAR	3315041	UCJZOKGUEJUNIO-IINYFYTJSA-N
canSAR	3895302	ZLVKIBLQXFILMA-IKGGRYGDSA-N
canSAR	3935408	STPSLAZMEWZDAJ-AREMUKBSSA-N
canSAR	4199104	JQLMEZBHIJSVKR-UHFFFAOYSA-N
canSAR	3129634	VBYGXNURPHQSPG-MUUNZHRXSA-N
canSAR	1860952	DZTGIRNXWSZBIM-QURGRASLSA-N
canSAR	3932768	YLHSFRZHEMHKAF-UHFFFAOYSA-N
canSAR	790313	YDPMMWAOCCOULO-JBRSBNLGSA-N
canSAR	302035	SPDQRCUBFSRAFI-DOMZBBRYSA-N
canSAR	3935393	DORZPJWJOBMQKC-UHFFFAOYSA-N
canSAR	2897507	NDEORODKVUYMFQ-NHCUHLMSSA-N
canSAR	7437477	CFUSHHQUUUZFAG-UHFFFAOYSA-N
canSAR	3182031	IIKPYJZUOZRTIB-UHFFFAOYSA-N
canSAR	382669	WKDNQONLGXOZRG-HRNNMHKYSA-N
canSAR	3445603	HEAGNKNMQVIVMM-UHFFFAOYSA-N
canSAR	3313090	GPMTWAPXRJMXCC-UHFFFAOYSA-N
canSAR	211902	JNAABFZPXJJMPX-UHFFFAOYSA-N
canSAR	611302	JWZAQUXBYYOGFA-UHFFFAOYSA-N
canSAR	1756830	WMCOYUSJXXCHFH-UHFFFAOYSA-N
canSAR	7158974	SZZJHKUNVBZYMT-RGULYWFUSA-N
canSAR	706860	GHKMIOAEPALCFS-UHFFFAOYSA-N
canSAR	3313745	RTFQFPZKDYMMMJ-RIAKQDHQSA-N
canSAR	3314963	YJOJMGTVKMABKQ-FIQOPJFZSA-N
canSAR	972138	YNDJPWSVYYRNTJ-MEXKHVBFSA-N
canSAR	3314133	JECHBTRAPARMGI-KMIZWFMDSA-N
canSAR	3314073	QUQTXFIMYFMULC-OGOZKGDESA-N
canSAR	3313082	ZSCOIFSUFMYZEZ-YSWDPXALSA-N
canSAR	3228219	BQXUPNKLZNSUMC-YUQWMIPFSA-N
canSAR	3213557	PACRWHUPEPCFHX-UHFFFAOYSA-N
canSAR	3314425	ZUODKONSNNHSAJ-AMLBMYBGSA-N
canSAR	1036881	XIRQUXILNXIWDI-UHFFFAOYSA-N
canSAR	3313080	WMBSSRAFHKGIRA-UHFFFAOYSA-N
canSAR	7432016	LJGCXHMGIUJXDV-UHFFFAOYSA-N
canSAR	3935382	HZHUKQLWLNDVDZ-IBDVCRJISA-N
canSAR	2958551	XPEJZXWPKDAYFX-UHFFFAOYSA-N
canSAR	256471	SYRVEVZSXHRXIX-KRWDZBQOSA-N
canSAR	137942	WAFNVKVWBPXGHK-QDUSTFBWSA-N
canSAR	4209857	BUIJBFHGUQJYSD-XZOQPEGZSA-N
canSAR	476826	BLFBSGVUERKSST-UHFFFAOYSA-N
canSAR	4199075	GRKYJLSMFYQHMP-APASRLOHSA-N
canSAR	3313976	ZOJWMCDSTRTTOW-UHFFFAOYSA-N
canSAR	613941	MOWXJLUYGFNTAL-DEOSSOPVSA-N
canSAR	3317313	BPLPIBNWDLPUKP-UHFFFAOYSA-N
canSAR	7437481	SMVCNKJTRUVRLZ-UHFFFAOYSA-N
canSAR	3882367	OMISHRJQMYQPMG-UHFFFAOYSA-N
canSAR	3872903	LTOAWFRZXVPHAJ-UHFFFAOYSA-N
canSAR	607333	AOTRIQLYUAFVSC-UHFFFAOYSA-N
canSAR	3930676	IPDMIUDPUBUHSU-INIZCTEOSA-N
canSAR	3634675	ATKHYZXUMVNCIO-UHFFFAOYSA-N
canSAR	3879341	WXRCLFFPZXJCLS-UHFFFAOYSA-N
canSAR	338098	KLKKWCPJBTXWOV-UHFFFAOYSA-N
canSAR	2888249	IPUJINDWAGRAHN-KNXBSLHKSA-N
canSAR	3196383	FMQWOAKTQPLQBR-SANMLTNESA-N
canSAR	618499	JOFQERPJMGKMMX-QGZVFWFLSA-N
canSAR	4199105	CRLZRGXSDBAEFD-UHFFFAOYSA-N
canSAR	4199096	IKPNRMYDOSNVAU-UHFFFAOYSA-N
canSAR	4199066	OYDTWNVVTPPDDO-UHFFFAOYSA-N
canSAR	7380012	UEMPFKOYBHCUIG-QVIWBNHYSA-N
canSAR	3932205	ILPWEAHQRAWJIU-OAHLLOKOSA-N
canSAR	3879279	DVFCRTGTEXUFIN-GFCCVEGCSA-N
canSAR	7437482	WAVPKLNVEGDDGC-LFIBNONCSA-N
canSAR	238828	LTWQQWSXYYXVGA-UHFFFAOYSA-N
canSAR	3145566	KPABJHHKKJIDGX-JOCHJYFZSA-N
canSAR	4199067	HPBOMWKBZHYYGE-UHFFFAOYSA-N
canSAR	297861	JDUBGYFRJFOXQC-KRWDZBQOSA-N
canSAR	4447934	MCRHRRIGPAVFNY-SFHVURJKSA-N
canSAR	7160398	FXMIIWBGTCDJJQ-UHFFFAOYSA-N
canSAR	4199070	HKXSBJJCHBFTMB-UHFFFAOYSA-N
canSAR	4199094	IRKXKBMGTVDZAJ-UHFFFAOYSA-N
canSAR	4004004	VBTBURGKMCKOJC-UHFFFAOYSA-N
canSAR	7437484	IYFCFYWXRIVCTH-OAHLLOKOSA-N
canSAR	7110366	JOAFWIHZEBKYQK-OAHLLOKOSA-N
canSAR	7052217	QJRFBKYETDVAJQ-ZEQKJWHPSA-N
canSAR	7437475	FVZCFUKXGUUDBQ-ZWSMLAFMSA-N
canSAR	829563	YPPSMYLMSKHYAY-UHFFFAOYSA-N
canSAR	7018258	XDPRKJSOJYMCMZ-UHFFFAOYSA-N
canSAR	1129932	HUQKUJNSVHEHIH-UHFFFAOYSA-N
canSAR	1236171	LMXYVLFTZRPNRV-KMKOMSMNSA-N
canSAR	4205887	GPKLWRHHVIBYEO-KMKOMSMNSA-N
canSAR	4141755	FOLSZCLZVLICGG-GJYPPUQNSA-N
canSAR	748651	AKCDDYGYIGPEKL-JQOQJDEVSA-N
canSAR	1761250	CAOSCCRYLYQBES-UHFFFAOYSA-N
canSAR	3971069	HFOBENSCBRZVSP-NRFSWKIWSA-N
canSAR	7437487	XYKISMBNQVUKPW-GOSISDBHSA-N
canSAR	1817032	GMZCYCKIXQZORP-UHFFFAOYSA-N
canSAR	7302075	VDGNPEFFHQRGOP-UHFFFAOYSA-N
canSAR	7369215	JJRRWLVKNLMRSA-UHFFFAOYSA-N
canSAR	7382686	ZZFKEZYGYPWBGP-UHFFFAOYSA-N
canSAR	7437493	STQKUEFQEVDNLU-UHFFFAOYSA-N
canSAR	7437486	MVYWULXPOKYILU-UHFFFAOYSA-N
canSAR	1478189	VZAFGXCWAWRULT-UONOGXRCSA-N
canSAR	6614335	OLEFHQBTXFCZON-HXUWFJFHSA-N
canSAR	3879607	WZMIWVZGYMKUDV-UHFFFAOYSA-N
canSAR	7400695	LPQXZOJIUVOCAL-NRFANRHFSA-N
canSAR	7160166	KHLKLLMMPVSSQY-UHFFFAOYSA-N
canSAR	3339609	YBXRSCXGRPSTMW-CYBMUJFWSA-N
canSAR	3887017	SCLLZBIBSFTLIN-INOGPEIASA-N
canSAR	3449864	XVECNLUKQDKOST-UHFFFAOYSA-N
canSAR	3558528	CKFRXCBNKKOFGO-IGEOTXOUSA-N
canSAR	3141075	FFPHMUIGESPOTK-UHFFFAOYSA-N
canSAR	1040919	DNHPDWGIXIMXSA-CXNSMIOJSA-N
canSAR	519764	MMJPVSDTLGFIQW-UHFFFAOYSA-N
canSAR	7364934	KVMGAIOTUIGROS-AZUAARDMSA-N
canSAR	7437494	ZGTWRRCZLAOQMY-UHFFFAOYSA-N
canSAR	7437489	UFKFTBGGMLIIME-DEOSSOPVSA-N
canSAR	880963	ZHXNIYGJAOPMSO-UHFFFAOYSA-N
canSAR	3178381	HCDAVCLCBXIYPW-QGZVFWFLSA-N
canSAR	3142971	MVULIYLBRNHLEE-LFHXYJAASA-N
canSAR	7437490	RXSCURXNWIHEAV-UHFFFAOYSA-N
canSAR	3898951	BOXZMOCGSKLDAH-OUZJXKGJSA-N
canSAR	1040176	FYSWLIFIYIVHPI-DDWISSAJSA-N
canSAR	4199074	KBTKRNXLECYGBY-NERSTHRASA-N
canSAR	3550549	OFNZESNEBSQKSE-BQGOKDIQSA-N
canSAR	3313890	GJCIYFAPQUEGNE-UHFFFAOYSA-N
canSAR	7019051	AZBRPAQQOMDJLZ-UHFFFAOYSA-N
canSAR	311842	AWNXKZVIZARMME-UHFFFAOYSA-N
canSAR	326840	FSZPIAXLCCQFCM-FCQUAONHSA-N
canSAR	1821612	UZANYRRVDZSQGV-UHFFFAOYSA-N
canSAR	420608	YBMGNDPBARCLFT-UHFFFAOYSA-N
canSAR	767103	GEPYBHCJBORHCE-SFHVURJKSA-N
canSAR	1478198	YTGYWPTWNBGCLG-UHFFFAOYSA-N
canSAR	466009	CCAWRGNYALGPQH-UHFFFAOYSA-N
canSAR	623531	JCKGSPAAPQRPBW-OAQYLSRUSA-N
canSAR	1780473	BJFSUDWKXGMUKA-UHFFFAOYSA-N
canSAR	878306	RNAMYOYQYRYFQY-UHFFFAOYSA-N
canSAR	727620	QOECJCJVIMVJGX-UHFFFAOYSA-N
canSAR	873612	DPJNKUOXBZSZAI-UHFFFAOYSA-N
canSAR	387221	WBKCKEHGXNWYMO-UHFFFAOYSA-N
canSAR	1550951	BKCDJTRMYWSXMC-UHFFFAOYSA-N
canSAR	2849142	TWKYXZSXXXKKJU-FQEVSTJZSA-N
canSAR	661904	OTTJIRVZJJGFTK-SFHVURJKSA-N
canSAR	135764	ZKXZLIFRWWKZRY-KRWDZBQOSA-N
canSAR	2972225	ABGOSOMRWSYAOB-UHFFFAOYSA-N
canSAR	820132	PSOXOVKYGWBTPB-UHFFFAOYSA-N
canSAR	353731	MPUQHZXIXSTTDU-QXGSTGNESA-N
canSAR	1783947	DYIRSNMPIZZNBK-UHFFFAOYSA-N
canSAR	738542	DRLCSJFKKILATL-YWCVFVGNSA-N
canSAR	947606	HXZRMADPDYFMEB-FTTMEYFSSA-N
canSAR	997103	QFJCIRLUMZQUOT-HPLJOQBZSA-N
canSAR	805747	ZDNGJXBUEQNFBQ-GCJKJVERSA-N
canSAR	979085	QJJXYPPXXYFBGM-LFZNUXCKSA-N
canSAR	689769	YKNAKDFZAWQEEO-IBGZPJMESA-N
canSAR	716535	QJZRFPJCWMNVAV-HHHXNRCGSA-N
canSAR	1081646	JNAHVYVRKWKWKQ-CYBMUJFWSA-N
canSAR	422599	FDLYAMZZIXQODN-UHFFFAOYSA-N
canSAR	1512158	PCHKPVIQAHNQLW-CQSZACIVSA-N
canSAR	576596	ULXXDDBFHOBEHA-CWDCEQMOSA-N
canSAR	388399	KXBDTLQSDKGAEB-UHFFFAOYSA-N
canSAR	3312904	ZVWPOIUAPXDLMB-UHFFFAOYSA-N
canSAR	2982200	LGWDVWIZDPGCFG-UHFFFAOYSA-N
canSAR	524939	SQSZANZGUXWJEA-UHFFFAOYSA-N
canSAR	671949	IFWUBRBMMNTBRZ-UHFFFAOYSA-N
canSAR	746858	GMPQGWXPDRNCBL-UHFFFAOYSA-N
canSAR	1897397	CYOHGALHFOKKQC-UHFFFAOYSA-N
canSAR	609832	REVJNSVNICWODC-KIDMSAQOSA-N
canSAR	752635	NDVQUNZCNAMROD-RZUBCFFCSA-N
canSAR	469255	DFBDRVGWBHBJNR-BBNFHIFMSA-N
canSAR	1887473	RRZVGDGTWNQAPW-UHFFFAOYSA-N
canSAR	633821	ITTRLTNMFYIYPA-UHFFFAOYSA-N
canSAR	1688668	OIGNJSKKLXVSLS-VWUMJDOOSA-N
canSAR	3164072	PMQUGSPFUBGJCZ-CHOKWEPUSA-N
canSAR	308448	QKPUKWQKXUUTOK-UHFFFAOYSA-N
canSAR	2920849	MFYLCAMJNGIULC-KCVUFLITSA-N
canSAR	2913054	PIEQDBPBBQPLPL-UHFFFAOYSA-N
canSAR	7052943	UMUQEMHROZVOTF-LJQANCHMSA-N
canSAR	959554	BHUZLJOUHMBZQY-YXQOSMAKSA-N
canSAR	3313085	VPQCHIWQHIOPQS-UHFFFAOYSA-N
canSAR	3450313	HXBRBOYWXDLHDC-UHFFFAOYSA-N
canSAR	1380420	FQAXDSVNYVVQSE-UHFFFAOYSA-N
canSAR	7437496	VTFWALACVWFKNO-OCJYXSBASA-N
canSAR	168214	RJTJRVASUFIDQM-UHFFFAOYSA-N
canSAR	2968794	MDGIEDNDSFMSLP-UHFFFAOYSA-N
canSAR	747084	BHKDKKZMPODMIQ-UHFFFAOYSA-N
canSAR	3312900	NMQUSJQZQWKQBL-UHFFFAOYSA-N
canSAR	685872	OSXFATOLZGZLSK-UHFFFAOYSA-N
canSAR	3932029	KMFLQPJJHQNKKF-UHFFFAOYSA-N
canSAR	1808649	DUIHHZKTCSNTGM-UHFFFAOYSA-N
canSAR	1988291	LBVKEEFIPBQIMD-JTQLQIEISA-N
canSAR	659994	FIVSJYGQAIEMOC-ZGNKEGEESA-N
canSAR	7437498	WMOAPWVQPPIAFY-HSZRJFAPSA-N
canSAR	7159151	YCBIMOYJAYMCOJ-CCEZHUSRSA-N
canSAR	7437499	JLNAZAXGWJVJEC-UHFFFAOYSA-N
canSAR	7308775	YLGMPWWMPCGYBF-UHFFFAOYSA-N
canSAR	3930871	RGHLRMNPUGUZEY-UHFFFAOYSA-N
canSAR	3314752	GYKNPXCQINZRLL-UHFFFAOYSA-N
canSAR	1654535	RDLSKDOSNKLEAQ-UHFFFAOYSA-N
canSAR	2920807	KGSBEYKVWODBRD-ICSRJNTNSA-N
canSAR	4231536	XSQUJFKRXZMOKA-PAFIKIDNSA-N
canSAR	3313084	ISNXAOFEMNFJCO-YUXAGFNASA-N
canSAR	1750990	XUZMWHLSFXCVMG-UHFFFAOYSA-N
canSAR	3340446	SGSFONPFVRRJLS-UHFFFAOYSA-N
canSAR	517482	LGLHCXISMKHLIK-UHFFFAOYSA-N
canSAR	129909	XLOGLWKOHPIJLV-UHFFFAOYSA-N
canSAR	1716784	LOGJQOUIVKBFGH-YBEGLDIGSA-N
canSAR	885852	JIFCFQDXHMUPGP-UHFFFAOYSA-N
canSAR	467169	NDEXUOWTGYUVGA-LJQANCHMSA-N
canSAR	1618107	MUOKSQABCJCOPU-UHFFFAOYSA-N
canSAR	1825686	CMWRPDHVGMHLSZ-GFCCVEGCSA-N
canSAR	829372	DADASRPKWOGKCU-FVTQAUBDSA-N
canSAR	432350	HZASIAXCPXTISQ-NVXWUHKLSA-N
canSAR	1644683	AUMDBEHGJRZSOO-UHFFFAOYSA-N
canSAR	945181	HDAJDNHIBCDLQF-RUZDIDTESA-N
canSAR	387296	LCVIRAZGMYMNNT-UHFFFAOYSA-N
canSAR	299737	STUWGJZDJHPWGZ-LBPRGKRZSA-N
canSAR	2954220	HTFNVAVTYILUCF-UHFFFAOYSA-N
canSAR	1891880	VEPKQEUBKLEPRA-UHFFFAOYSA-N
canSAR	696603	KDGFLJKFZUIJMX-UHFFFAOYSA-N
canSAR	495280	AHJRHEGDXFFMBM-UHFFFAOYSA-N
canSAR	660740	ZBCMHWUFWQFPLV-VVOJOOEHSA-N
canSAR	735997	IVUGFMLRJOCGAS-UHFFFAOYSA-N
canSAR	466885	JCINBYQJBYJGDM-UHFFFAOYSA-N
canSAR	597831	JUSFANSTBFGBAF-IRXDYDNUSA-N
canSAR	380624	HXMGCTFLLWPVFM-GOSISDBHSA-N
canSAR	1606527	DEZZLWQELQORIU-RELWKKBWSA-N
canSAR	1723579	BCZUAADEACICHN-UHFFFAOYSA-N
canSAR	418517	AQGNHMOJWBZFQQ-UHFFFAOYSA-N
canSAR	295716	IENLGMOXAQMNEH-CYBMUJFWSA-N
canSAR	627580	LHNIIDJUOCFXAP-UHFFFAOYSA-N
canSAR	129518	PSICWGWNIOOULV-UHFFFAOYSA-N
canSAR	2945471	UYUHRKLITDJEHB-UHFFFAOYSA-N
canSAR	617626	MJSHVHLADKXCML-RQNOJGIXSA-N
canSAR	1514280	MYKOWOGZBMOVBJ-UHFFFAOYSA-N
canSAR	740659	AHYMHWXQRWRBKT-UHFFFAOYSA-N
canSAR	4210034	VASPFLVEEOBQOS-UHFFFAOYSA-N
canSAR	651981	AYCPARAPKDAOEN-LJQANCHMSA-N
canSAR	327322	DEEOXSOLTLIWMG-UHFFFAOYSA-N
canSAR	1597130	SCFMWQIQBVZOQR-UHFFFAOYSA-N
canSAR	1913977	DTEKTGDVSARYDS-UHFFFAOYSA-N
canSAR	763292	XQVVPGYIWAGRNI-JOCHJYFZSA-N
canSAR	641963	QAPAJIZPZGWAND-UHFFFAOYSA-N
canSAR	713353	KTUFNOKKBVMGRW-UHFFFAOYSA-N
canSAR	990201	LQBVNQSMGBZMKD-UHFFFAOYSA-N
canSAR	922883	SOYCFODXNRVBTI-UHFFFAOYSA-N
canSAR	841272	JKMWZKPAXZBYEH-JWHWKPFMSA-N
canSAR	990301	XMVAWGSQPHFXKU-UHFFFAOYSA-N
canSAR	2959159	ZFBHXVOCZBPADE-SSEXGKCCSA-N
canSAR	3935410	SXQZEMXQTRNLRZ-HXUWFJFHSA-N
canSAR	2897538	GXTJETQFYHZHNB-GASCZTMLSA-N
canSAR	2843004	QLXULUNLCRKWRD-UHFFFAOYSA-N
canSAR	923369	JWZSSEWMVYKYKW-UHFFFAOYSA-N
canSAR	4448820	VYWRYBZVVSPTQN-SANMLTNESA-N
canSAR	3048723	OZFFKOSQNBBYCA-UHFFFAOYSA-N
canSAR	735720	ONIQOQHATWINJY-UHFFFAOYSA-N
canSAR	118241	WBLVOWHFRUAMCP-UHFFFAOYSA-N
canSAR	3313073	DTBGJTHCIGPRDA-UHFFFAOYSA-N
canSAR	537794	DKZYXHCYPUVGAF-JCNLHEQBSA-N
canSAR	3128514	SXWMIXPJPNCXQQ-UHFFFAOYSA-N
canSAR	732889	BKWJAKQVGHWELA-UHFFFAOYSA-N
canSAR	2849516	YKDZIFFKQUNVHH-UHFFFAOYSA-N
canSAR	240606	GJYVLTPTDBQQCY-UHFFFAOYSA-N
canSAR	295376	IRTDIKMSKMREGO-OAHLLOKOSA-N
canSAR	1711060	SUNXHXDJOIXABJ-NSHDSACASA-N
canSAR	887849	CDOOFZZILLRUQH-GDLZYMKVSA-N
canSAR	597001	VMJFTOSOFDEKTM-UHFFFAOYSA-N
canSAR	3313065	WKIALOXOAZXGMG-UHFFFAOYSA-N
canSAR	3313070	XWQVQSXLXAXOPJ-QNGMFEMESA-N
canSAR	1788744	KNLROUBMVYVLGX-UHFFFAOYSA-N
canSAR	385619	AUWUGRCKTQSGJY-HHHXNRCGSA-N
canSAR	536706	IXZOHGPZAQLIBH-NRFANRHFSA-N
canSAR	3929252	GSGDUDAFETZSPM-IATAILRESA-N
canSAR	3145062	BANRYGZZIMCKNA-OYGJEQPESA-N
canSAR	3312892	PWBHUSLMHZLGRN-UHFFFAOYSA-N
canSAR	2879308	WCPTUQOMNJBIET-CALCHBBNSA-N
canSAR	703029	NWGMIELHSCQGOG-ZDUSSCGKSA-N
canSAR	1301406	FMTVWAGUJRUAKE-UHFFFAOYSA-N
canSAR	680376	OHRURASPPZQGQM-GCCNXGTGSA-N
canSAR	1912797	OHRDCQFCAWLDBP-SBUREZEXSA-N
canSAR	3985626	KKFFOOWORPUAJB-NVXWUHKLSA-N
canSAR	3313079	XCGYXEVLQIIEJH-UHFFFAOYSA-N
canSAR	1780427	BNTAEJNPQLMGDJ-LLVKDONJSA-N
canSAR	468943	PFPSFENQCNMITC-MRXNPFEDSA-N
canSAR	856426	WXRGFPHDRFQODR-ICLZECGLSA-N
canSAR	826223	ULNXAWLQFZMIHX-UHFFFAOYSA-N
canSAR	209990	PFHDWRIVDDIFRP-UHFFFAOYSA-N
canSAR	873616	NSQSAUGJQHDYNO-UHFFFAOYSA-N
canSAR	1868908	CACMCLIHCDTJHL-IDTAVKCVSA-N
canSAR	1583368	XGVXKJKTISMIOW-ZDUSSCGKSA-N
canSAR	2937942	LQTWDAYNGMMHLV-UHFFFAOYSA-N
canSAR	753681	HPODOLXTMDHLLC-QGZVFWFLSA-N
canSAR	714811	PTPNCCWOTBBVJR-UHFFFAOYSA-N
canSAR	1685260	ATFQBBCQZKVZJN-QMMMGPOBSA-N
canSAR	590098	QLPHOXTXAKOFMU-WBVHZDCISA-N
canSAR	2888113	XKQLNDPUQSZBJW-QGHHPUGFSA-N
canSAR	403250	VOVZXURTCKPRDQ-CQSZACIVSA-N
canSAR	3451465	YHMDHAMZFMNMTF-MSOLQXFVSA-N
canSAR	270147	IIQUYGWWHIHOCF-UHFFFAOYSA-N
canSAR	536057	OINGHOPGNMYCAB-INIZCTEOSA-N
canSAR	2860091	JBGYKRAZYDNCNV-UHFFFAOYSA-N
canSAR	1385905	DMIDPTCQPIJYFE-UHFFFAOYSA-N
canSAR	3232522	HSVRUECLQUGTDS-UHFFFAOYSA-N
canSAR	207292	VUIRVWPJNKZOSS-UHFFFAOYSA-N
canSAR	873758	XMWUCMFVDXDRDE-NRFANRHFSA-N
canSAR	3186334	VIQXILLOJLATEF-UHFFFAOYSA-N
canSAR	700581	UJGTUKMAJVCBIS-UHFFFAOYSA-N
canSAR	3217678	ZPNTXOKOIHPCLI-UHFFFAOYSA-N
canSAR	3225199	NVGROBHDOYRPAN-FPTDNZKUSA-N
canSAR	3154025	VKQBTIMLSDGNLG-QHCPKHFHSA-N
canSAR	490179	ZNNLBTZKUZBEKO-UHFFFAOYSA-N
canSAR	494113	FAEKWTJYAYMJKF-QHCPKHFHSA-N
canSAR	135972	LYPAFUINURXJSG-AWEZNQCLSA-N
canSAR	220962	JGWRKYUXBBNENE-UHFFFAOYSA-N
canSAR	3319832	RZLXOEIALAVGKH-UHFFFAOYSA-N
canSAR	724876	ZKIQFLSGMMYCGS-SANMLTNESA-N
canSAR	1568061	PMJIHLSCWIDGMD-UHFFFAOYSA-N
canSAR	4199062	NIHAFOURWLZLFN-UHFFFAOYSA-N
canSAR	3150449	KKMZWHRTQLNOCF-UHFFFAOYSA-N
canSAR	741719	NFHSJYKXENYICE-UHFFFAOYSA-N
canSAR	1730991	GOVYBPLHWIEHEJ-UHFFFAOYSA-N
canSAR	331323	OJQMKCBWYCWFPU-UHFFFAOYSA-N
canSAR	7047193	WXTJCPHELGTTJU-FMKPAKJESA-N
canSAR	170254	JYYLVUFNAHSSFE-UHFFFAOYSA-N
canSAR	906703	DNVFTXQYIYFQBW-UHFFFAOYSA-N
canSAR	2883294	NDVITLLKZQXKGU-IBGZPJMESA-N
canSAR	3494562	QYJLBHRAPDJOSO-NVXWUHKLSA-N
canSAR	903998	HEAUOKZIVMZVQL-VWLOTQADSA-N
canSAR	3929687	ASRLBLHATMXGPC-UHFFFAOYSA-N
canSAR	7437506	POKVQQVLRJLUAK-UHFFFAOYSA-N
canSAR	3896798	RKAFYSIKAVFVPS-UHFFFAOYSA-N
canSAR	3930534	XVGSKZXXLKUEIO-MRXNPFEDSA-N
canSAR	3182425	NRHPFMQPXSSELC-QHCPKHFHSA-N
canSAR	2879306	GJMZWYLOARVASY-NTCAYCPXSA-N
canSAR	830262	KTBSXLIQKWEBRB-UHFFFAOYSA-N
canSAR	663954	HXYXHSDYBDFOFO-INIZCTEOSA-N
canSAR	4444938	HHFWQMFTPDFWLM-UHFFFAOYSA-N
canSAR	7384185	FSQGWBXWGNWEAV-CMDGGOBGSA-N
canSAR	3878851	OXTSYWDBUVRXFF-GDLZYMKVSA-N
canSAR	856770	KRNAOFGYEFKHPB-ANJVHQHFSA-N
canSAR	367223	LBFYQISQYCGDDW-UHFFFAOYSA-N
canSAR	6609142	WBFSPPPOPIJCLF-UHFFFAOYSA-N
canSAR	7437511	XFBJUMZGUOUWSC-UHFFFAOYSA-N
canSAR	7361546	JLIJJLLYTGASQX-UHFFFAOYSA-N
canSAR	7437516	FUEYCNUHTBZPRF-SVBPBHIXSA-N
canSAR	7437518	KDTQFQYXTWVBCC-UHFFFAOYSA-N
canSAR	7437510	GSLHDZCTAHKMDW-UHFFFAOYSA-N
canSAR	7437519	DXAQGYQVEJTSTD-UHFFFAOYSA-N
canSAR	1576834	ODRITQGYYWHQGM-INIZCTEOSA-N
canSAR	7437521	BODASLVEZBWITD-ACCUITESSA-N
canSAR	4199103	XBWKVZHZUZNMJE-UHFFFAOYSA-N
canSAR	242363	OYMNPJXKQVTQTR-UHFFFAOYSA-N
canSAR	469191	BXNMZRPTQFVRFA-QGZVFWFLSA-N
canSAR	1807068	WCWUXEGQKLTGDX-LLVKDONJSA-N
canSAR	3238048	HTCJUBZBSJQWBW-CQSZACIVSA-N
canSAR	414493	VSOUDUXMPUHJEU-UHFFFAOYSA-N
canSAR	999076	RSJAXPUYVJKAAA-JPGJPTAESA-N
canSAR	716719	ATALOFNDEOCMKK-OITMNORJSA-N
canSAR	325365	ATHZIFFSGSWIAU-UHFFFAOYSA-N
canSAR	3053852	UXZAJSZFFARTEI-YRPNKDGESA-N
canSAR	7437503	YHGBLECINAKBKX-UHFFFAOYSA-N
canSAR	2964977	NCWQLHHDGDXIJN-UHFFFAOYSA-N
canSAR	755402	OAEWNSKRLBVVBV-QSEAXJEQSA-N
canSAR	4199072	QLOHOGRMRUDDPM-LBPRGKRZSA-N
canSAR	454421	FOBFICSYUINKAA-XMMPIXPASA-N
canSAR	866320	PUKBOVABABRILL-YZNIXAGQSA-N
canSAR	3581837	FJZNNKJZHQFMCK-LRDDRELGSA-N
canSAR	725968	BZCALJIHZVNMGJ-HSZRJFAPSA-N
canSAR	233191	KDFQABSFVYLGPM-QFIPXVFZSA-N
canSAR	3194418	PZGSYNNVPNLHQG-SANMLTNESA-N
canSAR	1402318	OGJGQVFWEPNYSB-UHFFFAOYSA-N
canSAR	1390754	AGVNHDNTFYHZNL-QGZVFWFLSA-N
canSAR	3881267	VXNAMCLMCBLNOL-NFQMXDRXSA-N
canSAR	4199098	HVVLGXULBVAFRZ-UHFFFAOYSA-N
canSAR	862913	HLCHESOMJVGDSJ-LOYHVIPDSA-N
canSAR	3935413	VOSAWOSMGPKQEQ-OALUTQOASA-N
canSAR	4233127	DTCZNKWBDTXEBS-UHFFFAOYSA-N
canSAR	1099527	PTOIAAWZLUQTIO-GXFFZTMASA-N
canSAR	136711	TYXSIXOYTBHZFA-UHFFFAOYSA-N
canSAR	442977	PMEQBGAGFZDWQX-UHFFFAOYSA-N
canSAR	7437528	ZPCGODCPRDIFRQ-UHFFFAOYSA-N
canSAR	1394412	CZQHHVNHHHRRDU-UHFFFAOYSA-N
canSAR	2920850	QXURFIGBRGWPQD-UHFFFAOYSA-N
canSAR	1247060	AFJRYPJIKHMNGL-UHFFFAOYSA-N
canSAR	7437531	LPORLBPACXEOET-UHFFFAOYSA-N
canSAR	3317379	GQCXHIKRWBIQMD-AKJBCIBTSA-N
canSAR	7437520	QAKJEKTXKXAPBP-MGCURZBSSA-N
canSAR	7437507	ZUFHZMHKCFCIHV-JRFCFUNGSA-N
canSAR	7437509	LTNDTFYBIKTRBQ-UHFFFAOYSA-N
canSAR	865059	OVUNRYUVDVWTTE-UHFFFAOYSA-N
canSAR	3932671	HUOLMBXGHHSYHC-QWQFASRJSA-N
canSAR	7115511	CEGVLCNHZDUFIJ-NSHDSACASA-N
canSAR	4152804	ZVDNXHUSIKGTSF-UHFFFAOYSA-N
canSAR	4199071	QJWQAZTYFYCFQU-RMKNXTFCSA-N
canSAR	7393626	NORRDWRSNUOCBV-XCIZWWPASA-N
canSAR	3636579	CLCTZVRHDOAUGJ-SYVGMNBRSA-N
canSAR	4108201	JNTJTCXFIXNXDV-VIFPVBQESA-N
canSAR	4231935	DTWUUAFTYSMNQX-GFCCVEGCSA-N
canSAR	7437529	FZJKQMONKPFLEO-NZIMVQFPSA-N
canSAR	724624	JFHROPTYMMSOLG-UHFFFAOYSA-N
canSAR	7377603	BZJPCUQQPJJBTP-FGZHOGPDSA-N
canSAR	7437478	OLAGZWUBPYQCBR-JSKJCRAUSA-N
canSAR	7437479	KVDLSQZBDWJNSG-VINRIKPSSA-N
canSAR	7437480	ISQCXAWAHDJCRH-FKDRFZFOSA-N
canSAR	7019444	JBTHUOYYUUPUOZ-LIHPQFRDSA-N
canSAR	7437483	PTARASCXNREVCH-UHFFFAOYSA-N
canSAR	7437485	AJQAXIIJKPCAOP-XVNGORCSSA-N
canSAR	7158941	PLCITURFVJNAFH-GUQHISFFSA-N
canSAR	7018955	NIQFZCJNEODJTE-CSIWTOAPSA-N
canSAR	7437533	DYDFSGCLYIZSAQ-UHFFFAOYSA-N
canSAR	7437532	ANAOJSKQILNLRY-MWTRTKDXSA-N
canSAR	7437527	FIFRHLLUVCAOIK-SJCJKPOMSA-N
canSAR	7437525	MMHYOHYLSFWJJB-ZDUSSCGKSA-N
canSAR	7437524	YPXUKPNZQTWCRR-UHFFFAOYSA-N
canSAR	7437517	DJOZFERTDDZPJO-UHFFFAOYSA-N
canSAR	7437515	YOOKRVNCYQFKCT-UHFFFAOYSA-N
canSAR	7437512	RGHSVQHKNJAFGR-QFIPXVFZSA-N
canSAR	7437505	XHMSDQXEIBTTBE-QFIPXVFZSA-N
canSAR	7437502	FFUVDKANSJZSAK-JDXGNMNLSA-N
canSAR	7437500	XRAUKWUDYSUHJM-LLVKDONJSA-N
canSAR	7020373	IYFKRANQUJUTKF-UHFFFAOYSA-N
canSAR	7437495	LDFDXTNMCGLUMQ-YGKODULZSA-N
canSAR	7402267	RIEBAXQZOMUWKX-UHFFFAOYSA-N
canSAR	7159527	LPDOIXPRZOWBJV-HOCLYGCPSA-N
canSAR	7437530	HGQYUHFFAIXWDI-GOSISDBHSA-N
canSAR	7019217	APEYSKGQWJKJAZ-LCLGPXMOSA-N
canSAR	7368215	FHFUBRLTXZVOQX-UHFFFAOYSA-N
canSAR	7392138	CLUWNSLFLMBFKA-RMCUFUCFSA-N
canSAR	7437488	PWYJKWQDDHJXMJ-YKCITUTQSA-N
canSAR	7437491	GPZKXLCJTKULAU-UHFFFAOYSA-N
canSAR	3314779	BXCPYBFBMAWDDY-UHFFFAOYSA-N
canSAR	7437476	SVKZUEZCCKLNIM-UHFFFAOYSA-N
canSAR	7437526	LFCNOSRNWFMQLB-UHFFFAOYSA-N
canSAR	3935385	HKSBXNVKPFTBIG-WUEKOBJSSA-N
canSAR	7437497	LPKVYTQGJNTZKY-UHFFFAOYSA-N
canSAR	4448637	DQRZNYPHOWVXPQ-YDUPODKQSA-N
canSAR	7019664	REPLCRNGGWSKTN-JYQLQLLISA-N
canSAR	7380061	ZOSWUNAJRAEGEW-YTIGDUPRSA-N
canSAR	7437501	CSTHTJLTORVUST-UHFFFAOYSA-N
canSAR	3932923	ZGSWGXNEXAXEGV-XFCHVEHOSA-N
canSAR	3313753	PPNNFXIBKLCMTI-WXEAQWFJSA-N
canSAR	7437508	DLQNQQYGRWMPES-LFHXKVDGSA-N
canSAR	3161206	IPNTVOAQOGRLQB-JJMBTQCASA-N
canSAR	3312896	IVARZBJJMMUJHI-SQKKEFIPSA-N
canSAR	3314930	OGAOHACYLUBWJQ-UHFFFAOYSA-N
canSAR	4199073	QGJQNPNZAYRDMS-OESUUHGFSA-N
canSAR	7404784	USEHXUPBCSTAIO-RAUDMRIHSA-N
canSAR	7159088	BOMRVPKXCINUMI-ZEGZQYLTSA-N
canSAR	751766	DOVSNSDMRJVTMR-JOCHJYFZSA-N
canSAR	7437492	WFVKDTWKNVLGGS-UHFFFAOYSA-N
canSAR	7019366	JTTGVFCANBFLCE-CJLVFECKSA-N
canSAR	996893	AYMGZLUKTNXEMY-UHFFFAOYSA-N
canSAR	7019194	ROINLDWZNWCWJK-ZYIHSGTPSA-N
canSAR	3314137	ZJJZBBBSQKVNHL-BYBNZYMESA-N
canSAR	4199068	BOXPLNRWIHHHBO-CHCOZFFLSA-N
canSAR	3314725	INXGMIWEZJNJOA-NVZKIFIHSA-N
canSAR	3143012	RTNONCBKGZNCJS-LJLQSONVSA-N
canSAR	3199231	DUPAJELXESPTNF-PPZGWQTASA-N
canSAR	3597797	SWVYYNLRVIYURK-AREMUKBSSA-N
canSAR	3313086	AAZUPSFRSHFTGV-INIZCTEOSA-N
canSAR	3313087	LLCVDQHLYHBAHR-UHFFFAOYSA-N
canSAR	219422	XJTIGGCBXFIZJV-UHFFFAOYSA-N
canSAR	445749	UCGWYCMPZXDHNR-UHFFFAOYSA-N
canSAR	2927349	ZORLJXWXFABTPZ-CTNGQTDRSA-N
canSAR	829567	ZZWWXIBKLBMSCS-FQEVSTJZSA-N
canSAR	3314364	UVVQLQQNGHYTOL-JIVXZRRKSA-N
canSAR	308757	FQWDVNSBYDXPIO-CQSZACIVSA-N
canSAR	68218	BASFYRLYJAZPPL-UONOGXRCSA-N
canSAR	7437523	UJDFQDPAVQIQLB-UHFFFAOYSA-N
canSAR	3059884	FHRKRGDHMCCDEO-LLVKDONJSA-N
canSAR	7437522	QNZYMVMEVWRUCW-UHFFFAOYSA-N
canSAR	7047821	QRYISIPABXJVOQ-AWEZNQCLSA-N
canSAR	3899104	UEUNDURNLYLSNB-HOTGVXAUSA-N
canSAR	7437513	AXNQNPVSVCEGTP-LALXJTNGSA-N
canSAR	808891	KDOQEEMQPHIANX-NFBKMPQASA-N
canSAR	7082914	PFEKWBKJUBCXDT-KGLIPLIRSA-N
canSAR	3452398	AYGDOYFDJDUPSS-UHFFFAOYSA-N
canSAR	3247536	QKVFMAAIXZONRN-UHFFFAOYSA-N
canSAR	1243053	CEIIEALEIHQDBX-UHFFFAOYSA-N
canSAR	7437514	MVPFPBIHUUHXGU-FSSWDIPSSA-N
canSAR	3570159	VUOYAALVGSMUHC-UHFFFAOYSA-N
canSAR	7158937	FVICRBSEYSHKFY-JYQNNKODSA-N
canSAR	616919	SDGJBAUIGHSMRI-UHFFFAOYSA-N
canSAR	810723	BCFGMOOMADDAQU-UHFFFAOYSA-N
canSAR	1850605	LPGBXHWIQNZEJB-UHFFFAOYSA-N
canSAR	4199092	FMSIRMKLDQFQKI-UHFFFAOYSA-N
canSAR	735652	LIRYPHYGHXZJBZ-UHFFFAOYSA-N
canSAR	7059370	BUJWDBSVEVFQDP-UHFFFAOYSA-N
canSAR	7447599	ZABZNDRRLTXBHH-UHFFFAOYSA-N
canSAR	387343	LIOLIMKSCNQPLV-UHFFFAOYSA-N
canSAR	474134	VRQXRVAKPDCRCI-ZNMIVQPWSA-N
canSAR	3935416	HPJVZSVEIGCFJP-SFHVURJKSA-N
canSAR	401319	NYNZQNWKBKUAII-KBXCAEBGSA-N
canSAR	452255	IBGLGMOPHJQDJB-IHRRRGAJSA-N
canSAR	3546672	RHGZXPKHVAHQJO-BIIHCSGHSA-N
canSAR	473672	MWKYMZXCGYXLPL-ZDUSSCGKSA-N
canSAR	1682158	HKTBYUWLRDZAJK-UHFFFAOYSA-N
canSAR	424457	LXDPQXXUVGVIND-UHFFFAOYSA-N
canSAR	384279	PRWSIEBRGXYXAJ-UHFFFAOYSA-N
canSAR	220474	VPJXPDLMACOGIZ-UHFFFAOYSA-N
canSAR	3459901	BWINBHTTZLVXGT-NVXWUHKLSA-N
canSAR	2849455	XISVSTPEXYIKJL-UHFFFAOYSA-N
canSAR	7437504	PVKIFNZMYGMWPD-UHFFFAOYSA-N
canSAR	2897459	HXNUFFCHRIWTRZ-UHFFFAOYSA-N
canSAR	2933081	QVOGVAVHOLLLAZ-UHFFFAOYSA-N
canSAR	471230	OYKPWSZSBLRRPL-HOYKHHGWSA-N
