inchikey	property	ordinal	value	source_db	source
IQCKJUKAQJINMK-HUBRGWSESA-N	control_compound	0	SGC0649	Chemical Probes Portal	
WRUWGLUCNBMGPS-UHFFFAOYSA-N	control_compound	0	Not available	Chemical Probes Portal	
GZFYZYBWLCYBMI-MYZJJQSMSA-N	control_compound	0	Compound A	Chemical Probes Portal	
LTYNXERAWVCPAH-OHRKNAERSA-N	control_compound	0	Nor-cotransin	Chemical Probes Portal	
ATUUNJCZCOMUKD-OKILXGFUSA-N	control_compound	0	MLi-2-NC	Chemical Probes Portal	
XKBSPAZCFAIBJL-OAHLLOKOSA-N	control_compound	0	ZINC72453574	Chemical Probes Portal	
ZDOBSAPHUUUOHX-OSYLJGHBSA-N	control_compound	0	BI-3017	Chemical Probes Portal	
PROGRNRRJJYCNX-UHFFFAOYSA-N	control_compound	0	NC-3	Chemical Probes Portal	
VSZRYLHBOKTNBO-UHFFFAOYSA-N	control_compound	0	TP-020n	Chemical Probes Portal	
CGECJCJUHCZZGO-UHFFFAOYSA-N	control_compound	0	cpd 28a	Chemical Probes Portal	
BATCTBJIJJEPHM-UHFFFAOYSA-N	control_compound	0	PF-04875474	Chemical Probes Portal	
BSISGUIVBKDTQO-QIKYYPRYSA-N	control_compound	0	BAY-460	Chemical Probes Portal	
ZLTQCDRXWXUYHJ-UHFFFAOYSA-N	control_compound	0	NI-198	Chemical Probes Portal	
SOXNKJCQBRQUMS-UHFFFAOYSA-N	control_compound	0	IMP-994	Chemical Probes Portal	
MPASHPJAIUOWCK-UHFFFAOYSA-N	control_compound	0	BAY-309	Chemical Probes Portal	
FYMVGXGSNIVSKY-NRFANRHFSA-N	control_compound	0	cpd 3	Chemical Probes Portal	
KLGQSVMIPOVQAX-UHFFFAOYSA-N	control_compound	0	LDW643	Chemical Probes Portal	
KHWCPNJRJCNVRI-UHFFFAOYSA-N	control_compound	0	GSK8573, with activity against BRD9	Chemical Probes Portal	
LVDRREOUMKACNJ-BKMJKUGQSA-N	control_compound	0	2S,3R-enantiomer	Chemical Probes Portal	
JKCSCHXVWPSGBG-OPKPGBGESA-N	control_compound	0	SD-36Me	Chemical Probes Portal	
ONBSHRSJOPSEGS-INIZCTEOSA-N	control_compound	0	9a	Chemical Probes Portal	
GBAKVEWPYUIGHN-UHFFFAOYSA-N	control_compound	0	BTZO-3	Chemical Probes Portal	
GBAKVEWPYUIGHN-UHFFFAOYSA-N	control_compound	1	BTZO-4	Chemical Probes Portal	
DJOVLOYCGXNVPI-UHFFFAOYSA-N	control_compound	0	OICR-0547	Chemical Probes Portal	
WGJCHHJGGFCCRS-DEYDLUNASA-N	control_compound	0	CMP98 (cis-cis) - inactive epimer on each side	Chemical Probes Portal	
WGJCHHJGGFCCRS-DEYDLUNASA-N	control_compound	1	CMP99 (cis-trans) - inactive epimer on one side, act as VHL inhibitor but not degrader	Chemical Probes Portal	
KNOUWGGQMADIBV-KRWDZBQOSA-N	control_compound	0	5-benzyl-N-[(3R)-5-methyl-4-oxo-2,3-dihydro-1,5-benzoxazepin-3-yl]-1,2-oxazole-3-carboxamide	Chemical Probes Portal	
LUHCYAOYQIFNRN-UHFFFAOYSA-N	control_compound	0	BSJ-Bump	Chemical Probes Portal	
BLNNXJOEJRKHAM-UHFFFAOYSA-N	control_compound	0	ZINC1848444290	Chemical Probes Portal	
CGWBJJZOKGZCSJ-UHFFFAOYSA-N	control_compound	0	ISOX-INACT (isolipophilic inactive isomer)	Chemical Probes Portal	
RUBYHLPRZRMTJO-MOVYNIQHSA-N	control_compound	0	THZ531R	Chemical Probes Portal	
RUBYHLPRZRMTJO-MOVYNIQHSA-N	control_compound	1	THZ532	Chemical Probes Portal	
RDALZZCKQFLGJP-UHFFFAOYSA-N	control_compound	0	cpd 7	Chemical Probes Portal	
JBHLOPKIPKTRSU-UHFFFAOYSA-N	control_compound	0	THPP-1-NC	Chemical Probes Portal	
RPMGXDCRCWWCRY-JTQLQIEISA-N	control_compound	0	BAY-604	Chemical Probes Portal	
SEDFZSHSBUXKAC-NIYFSFCBSA-N	control_compound	0	Compound 16	Chemical Probes Portal	
VRVJKILQRBSEAG-LFPIHBKWSA-N	control_compound	0	A-486	Chemical Probes Portal	
ZEGMEJVULDALSH-NSHDSACASA-N	control_compound	0	cpd 10	Chemical Probes Portal	
ORDHXXHTBUZRCN-NTEUORMPSA-N	control_compound	0	Cpd 28	Chemical Probes Portal	
YSVWFFNZZGLLAI-XNTOLAJGSA-N	control_compound	0	KISS1-543	Chemical Probes Portal	
KLHOCHQJHXNKAS-UHFFFAOYSA-N	control_compound	0	N-(5-(2,3-dihydrobenzo[b][1,4]dioxine-5-carboxamido)-2-methylphenyl)-2-(2-(pyrrolidin-1-yl)ethoxy)quinoline-6-carboxamide	Chemical Probes Portal	
BKLJDIJJOOQUFG-UHFFFAOYSA-N	control_compound	0	BAY-588	Chemical Probes Portal	
RRELDGDKULRRDM-UHFFFAOYSA-N	control_compound	0	TP-021n	Chemical Probes Portal	
IYHHRZBKXXKDDY-UHFFFAOYSA-N	control_compound	0	BI-5026	Chemical Probes Portal	
DYUTWRFEEOPXMN-UHFFFAOYSA-N	control_compound	0	BAY-070	Chemical Probes Portal	
AUYCSWFYKYVCLD-HXUWFJFHSA-N	control_compound	0	GNE-6689	Chemical Probes Portal	
QMHRLXNEGYTSRV-UHFFFAOYSA-N	control_compound	0	BI 0054	Chemical Probes Portal	
LQEHCKYYIXQEBM-FUKIBTTHSA-N	control_compound	0	A-1806262	Chemical Probes Portal	
WEGLOYDTDILXDA-OAHLLOKOSA-N	control_compound	0	BAY-294	Chemical Probes Portal	
CSJYMAFXYMYNCK-UHFFFAOYSA-N	control_compound	0	BAY-207	Chemical Probes Portal	
OAMLIJKKGZLNHE-UHFFFAOYSA-N	control_compound	0	MSD-CYP11B2-Negative-control	Chemical Probes Portal	
JTCAGRAKUAAYDY-OAHLLOKOSA-N	control_compound	0	CRTH2-negative-control	Chemical Probes Portal	
PXQATVYJKMMHAU-UHFFFAOYSA-N	control_compound	0	BI 9307	Chemical Probes Portal	
YNFDIGJKJPNFFD-SJORKVTESA-N	control_compound	0	BI 99990	Chemical Probes Portal	
RPHDOVLXDYWDGF-UHFFFAOYSA-N	control_compound	0	UCSF924NC	Chemical Probes Portal	
KVJFJJXCBRSCDY-UHFFFAOYSA-N	control_compound	0	WM-2474	Chemical Probes Portal	
PGIVGIFOWOVINL-GOSISDBHSA-N	control_compound	0	BAY-677	Chemical Probes Portal	
WZQLVEPIBAOOGF-RMMWZPCPSA-N	control_compound	0	GSK943	Chemical Probes Portal	
JZTTUZXIQIRVAB-FZEVHQGJSA-N	control_compound	0	BI 9446	Chemical Probes Portal	
VLLFGVHGKLDDLW-SFHVURJKSA-N	control_compound	0	cpd 10	Chemical Probes Portal	
UEMQPCYDWCSVCU-UHFFFAOYSA-N	control_compound	0	NI-198	Chemical Probes Portal	
WILMROCKORZEMQ-VJVIIGMYSA-N	control_compound	0	ISOAPOPTOLIDIN	Chemical Probes Portal	
NBDJDKAXIGWAIM-XZOQPEGZSA-N	control_compound	0	(S,S)-59	Chemical Probes Portal	
YQOLEILXOBUDMU-KRWDZBQOSA-N	control_compound	0	BAY-403	Chemical Probes Portal	
GACOFEKSDCOVMV-RRYXBOBMSA-N	control_compound	0	(+)-englerin A	Chemical Probes Portal	
SQNZDYHMCMIGGV-TZPPCSJFSA-N	control_compound	0	cis-AT1	Chemical Probes Portal	
RNQODBQYMXYMCT-SJORKVTESA-N	control_compound	0	BAY-448	Chemical Probes Portal	
RFZQYGBLRIKROZ-PCLIKHOPSA-N	control_compound	0	cpd 6	Chemical Probes Portal	
BPLVDYJDAVYLRQ-UHFFFAOYSA-N	control_compound	0	JNJ-40573663	Chemical Probes Portal	
BFTKDWYIRJGJCA-CYBMUJFWSA-N	control_compound	0	enant-CPI-637: S)-4-methyl-6-(1-methyl-3-(1-methyl-1H-pyrazol-4-yl)-1H-indazol-5-yl)-1,3,4,5-tetrahydro-2H-benzo[b][1,4]diazepin-2-one	Chemical Probes Portal	
OFWWWKWUCDUISA-UHFFFAOYSA-N	control_compound	0	BAY-364	Chemical Probes Portal	
CDQRIIUMNLMHRH-UHFFFAOYSA-N	control_compound	0	T-26f (5-((benzyl(methyl)amino)methyl)-N-(3-methoxybenzyl)-4-oxo-3,4-dihydrothieno[2,3-d]pyrimidine-2-carboxamide)	Chemical Probes Portal	
UMRRDXVUROEIKJ-JCXBGQGISA-N	control_compound	0	UNC4219	Chemical Probes Portal	
NRSGWEVTVGZDFC-UHFFFAOYSA-N	control_compound	0	BAY-4900	Chemical Probes Portal	
ARBRHWRTXPWZGN-UHFFFAOYSA-N	control_compound	0	Cpd 4	Chemical Probes Portal	
PXVFFBGSTYQHRO-REQIQPEASA-N	control_compound	0	DT2216NC	Chemical Probes Portal	
LIMCHOLAKDUZDS-XARBDFOFSA-N	control_compound	0	(-)CRBN-6-5-5-VHL	Chemical Probes Portal	
LIMCHOLAKDUZDS-XARBDFOFSA-N	control_compound	1	(*)CRBN-6-5-5-VHL	Chemical Probes Portal	
LIMCHOLAKDUZDS-XARBDFOFSA-N	control_compound	2	CRBN-6-5-5-VHL(-)	Chemical Probes Portal	
LIMCHOLAKDUZDS-XARBDFOFSA-N	control_compound	3	(-)CRBN-6-5-5-VHL(-)	Chemical Probes Portal	
QMGHHBHPDDAGGO-IIWOMYBWSA-N	control_compound	0	TBK1 control PROTAC 4	Chemical Probes Portal	
ZDBWLRLGUBSLPG-FDHYQTMZSA-N	control_compound	0	ddSAFit2	Chemical Probes Portal	
FWLMVFUGMHIOAA-UHFFFAOYSA-N	control_compound	0	PF-00911705	Chemical Probes Portal	
PNYRDVBFYVDJJI-UHFFFAOYSA-N	control_compound	0	SGC705	Chemical Probes Portal	
QPTCYEYTAWEZNT-UHFFFAOYSA-N	control_compound	0	ZINC37781618	Chemical Probes Portal	
BIAVGWDGIJKWRM-FQEVSTJZSA-N	control_compound	0	SB-223411	Chemical Probes Portal	
XNULRSOGWPFPBL-REWPJTCUSA-N	control_compound	0	3S,3aS-27c	Chemical Probes Portal	
UQZCQKXJAXKZQH-LBPRGKRZSA-N	control_compound	0	RBN250036	Chemical Probes Portal	
LCFFREMLXLZNHE-GBOLQPHISA-N	control_compound	0	cpd 17	Chemical Probes Portal	
GRTDDIZIUSADLD-CRAIPNDOSA-N	control_compound	0	cpd 10	Chemical Probes Portal	
PQUGCKBLVKJMNT-UHFFFAOYSA-N	control_compound	0	CELECOXIB	Chemical Probes Portal	
WWOOWAHTEXIWBO-QFRSUPTLSA-N	control_compound	0	CANSAR1684258	Chemical Probes Portal	
WULUGQONDYDNKY-UHFFFAOYSA-N	control_compound	0	BI-1374	Chemical Probes Portal	
PQOOIERVZAXHBP-UHFFFAOYSA-N	control_compound	0	UNC1079	Chemical Probes Portal	
COOGVHJHSCBOQT-MRVPVSSYSA-N	control_compound	0	JNJ-39668551	Chemical Probes Portal	
DLNFTRSEHUWEGO-HUUCEWRRSA-N	control_compound	0	CANSAR3550553	Chemical Probes Portal	
LIIWIMDSZVNYHY-UHFFFAOYSA-N	control_compound	0	CANSAR1573319	Chemical Probes Portal	
PDMXSCCBEBCTGX-UHFFFAOYSA-N	control_compound	0	CANSAR668256	Chemical Probes Portal	
QBIGUDRHHJTXKG-UUWRZZSWSA-N	control_compound	0	CANSAR3452631	Chemical Probes Portal	
JYTISQGEFSHUIR-UHFFFAOYSA-N	control_compound	0	CANSAR3550558	Chemical Probes Portal	
GRXCLNMCJWKTAT-UHFFFAOYSA-N	control_compound	0	CANSAR389394	Chemical Probes Portal	
VGRLXWFIXGZRMS-UHFFFAOYSA-N	control_compound	0	CANSAR3511558	Chemical Probes Portal	
PGKXDIMONUAMFR-AREMUKBSSA-N	control_compound	0	CANSAR3550576	Chemical Probes Portal	
PWKAYICUBVNJAZ-UHFFFAOYSA-N	control_compound	0	CANSAR3550548	Chemical Probes Portal	
MSTXJJGAXXJCBY-UHFFFAOYSA-N	control_compound	0	CANSAR260217	Chemical Probes Portal	
WOAOENGFAAUUGT-UHFFFAOYSA-N	control_compound	0	BI-9466	Chemical Probes Portal	
XUKUURHRXDUEBC-KAYWLYCHSA-N	control_compound	0	3S, 5S-Atorvastatin	Chemical Probes Portal	
YTINZZFBHWSAGL-NDEPHWFRSA-N	control_compound	0	CANSAR3333581	Chemical Probes Portal	
VNCIWNGCMAKKEO-UHFFFAOYSA-N	control_compound	0	CANSAR3579025	Chemical Probes Portal	
AVKAVKZKOFSSMY-DEOSSOPVSA-N	control_compound	0	CANSAR3139360	Chemical Probes Portal	
QGNDVASWIHEXCL-AWEZNQCLSA-N	control_compound	0	SGC‐iMLLT‐N	Chemical Probes Portal	
AQTNUGRRZDRZIA-UHFFFAOYSA-N	control_compound	0	SGC-BRDVIII-NC	Chemical Probes Portal	
RZFJBSIAXYEPBX-UHFFFAOYSA-N	control_compound	0	CANSAR1854626	Chemical Probes Portal	
IXWUILRSNIQHDM-QGZVFWFLSA-N	control_compound	0	PFI-6N	Chemical Probes Portal	
INAICWLVUAKEPB-QSTFCLMHSA-N	control_compound	0	PFI-oMet	Chemical Probes Portal	
AUOSKLDNVNGKRR-UHFFFAOYSA-N	control_compound	0	SGC-GAK-1N	Chemical Probes Portal	
AUOSKLDNVNGKRR-UHFFFAOYSA-N	control_compound	1	KA2	Chemical Probes Portal	
ZRTFTZCKJUNZIU-HNNXBMFYSA-N	control_compound	0	NSV-MLLT-C	Chemical Probes Portal	
CZKPAGLXQOQNEI-UHFFFAOYSA-N	control_compound	0	(rac)-2,3-dimethoxy-5-(1-methoxyhexyl)pyridin-4-ol (Compound 24)	Chemical Probes Portal	
JKJMWHULJIOKPJ-UHFFFAOYSA-N	control_compound	0	KT195	Chemical Probes Portal	
MLJVGAYSVYMPSB-MSUKGTQXSA-N	control_compound	0	CANSAR3883275	Chemical Probes Portal	
CDJPHTNUARAVMH-SECBINFHSA-N	control_compound	0	(S)-9s	Chemical Probes Portal	
OQFCHSFVWSLDAO-UHFFFAOYSA-N	control_compound	0	DCLK1-NEG	Chemical Probes Portal	
AJBBEYXFRYFVNM-UHFFFAOYSA-N	control_compound	0	CANSAR690755	Chemical Probes Portal	
FLNYLINBEZROPL-NSOVKSMOSA-N	control_compound	0	CANSAR335710	Chemical Probes Portal	
CMJJZRAAQMUAFH-INIZCTEOSA-N	control_compound	0	CANSAR3203052	Chemical Probes Portal	
MSIJJXOWLFOYIN-UHFFFAOYSA-N	control_compound	0	TP-422	Chemical Probes Portal	
FFLJVBPCONQSQW-UHFFFAOYSA-N	control_compound	0	MU1700NC	Chemical Probes Portal	
IESAJAZKMLPVIB-VXGBXAGGSA-N	control_compound	0	BAY-9897	Chemical Probes Portal	
PEMUGDMSUDYLHU-ZEQRLZLVSA-N	control_compound	0	Compound-21	Chemical Probes Portal	
NXQKSXLFSAEQCZ-SFHVURJKSA-N	control_compound	0	Compound-8	Chemical Probes Portal	
RIGHCDSORZCRDE-UHFFFAOYSA-N	control_compound	0	CANSAR3894094	Chemical Probes Portal	
RAXZSEGXMBWYQK-SNVBAGLBSA-N	control_compound	0	ERKi-NC	Chemical Probes Portal	
LUVOYGUFQRWXGQ-UHFFFAOYSA-N	control_compound	0	JNJ-78732576	Chemical Probes Portal	
MCLDWKVRXDHDEI-UHFFFAOYSA-N	control_compound	0	SGC-CAF268-1N	Chemical Probes Portal	
VSMTYSWGHKYXOF-UHFFFAOYSA-N	control_compound	0	CANSAR3453338	Chemical Probes Portal	
NWTCZTAQSRLSCP-UHFFFAOYSA-N	control_compound	0	QC-03-075	Chemical Probes Portal	
OAZAPIKYVGRNCO-UHFFFAOYSA-N	control_compound	0	CANSAR3897548	Chemical Probes Portal	
JKDGKIBAOAFRPJ-ZBINZKHDSA-N	control_compound	0	CANSAR1682746	Chemical Probes Portal	
DJVYXMINSBMUHH-QAQDUYKDSA-N	control_compound	0	CANSAR137197	Chemical Probes Portal	
COGUZYALRYMQTD-LJQANCHMSA-N	control_compound	0	CANSAR3329968	Chemical Probes Portal	
FWJRVGZWNDOOFH-OAHLLOKOSA-N	control_compound	0	CANSAR1421688	Chemical Probes Portal	
NIPTUMFVYBXSMZ-JOCHJYFZSA-N	control_compound	0	SGC6870N	Chemical Probes Portal	
WDBUEMWHXKHQNB-NNAUULPKSA-N	control_compound	0	DGY-09-192-Neg	Chemical Probes Portal	
LWXOPXNDPRPGMJ-UHFFFAOYSA-N	control_compound	0	N-(2-((5-chloro-7H-pyrrolo[2,3-d]pyrimidin-4-yl)amino)phenyl)propionamide	Chemical Probes Portal	
KOZGEDUWAQFVAV-UHFFFAOYSA-N	control_compound	0	UNC7145	Chemical Probes Portal	
VNSQFPFWUAZOTQ-UHFFFAOYSA-N	control_compound	0	Ctx-533	Chemical Probes Portal	
LXRBPWHQMGKMRT-GOSISDBHSA-N	control_compound	0	BAY-728	Chemical Probes Portal	
IVOACCSOISMVBL-UHFFFAOYSA-N	control_compound	0	JN8034	Chemical Probes Portal	
HEUVRFNVTLGKMZ-SANMLTNESA-N	control_compound	0	ABT-108	Chemical Probes Portal	
DNVXATUJJDPFDM-KRWDZBQOSA-N	control_compound	0	(-)-JQ1	Chemical Probes Portal	
NZYTZRHHBAJPKN-UHFFFAOYSA-N	control_compound	0	MRK-740-NC	Chemical Probes Portal	
BDYDINKSILYBOL-WMZHIEFXSA-N	control_compound	0	GSK106	Chemical Probes Portal	
DUCNNEYLFOQFSW-PMERELPUSA-N	control_compound	0	GSK990	Chemical Probes Portal	
RPBMXJHQYJLPDN-UHFFFAOYSA-N	control_compound	0	TP-472N	Chemical Probes Portal	
RMCSKUADBRROSI-UHFFFAOYSA-N	control_compound	0	CANSAR149525	Chemical Probes Portal	
RIWTUJFFSTVYPW-UHFFFAOYSA-N	control_compound	0	M4K2234-NC	Chemical Probes Portal	
HKASDKLLEVWKJA-YADARESESA-N	control_compound	0	CANSAR577267	Chemical Probes Portal	
LZNFQRSVDZCPTR-SCFUHWHPSA-N	control_compound	0	N/A	Chemical Probes Portal	
LQHDIGAYVSAVRJ-UHFFFAOYSA-N	control_compound	0	(S)-6-(4-(4-(2-(2,4-dimethyl-3-oxopiperazin-1-yl)ethoxy)phenyl)piperidin-1-yl)-2-methyl-[1,2,4]triazolo[4,3-b]pyridazin-3(2H)-one	Chemical Probes Portal	
BWBUPDTUXQDHSX-AWEZNQCLSA-N	control_compound	0	CS640s	Chemical Probes Portal	
ZRHWCAFAIHTQKD-QGZVFWFLSA-N	control_compound	0	CANSAR1531928	Chemical Probes Portal	
OBJNFLYHUXWUPF-IZZDOVSWSA-N	control_compound	0	V0G	Chemical Probes Portal	
XVFDNRYZXDHTHT-PXAZEXFGSA-N	control_compound	0	BI-0178	Chemical Probes Portal	
RVOZYMPVGIVNJX-UHFFFAOYSA-N	control_compound	0	BAY-7424	Chemical Probes Portal	
TVMJSGGZULFVCZ-XMMPIXPASA-N	control_compound	0	BIBO3457	Chemical Probes Portal	
ZAGCLFXBHOXXEN-JPTLTNPLSA-N	control_compound	0	cis-VZ185	Chemical Probes Portal	
MSFPLTWUFWOKBX-IFXJQAMLSA-O	control_compound	0	D-Moses	Chemical Probes Portal	
ZRPZPNYZFSJUPA-UHFFFAOYSA-N	control_compound	0	R-atropisomer	Chemical Probes Portal	
NDRFFOKFYGUOKD-ZDUSSCGKSA-N	control_compound	0	CANSAR4120193	Chemical Probes Portal	
PJKRNPPUSQSCHN-UHFFFAOYSA-N	control_compound	0	BI-0337	Chemical Probes Portal	
QGPXEIMWTKWHMH-DEOSSOPVSA-N	control_compound	0	BI 0153	Chemical Probes Portal	
AAHNBILIYONQLX-UHFFFAOYSA-N	control_compound	0	GSM-NC	Chemical Probes Portal	
FRPJGTNLZNXQEX-UHFFFAOYSA-N	control_compound	0	A-769	Chemical Probes Portal	
WDZVWDXOIGQJIO-UHFFFAOYSA-N	control_compound	0	GSI-NC	Chemical Probes Portal	
LWJGMYMNSNVCEM-UHFFFAOYSA-N	control_compound	0	PF-04475866	Chemical Probes Portal	
BEBDKSYNJJVZSO-SECBINFHSA-N	control_compound	0	CANSAR3880517	Chemical Probes Portal	
SWOIFXHMBKFCRM-UHFFFAOYSA-N	control_compound	0	CANSAR3935391	Chemical Probes Portal	
FOECKIWHCOYYFL-UHFFFAOYSA-N	control_compound	0	PPTN-NC	Chemical Probes Portal	
UNSHMXUHOHBLIQ-UHFFFAOYSA-N	control_compound	0	BAY-771	Chemical Probes Portal	
ZGBAPSHWPBXEKN-OPHFCASCSA-N	control_compound	0	BAY-694	Chemical Probes Portal	
KIWKRCCIHSGWQS-VIFPVBQESA-N	control_compound	0	JYQ88	Chemical Probes Portal	
LZSPYTNDRPEZBK-OXYJHPMESA-N	control_compound	0	BAY-173	Chemical Probes Portal	
CYFBRQHYEQKYHH-MRXNPFEDSA-N	control_compound	0	CANSAR3597779	Chemical Probes Portal	
CSBKUBOVPUXFLO-MAVVKCOWSA-N	control_compound	0	A-1210227	Chemical Probes Portal	
BRJXJOWXAFLRTE-OAQYLSRUSA-N	control_compound	0	CANSAR3872900	Chemical Probes Portal	
HDZWHJYZJWLTAG-UHFFFAOYSA-N	control_compound	0	SR10389	Chemical Probes Portal	
WCPXAGKUVIPMIY-TZQLILQPSA-N	control_compound	0	CANSAR3622970	Chemical Probes Portal	
VHSIAYLBCLUAFT-UHFFFAOYSA-N	control_compound	0	MRL-CB1-NC	Chemical Probes Portal	
AZXOTZCWQDJCLY-SJCJKPOMSA-N	control_compound	0	BAY-2297	Chemical Probes Portal	
APLVGTKXOIMODQ-IBGZPJMESA-N	control_compound	0	FHT-5908	Chemical Probes Portal	
TXIYVFVMXNFNRX-UHFFFAOYSA-N	control_compound	0	CANSAR3550556	Chemical Probes Portal	
MAHFVAHPQSLLJF-IBGZPJMESA-N	control_compound	0	TP-030n	Chemical Probes Portal	
BNYXRPMABDQJJR-UHFFFAOYSA-N	control_compound	0	SGC-STK17B-1N	Chemical Probes Portal	
UCBIQZUJJSVQHL-UHFFFAOYSA-N	control_compound	0	CANSAR3153834	Chemical Probes Portal	
WBFJDKLBAAHKIL-UHFFFAOYSA-N	control_compound	0	CANSAR3550540	Chemical Probes Portal	
DVIVLYHDLNAXAT-OAQYLSRUSA-N	control_compound	0	BAY-0361	Chemical Probes Portal	
HZRJHVDNTDBTOZ-QGZVFWFLSA-N	control_compound	0	BAY-440	Chemical Probes Portal	
KLGDKBPAEMOECW-UHFFFAOYSA-N	control_compound	0	DKFZ-829	Chemical Probes Portal	
HLHNFJNSQZZUNW-MAEOIBBWSA-N	control_compound	0	CANSAR3550545	Chemical Probes Portal	
AUIFRJWXYUNPPV-QFIPXVFZSA-N	control_compound	0	BI 3047	Chemical Probes Portal	
KHVVJKLNKLQLJZ-SFHVURJKSA-N	control_compound	0	TP-030n	Chemical Probes Portal	
VGFHPNRWHOQLEB-UHFFFAOYSA-N	control_compound	0	SGC-PI5P4Kγ/MYLK4-1N	Chemical Probes Portal	
VUIITYLFSAXKIQ-UHFFFAOYSA-N	control_compound	0	N-((2-(1-(2-methoxyethyl)piperidin-4-yl)pyridin-4-yl)methyl)-N-methyl-3-phenoxybenzamide	Chemical Probes Portal	
KTACUAZSJJIUKD-QXONSOMPSA-N	control_compound	0	MR7	Chemical Probes Portal	
IEFFSHLHNYVSEF-UHFFFAOYSA-N	control_compound	0	T3-CLK-N	Chemical Probes Portal	
LVEUPFUJRKZPEN-UHFFFAOYSA-N	control_compound	0	Al11	Chemical Probes Portal	
YCFFONJEHNSECY-UHFFFAOYSA-N	control_compound	0	CANSAR3550543	Chemical Probes Portal	
WGMNFJAFXXXRLZ-GEVKEYJPSA-N	control_compound	0	SR-301	Chemical Probes Portal	
HEVVNKYNJCSHFA-UHFFFAOYSA-N	control_compound	0	SGC-CK2-2N	Chemical Probes Portal	
QPGYAMIHXLCFTJ-UHFFFAOYSA-N	control_compound	0	D5	Chemical Probes Portal	
HKROEBDHHKMNBZ-CHBKHGQFSA-N	control_compound	0	A-226	Chemical Probes Portal	
PTAMRJLIOCHJMQ-PYNGZGNASA-N	control_compound	0	cisMZ1	Chemical Probes Portal	
JGPJQFOROWSRRS-UHFFFAOYSA-N	control_compound	0	BEPAFANT	Chemical Probes Portal	
GPXQUPCJIJBXHJ-UHFFFAOYSA-N	control_compound	0	CANSAR3935388	Chemical Probes Portal	
VLYNCWZASZUTNV-FCQUAONHSA-N	control_compound	0	BI-4481	Chemical Probes Portal	
XKDHFIPNTTUSIA-UHFFFAOYSA-N	control_compound	0	BI-0955	Chemical Probes Portal	
UCJZOKGUEJUNIO-IINYFYTJSA-N	control_compound	0	CANSAR3148275	Chemical Probes Portal	
JQLMEZBHIJSVKR-UHFFFAOYSA-N	control_compound	0	JA314	Chemical Probes Portal	
YLHSFRZHEMHKAF-UHFFFAOYSA-N	control_compound	0	CANSAR3935392	Chemical Probes Portal	
DORZPJWJOBMQKC-UHFFFAOYSA-N	control_compound	0	SGC-PICFYVE-NC	Chemical Probes Portal	
NDEORODKVUYMFQ-NHCUHLMSSA-N	control_compound	0	GSK791	Chemical Probes Portal	
IIKPYJZUOZRTIB-UHFFFAOYSA-N	control_compound	0	SGC-CDKL2/AAK1/BMP2K-1N	Chemical Probes Portal	
HEAGNKNMQVIVMM-UHFFFAOYSA-N	control_compound	0	MU140	Chemical Probes Portal	
JNAABFZPXJJMPX-UHFFFAOYSA-N	control_compound	0	IPP/CNRS-A019	Chemical Probes Portal	
JWZAQUXBYYOGFA-UHFFFAOYSA-N	control_compound	0	BI-9930	Chemical Probes Portal	
RTFQFPZKDYMMMJ-RIAKQDHQSA-N	control_compound	0	cisSGK3-PROTAC	Chemical Probes Portal	
YJOJMGTVKMABKQ-FIQOPJFZSA-N	control_compound	0	BSJ-4-116-NC	Chemical Probes Portal	
QUQTXFIMYFMULC-OGOZKGDESA-N	control_compound	0	eTRIM24	Chemical Probes Portal	
PACRWHUPEPCFHX-UHFFFAOYSA-N	control_compound	0	CP-23	Chemical Probes Portal	
ZUODKONSNNHSAJ-AMLBMYBGSA-N	control_compound	0	CANSAR3575573	Chemical Probes Portal	
XIRQUXILNXIWDI-UHFFFAOYSA-N	control_compound	0	TL13-110	Chemical Probes Portal	
HZHUKQLWLNDVDZ-IBDVCRJISA-N	control_compound	0	SKI-73N	Chemical Probes Portal	
XPEJZXWPKDAYFX-UHFFFAOYSA-N	control_compound	0	canSAR3148937	Chemical Probes Portal	
SYRVEVZSXHRXIX-KRWDZBQOSA-N	control_compound	0	CANSAR4213492	Chemical Probes Portal	
WAFNVKVWBPXGHK-QDUSTFBWSA-N	control_compound	0	canSAR136067	Chemical Probes Portal	
BUIJBFHGUQJYSD-XZOQPEGZSA-N	control_compound	0	CANSAR4208957	Chemical Probes Portal	
GRKYJLSMFYQHMP-APASRLOHSA-N	control_compound	0	CANSAR4199061	Chemical Probes Portal	
ZOJWMCDSTRTTOW-UHFFFAOYSA-N	control_compound	0	ZXH-7035	Chemical Probes Portal	
BPLPIBNWDLPUKP-UHFFFAOYSA-N	control_compound	0	CANSAR3550554	Chemical Probes Portal	
CRLZRGXSDBAEFD-UHFFFAOYSA-N	control_compound	0	JP3001	Chemical Probes Portal	
KPABJHHKKJIDGX-JOCHJYFZSA-N	control_compound	0	N-[(1S)-2-(dimethylamino)-1-phenyl-ethyl]-6,6-dimethyl-3-[[4-(propanoylamino)benzoyl]amino]-1,4-dihydropyrrolo[3,4-c]pyrazole-5-carboxamide	Chemical Probes Portal	
HKXSBJJCHBFTMB-UHFFFAOYSA-N	control_compound	0	ferrostatin-1	Chemical Probes Portal	
IRKXKBMGTVDZAJ-UHFFFAOYSA-N	control_compound	0	cpd 14A	Chemical Probes Portal	
VBTBURGKMCKOJC-UHFFFAOYSA-N	control_compound	0	cpd 20n	Chemical Probes Portal	
JJRRWLVKNLMRSA-UHFFFAOYSA-N	control_compound	0	MS8535N	Chemical Probes Portal	
VZAFGXCWAWRULT-UONOGXRCSA-N	control_compound	0	GSK4028	Chemical Probes Portal	
OLEFHQBTXFCZON-HXUWFJFHSA-N	control_compound	0	JNJ-6240	Chemical Probes Portal	
WZMIWVZGYMKUDV-UHFFFAOYSA-N	control_compound	0	CANSAR3893768	Chemical Probes Portal	
LPQXZOJIUVOCAL-NRFANRHFSA-N	control_compound	0	BAY-1880	Chemical Probes Portal	
XVECNLUKQDKOST-UHFFFAOYSA-N	control_compound	0	NVS-CECR2-C	Chemical Probes Portal	
CKFRXCBNKKOFGO-IGEOTXOUSA-N	control_compound	0	BAY-444	Chemical Probes Portal	
MMJPVSDTLGFIQW-UHFFFAOYSA-N	control_compound	0	BI 4395	Chemical Probes Portal	
ZGTWRRCZLAOQMY-UHFFFAOYSA-N	control_compound	0	canSAR1285572	Chemical Probes Portal	
UFKFTBGGMLIIME-DEOSSOPVSA-N	control_compound	0	LH222	Chemical Probes Portal	
MVULIYLBRNHLEE-LFHXYJAASA-N	control_compound	0	PROTAC-7	Chemical Probes Portal	
BOXZMOCGSKLDAH-OUZJXKGJSA-N	control_compound	0	canSAR3923653	Chemical Probes Portal	
KBTKRNXLECYGBY-NERSTHRASA-N	control_compound	0	CANSAR4199059	Chemical Probes Portal	
OFNZESNEBSQKSE-BQGOKDIQSA-N	control_compound	0	CANSAR3550550	Chemical Probes Portal	
OFNZESNEBSQKSE-BQGOKDIQSA-N	control_compound	1	CANSAR3550551	Chemical Probes Portal	
GJCIYFAPQUEGNE-UHFFFAOYSA-N	control_compound	0	canSAR3135622	Chemical Probes Portal	
GEPYBHCJBORHCE-SFHVURJKSA-N	control_compound	0	SGC-CBP30N (BDOIA513)	Chemical Probes Portal	
JCKGSPAAPQRPBW-OAQYLSRUSA-N	control_compound	0	(S)-PFI-2	Chemical Probes Portal	
BJFSUDWKXGMUKA-UHFFFAOYSA-N	control_compound	0	Not available	Chemical Probes Portal	
QOECJCJVIMVJGX-UHFFFAOYSA-N	control_compound	0	QQS	Chemical Probes Portal	
DPJNKUOXBZSZAI-UHFFFAOYSA-N	control_compound	0	UNC2400	Chemical Probes Portal	
WBKCKEHGXNWYMO-UHFFFAOYSA-N	control_compound	0	Ethyl 3-((6-(4,5-dihydro-1H-benzo[d]azepin-3(2H)-yl)-2-(pyridin-3-yl)pyrimidin-4-yl)amino)propanoate	Chemical Probes Portal	
BKCDJTRMYWSXMC-UHFFFAOYSA-N	control_compound	0	DS607	Chemical Probes Portal	
OTTJIRVZJJGFTK-SFHVURJKSA-N	control_compound	0	canSAR543398	Chemical Probes Portal	
ZKXZLIFRWWKZRY-KRWDZBQOSA-N	control_compound	0	canSAR1582710	Chemical Probes Portal	
ABGOSOMRWSYAOB-UHFFFAOYSA-N	control_compound	0	A-197	Chemical Probes Portal	
ABGOSOMRWSYAOB-UHFFFAOYSA-N	control_compound	1	SGC2043	Chemical Probes Portal	
LGWDVWIZDPGCFG-UHFFFAOYSA-N	control_compound	0	PZ-3067	Chemical Probes Portal	
IFWUBRBMMNTBRZ-UHFFFAOYSA-N	control_compound	0	N-Methyl-PDD00017273	Chemical Probes Portal	
REVJNSVNICWODC-KIDMSAQOSA-N	control_compound	0	A-395N	Chemical Probes Portal	
NDVQUNZCNAMROD-RZUBCFFCSA-N	control_compound	0	cisVH298	Chemical Probes Portal	
PIEQDBPBBQPLPL-UHFFFAOYSA-N	control_compound	0	canSAR3136718	Chemical Probes Portal	
BHUZLJOUHMBZQY-YXQOSMAKSA-N	control_compound	0	NILTUBACIN	Chemical Probes Portal	
VPQCHIWQHIOPQS-UHFFFAOYSA-N	control_compound	0	canSAR4558227	Chemical Probes Portal	
HXBRBOYWXDLHDC-UHFFFAOYSA-N	control_compound	0	RL2578	Chemical Probes Portal	
RJTJRVASUFIDQM-UHFFFAOYSA-N	control_compound	0	MSD-M1PAM-NC	Chemical Probes Portal	
MDGIEDNDSFMSLP-UHFFFAOYSA-N	control_compound	0	ZINC32547799	Chemical Probes Portal	
YCBIMOYJAYMCOJ-CCEZHUSRSA-N	control_compound	0	UNC11366	Chemical Probes Portal	
YCBIMOYJAYMCOJ-CCEZHUSRSA-N	control_compound	1	UNC11277	Chemical Probes Portal	
GYKNPXCQINZRLL-UHFFFAOYSA-N	control_compound	0	JB211	Chemical Probes Portal	
ISNXAOFEMNFJCO-YUXAGFNASA-N	control_compound	0	ABD298	Chemical Probes Portal	
ISNXAOFEMNFJCO-YUXAGFNASA-N	control_compound	1	JJH254	Chemical Probes Portal	
XUZMWHLSFXCVMG-UHFFFAOYSA-N	control_compound	0	INCB027753	Chemical Probes Portal	
XUZMWHLSFXCVMG-UHFFFAOYSA-N	control_compound	1	INCB029843	Chemical Probes Portal	
ZBCMHWUFWQFPLV-VVOJOOEHSA-N	control_compound	0	(R)-6-(2-Chloro-4-(4-methyl-2-oxopyridin-1(2H)-yl)phenyl)- 2-(methylamino)-8-(morpholin-2-ylmethyl)pyrido[2,3-d]- pyrimidin-7(8H)-one	Chemical Probes Portal	
JCINBYQJBYJGDM-UHFFFAOYSA-N	control_compound	0	Not available	Chemical Probes Portal	
IENLGMOXAQMNEH-CYBMUJFWSA-N	control_compound	0	Not available	Chemical Probes Portal	
MJSHVHLADKXCML-RQNOJGIXSA-N	control_compound	0	Compound 20 from J Med Chem paper	Chemical Probes Portal	
SXQZEMXQTRNLRZ-HXUWFJFHSA-N	control_compound	0	(S)-SKBG-1N	Chemical Probes Portal	
GXTJETQFYHZHNB-GASCZTMLSA-N	control_compound	0	BI-5273	Chemical Probes Portal	
QLXULUNLCRKWRD-UHFFFAOYSA-N	control_compound	0	WM-2474	Chemical Probes Portal	
JWZSSEWMVYKYKW-UHFFFAOYSA-N	control_compound	0	FM-743	Chemical Probes Portal	
OZFFKOSQNBBYCA-UHFFFAOYSA-N	control_compound	0	BAY-974	Chemical Probes Portal	
WBLVOWHFRUAMCP-UHFFFAOYSA-N	control_compound	0	CANSAR1840627	Chemical Probes Portal	
DTBGJTHCIGPRDA-UHFFFAOYSA-N	control_compound	0	STM2120	Chemical Probes Portal	
DKZYXHCYPUVGAF-JCNLHEQBSA-N	control_compound	0	Cpd1	Chemical Probes Portal	
YKDZIFFKQUNVHH-UHFFFAOYSA-N	control_compound	0	SGC-CK2-1N	Chemical Probes Portal	
GJYVLTPTDBQQCY-UHFFFAOYSA-N	control_compound	0	SGC-CLK-1	Chemical Probes Portal	
KNLROUBMVYVLGX-UHFFFAOYSA-N	control_compound	0	Compound 2 from Smith et al. 2016 (propionamide of JAK3i)	Chemical Probes Portal	
AUWUGRCKTQSGJY-HHHXNRCGSA-N	control_compound	0	MIC-nc	Chemical Probes Portal	
GSGDUDAFETZSPM-IATAILRESA-N	control_compound	0	canSAR3997277	Chemical Probes Portal	
FMTVWAGUJRUAKE-UHFFFAOYSA-N	control_compound	0	MS094	Chemical Probes Portal	
BNTAEJNPQLMGDJ-LLVKDONJSA-N	control_compound	0	TPn-004	Chemical Probes Portal	
LQTWDAYNGMMHLV-UHFFFAOYSA-N	control_compound	0	JQEZ23	Chemical Probes Portal	
YHMDHAMZFMNMTF-MSOLQXFVSA-N	control_compound	0	(2R,4R)-1-(3-Cyano-6-methyl-4-(trifluoromethyl)pyridin-2-yl)-4-hydroxy-N-methyl-N-(m-tolyl)pyrrolidine-2-carboxamide	Chemical Probes Portal	
DMIDPTCQPIJYFE-UHFFFAOYSA-N	control_compound	0	XY1	Chemical Probes Portal	
HSVRUECLQUGTDS-UHFFFAOYSA-N	control_compound	0	AGI-38053	Chemical Probes Portal	
VUIRVWPJNKZOSS-UHFFFAOYSA-N	control_compound	0	NCGC-959	Chemical Probes Portal	
NVGROBHDOYRPAN-FPTDNZKUSA-N	control_compound	0	NVS-MALT1-C	Chemical Probes Portal	
VKQBTIMLSDGNLG-QHCPKHFHSA-N	control_compound	0	BAY-897	Chemical Probes Portal	
NIHAFOURWLZLFN-UHFFFAOYSA-N	control_compound	0	CANSAR3935430	Chemical Probes Portal	
WXTJCPHELGTTJU-FMKPAKJESA-N	control_compound	0	canSAR7067859	Chemical Probes Portal	
DNVFTXQYIYFQBW-UHFFFAOYSA-N	control_compound	0	FRIN-1	Chemical Probes Portal	
ASRLBLHATMXGPC-UHFFFAOYSA-N	control_compound	0	BI-4827	Chemical Probes Portal	
GJMZWYLOARVASY-NTCAYCPXSA-N	control_compound	0	canSAR3595486	Chemical Probes Portal	
LBFYQISQYCGDDW-UHFFFAOYSA-N	control_compound	0	Compound 7 and 9 (Nat. Chem. Biol. 2015, 11, 973-980)	Chemical Probes Portal	
ODRITQGYYWHQGM-INIZCTEOSA-N	control_compound	0	MSC2530819	Chemical Probes Portal	
XBWKVZHZUZNMJE-UHFFFAOYSA-N	control_compound	0	JA262	Chemical Probes Portal	
BXNMZRPTQFVRFA-QGZVFWFLSA-N	control_compound	0	PF-05257137	Chemical Probes Portal	
RSJAXPUYVJKAAA-JPGJPTAESA-N	control_compound	0	BIIE0212	Chemical Probes Portal	
OAEWNSKRLBVVBV-QSEAXJEQSA-N	control_compound	0	A-545	Chemical Probes Portal	
BZCALJIHZVNMGJ-HSZRJFAPSA-N	control_compound	0	cpd 9b	Chemical Probes Portal	
KDFQABSFVYLGPM-QFIPXVFZSA-N	control_compound	0	CANSAR236284	Chemical Probes Portal	
PZGSYNNVPNLHQG-SANMLTNESA-N	control_compound	0	BAY-786	Chemical Probes Portal	
VXNAMCLMCBLNOL-NFQMXDRXSA-N	control_compound	0	CANSAR3894697	Chemical Probes Portal	
HVVLGXULBVAFRZ-UHFFFAOYSA-N	control_compound	0	BAY-726	Chemical Probes Portal	
TYXSIXOYTBHZFA-UHFFFAOYSA-N	control_compound	0	TP-024n	Chemical Probes Portal	
QXURFIGBRGWPQD-UHFFFAOYSA-N	control_compound	0	BAY-693	Chemical Probes Portal	
AFJRYPJIKHMNGL-UHFFFAOYSA-N	control_compound	0	RO4991571	Chemical Probes Portal	
ODOJVROSIRINJT-LJQANCHMSA-N	control_compound	0	C3TD879-N	Chemical Probes Portal	
QJWQAZTYFYCFQU-RMKNXTFCSA-N	control_compound	0	CANSAR4199076	Chemical Probes Portal	
BFMWIVWPPKENIN-AWEZNQCLSA-N	control_compound	0	cpd 30	Chemical Probes Portal	
JFHROPTYMMSOLG-UHFFFAOYSA-N	control_compound	0	cpd 3	Chemical Probes Portal	
BZJPCUQQPJJBTP-FGZHOGPDSA-N	control_compound	0	canSAR7378125	Chemical Probes Portal	
OLAGZWUBPYQCBR-JSKJCRAUSA-N	control_compound	0	canSAR7437535	Chemical Probes Portal	
KVDLSQZBDWJNSG-VINRIKPSSA-N	control_compound	0	canSAR7437536	Chemical Probes Portal	
ISQCXAWAHDJCRH-FKDRFZFOSA-N	control_compound	0	canSAR7437537	Chemical Probes Portal	
ISQCXAWAHDJCRH-FKDRFZFOSA-N	control_compound	1	canSAR7437563	Chemical Probes Portal	
JBTHUOYYUUPUOZ-LIHPQFRDSA-N	control_compound	0	canSAR7437538	Chemical Probes Portal	
PTARASCXNREVCH-UHFFFAOYSA-N	control_compound	0	canSAR7437539	Chemical Probes Portal	
AJQAXIIJKPCAOP-XVNGORCSSA-N	control_compound	0	canSAR7437540	Chemical Probes Portal	
AJQAXIIJKPCAOP-XVNGORCSSA-N	control_compound	1	canSAR7437564	Chemical Probes Portal	
PLCITURFVJNAFH-GUQHISFFSA-N	control_compound	0	canSAR7437541	Chemical Probes Portal	
NIQFZCJNEODJTE-CSIWTOAPSA-N	control_compound	0	canSAR7018955	Chemical Probes Portal	
DYDFSGCLYIZSAQ-UHFFFAOYSA-N	control_compound	0	canSAR7437562	Chemical Probes Portal	
ANAOJSKQILNLRY-MWTRTKDXSA-N	control_compound	0	canSAR7437561	Chemical Probes Portal	
FIFRHLLUVCAOIK-SJCJKPOMSA-N	control_compound	0	canSAR7437560	Chemical Probes Portal	
MMHYOHYLSFWJJB-ZDUSSCGKSA-N	control_compound	0	canSAR7437558	Chemical Probes Portal	
YPXUKPNZQTWCRR-UHFFFAOYSA-N	control_compound	0	canSAR7437557	Chemical Probes Portal	
DJOZFERTDDZPJO-UHFFFAOYSA-N	control_compound	0	canSAR7437555	Chemical Probes Portal	
YOOKRVNCYQFKCT-UHFFFAOYSA-N	control_compound	0	canSAR7437554	Chemical Probes Portal	
RGHSVQHKNJAFGR-QFIPXVFZSA-N	control_compound	0	canSAR7437552	Chemical Probes Portal	
XHMSDQXEIBTTBE-QFIPXVFZSA-N	control_compound	0	canSAR7437551	Chemical Probes Portal	
FFUVDKANSJZSAK-JDXGNMNLSA-N	control_compound	0	canSAR7437550	Chemical Probes Portal	
XRAUKWUDYSUHJM-LLVKDONJSA-N	control_compound	0	canSAR7437548	Chemical Probes Portal	
IYFKRANQUJUTKF-UHFFFAOYSA-N	control_compound	0	canSAR7088058	Chemical Probes Portal	
LDFDXTNMCGLUMQ-YGKODULZSA-N	control_compound	0	canSAR7437546	Chemical Probes Portal	
RIEBAXQZOMUWKX-UHFFFAOYSA-N	control_compound	0	canSAR7402268	Chemical Probes Portal	
LPDOIXPRZOWBJV-HOCLYGCPSA-N	control_compound	0	canSAR4208972	Chemical Probes Portal	
APEYSKGQWJKJAZ-LCLGPXMOSA-N	control_compound	0	canSAR7083887	Chemical Probes Portal	
APEYSKGQWJKJAZ-LCLGPXMOSA-N	control_compound	1	canSAR7437565	Chemical Probes Portal	
FHFUBRLTXZVOQX-UHFFFAOYSA-N	control_compound	0	NC-Z16	Chemical Probes Portal	
FHFUBRLTXZVOQX-UHFFFAOYSA-N	control_compound	1	canSAR7369919	Chemical Probes Portal	
CLUWNSLFLMBFKA-RMCUFUCFSA-N	control_compound	0	canSAR7412571	Chemical Probes Portal	
PWYJKWQDDHJXMJ-YKCITUTQSA-N	control_compound	0	canSAR7437542	Chemical Probes Portal	
GPZKXLCJTKULAU-UHFFFAOYSA-N	control_compound	0	canSAR7437543	Chemical Probes Portal	
BXCPYBFBMAWDDY-UHFFFAOYSA-N	control_compound	0	Neg-CPS2	Chemical Probes Portal	
LFCNOSRNWFMQLB-UHFFFAOYSA-N	control_compound	0	canSAR7437559	Chemical Probes Portal	
HKSBXNVKPFTBIG-WUEKOBJSSA-N	control_compound	0	CANSAR3935386	Chemical Probes Portal	
LPKVYTQGJNTZKY-UHFFFAOYSA-N	control_compound	0	canSAR7437547	Chemical Probes Portal	
LPKVYTQGJNTZKY-UHFFFAOYSA-N	control_compound	1	canSAR7437566	Chemical Probes Portal	
DQRZNYPHOWVXPQ-YDUPODKQSA-N	control_compound	0	cis-ACBI3	Chemical Probes Portal	
ZOSWUNAJRAEGEW-YTIGDUPRSA-N	control_compound	0	canSAR7385591	Chemical Probes Portal	
CSTHTJLTORVUST-UHFFFAOYSA-N	control_compound	0	canSAR7437549	Chemical Probes Portal	
ZGSWGXNEXAXEGV-XFCHVEHOSA-N	control_compound	0	ent-6	Chemical Probes Portal	
PPNNFXIBKLCMTI-WXEAQWFJSA-N	control_compound	0	UNC7043	Chemical Probes Portal	
IPNTVOAQOGRLQB-JJMBTQCASA-N	control_compound	0	canSAR3549010	Chemical Probes Portal	
IVARZBJJMMUJHI-SQKKEFIPSA-N	control_compound	0	cis-ACBI1	Chemical Probes Portal	
USEHXUPBCSTAIO-RAUDMRIHSA-N	control_compound	0	canSAR7437534	Chemical Probes Portal	
BOMRVPKXCINUMI-ZEGZQYLTSA-N	control_compound	0	AK-1690me	Chemical Probes Portal	
DOVSNSDMRJVTMR-JOCHJYFZSA-N	control_compound	0	CANSAR748058	Chemical Probes Portal	
WFVKDTWKNVLGGS-UHFFFAOYSA-N	control_compound	0	canSAR7437545	Chemical Probes Portal	
JTTGVFCANBFLCE-CJLVFECKSA-N	control_compound	0	canSAR7437544	Chemical Probes Portal	
ROINLDWZNWCWJK-ZYIHSGTPSA-N	control_compound	0	SK3288	Chemical Probes Portal	
BOXPLNRWIHHHBO-CHCOZFFLSA-N	control_compound	0	CANSAR4199069	Chemical Probes Portal	
INXGMIWEZJNJOA-NVZKIFIHSA-N	control_compound	0	XY9002-NC	Chemical Probes Portal	
DUPAJELXESPTNF-PPZGWQTASA-N	control_compound	0	cpd 3	Chemical Probes Portal	
AAZUPSFRSHFTGV-INIZCTEOSA-N	control_compound	0	VT106	Chemical Probes Portal	
LLCVDQHLYHBAHR-UHFFFAOYSA-N	control_compound	0	VT106	Chemical Probes Portal	
ZZWWXIBKLBMSCS-FQEVSTJZSA-N	control_compound	0	ND-022	Chemical Probes Portal	
UVVQLQQNGHYTOL-JIVXZRRKSA-N	control_compound	0	canSAR3553056	Chemical Probes Portal	
FQWDVNSBYDXPIO-CQSZACIVSA-N	control_compound	0	8VI	Chemical Probes Portal	
UJDFQDPAVQIQLB-UHFFFAOYSA-N	control_compound	0	canSAR7437556	Chemical Probes Portal	
AXNQNPVSVCEGTP-LALXJTNGSA-N	control_compound	0	canSAR7437553	Chemical Probes Portal	
KDOQEEMQPHIANX-NFBKMPQASA-N	control_compound	0	A-1596584	Chemical Probes Portal	
PFEKWBKJUBCXDT-KGLIPLIRSA-N	control_compound	0	SC-6238532	Chemical Probes Portal	
ALNBIGSEWMWEGS-UHFFFAOYSA-N	control_compound	0	cpd 57	Chemical Probes Portal	
CQFHGOWYJXQICA-FKDNKQOESA-N	control_compound	0	Compound 1	Chemical Probes Portal	
AYGDOYFDJDUPSS-UHFFFAOYSA-N	control_compound	0	2-(3-benzyloxy-2,6-dichloro-anilino)benzoic acid	Chemical Probes Portal	
QKVFMAAIXZONRN-UHFFFAOYSA-N	control_compound	0	BAY-827	Chemical Probes Portal	
VUOYAALVGSMUHC-UHFFFAOYSA-N	control_compound	0	BI01372674	Chemical Probes Portal	
PRWSIEBRGXYXAJ-UHFFFAOYSA-N	control_compound	0	CANSAR203754	Chemical Probes Portal	
VPJXPDLMACOGIZ-UHFFFAOYSA-N	control_compound	0	canSAR3447722	Chemical Probes Portal	
VPJXPDLMACOGIZ-UHFFFAOYSA-N	control_compound	1	CCT252313	Chemical Probes Portal	
HXNUFFCHRIWTRZ-UHFFFAOYSA-N	control_compound	0	SR-321	Chemical Probes Portal	
OYKPWSZSBLRRPL-HOYKHHGWSA-N	control_compound	0	MRL-SYKi-NC	Chemical Probes Portal	
KTBSXLIQKWEBRB-UHFFFAOYSA-N	structure_source	0	pubchem:name:ITACITINIB	Chemical Probes Portal	
ODOJVROSIRINJT-LJQANCHMSA-N	structure_source	0	pubchem:name:C3TD879	Chemical Probes Portal	
BFMWIVWPPKENIN-AWEZNQCLSA-N	structure_source	0	pubchem:name:ART5537	Chemical Probes Portal	
JALIPZPFONOAJA-ZKGBLMBJSA-N	structure_source	0	pubchem:name:BMS-986458	Chemical Probes Portal	
MUYQEHKMQMHJNI-ZDUSSCGKSA-N	structure_source	0	pubchem:name:BLU-654	Chemical Probes Portal	
ALNBIGSEWMWEGS-UHFFFAOYSA-N	structure_source	0	pubchem:name:CCT400028	Chemical Probes Portal	
CQFHGOWYJXQICA-FKDNKQOESA-N	structure_source	0	pubchem:name:KT-253	Chemical Probes Portal	
DVGLTSTVSHOWJF-UHFFFAOYSA-N	structure_source	0	pubchem:name:S9-A13	Chemical Probes Portal	
VDLHPYFVCAHCCZ-UHFFFAOYSA-N	structure_source	0	pubchem:name:RPI-GLYT2-82	Chemical Probes Portal	
YXYBHRORJSDZTQ-UHFFFAOYSA-N	structure_source	0	pubchem:name:NUAK1-IN-2	Chemical Probes Portal	
