target_key	name	type
BRD7@BRD		
BRD9@BRD		
NTRK1		
NTRK2		
NTRK3		
DDR1		
DDR2		
JAK3@kinase 1		
CLK4		
DYRK1A		
DYRK1B		
DYRK2		
CLK1		
CLK2		
PIKFYVE		
SRPK1		
SRPK2		
SRPK3		
PRMT6@Methyltransferase		
PRMT8@Methyltransferase		
PRMT1@Methyltransferase		
PRMT3@Methyltransferase		
CARM1@Methyltransferase		
RORC		
NR1F3		
NR1H2		
NR1H3		
NR1I2		
ACVR1B		
TGFBR1		
BTK		
BMX		
PIK3CA		
PIK3CB		
PIK3CG		
PIK3CD		
WNK1		
WNK2		
WNK3		
WNK4		
PBK		
CDK11B		
MAPKAPK2		
MAPKAPK3		
MAPKAPK5		
CDK14		
CDK16		
CDK2		
CDK9		
NR1H4		
CDK13		
BRDT		
BRD2		
BRD3		
BRD4		
CTNNB1		
MAPK7		
MAP2K1		
MAP2K2		
AURKB		
GSK3A		
GSK3B		
AKT1		
AKT2		
AKT3		
MAPK11		
MAPK14		
STK6		
ROCK1		
ROCK2		
BRAF		
PTK2		
PTK2B		
EPHA2		
EPHB4		
MERTK		
TYRO3		
AXL		
PDPK1		
PRKCA		
PRKCB		
PRKCG		
PRKCE		
CDK8		
PAK1		
AAK1		
BMP2K		
CAMKK2		
PLK1		
STK3		
STK4		
NR2B1		
NR2B2		
NR2B3		
PPARA		
PPARG		
NR1C1		
NR1C3		
NR1C2		
PPARD		
BRD1@BRD		
TAF1@BD2		
BAZ2A@BRD		
BAZ2B@BRD		
SUV420H1@Methyltransferase		
SUV420H2@Methyltransferase		
EHMT1/GLP@Methyltransferase		
EHMT2/G9a@Methyltransferase		
CREBBP@BRD		
EP300@BRD		
SETD7		
PRMT5		
PBRM1@BRD		
SMARCA2@BRD		
SMARCA4@BRD		
BRD4@BD2		
BRDT@BD1		
BRDT@BD2		
BRD2@BD1		
BRD2@BD2		
BRD3@BD1		
BRD3@BD2		
BRD4@BD1		
CECR2@BRD		
BRPF1@BRD		
BRPF3@BRD		
GAK		
EZH1@Methyltransferase		
EZH2@Methyltransferase		
WDR5		
KDM1A/LSD1@Demethylase		
L3MBTL3@MBT1		
DOT1L@Methyltransferase		
KDM6A/UTX@Demethylase		
KAT2B@BRD		
KAT2A@BRD		
EED		
SMYD2		
SMYD3@Methyltransferase		
IDH1(R132C)		
IDH1(R132H)		
IDH1(R132G)		
BRD7		
BRD9		
EGLN1		
CARM1		
LIMK1		
LIMK2		
PRDM9		
PRMT7		
MAP4K2		
MALT1		
LHCGR		
SLC2A1		
CHRM1		
BPTF@BRD		
PRMT8		
PRMT1		
PRMT3		
BCL2L1		
BCL2		
CFTR		
ATAD2		
ATAD2B		
NSD3@PWWP1		
PRMT6		
P2RY14		
DHODH		
SLC13A5		
MLLT1		
MLLT3		
EDNRA		
FNTB		
DRD4		
F2R		
MET		
FASN		
SLC9A1		
CNR1		
PTGDR2		
MAPK1		
MAPK3		
ADRA1D		
MIF		
NUDT1		
METAP2		
TRPM8		
TBK1		
IKBKE		
FAAH		
TRPA1		
P2RX4		
ITGAL		
RPS6KA1		
PRKAA1		
CYP11B2		
NR3C1		
MGAT2		
BCL6		
GPR52		
ENPP2		
HCV:NS3		
SOS1		
CLK3		
EP300@Acetyltransferase		
CREBBP@Acetyltransferase		
MYST3@Acetyltransferase		
MYST4@Acetyltransferase		
GNRHR		
EDNRB		
PTGER2		
CCR1		
MRGPRX2		
GPR68		
KISS1R		
GRM8		
ADRB2		
DRD1		
TACR1		
OPRK1		
CCKAR		
LTB4R		
OPRD1		
CCKBR		
NTSR1		
NTSR2		
ADRA1B		
ADRA1A		
ADRA2A		
PTGFR		
PTGER3		
PTGER1		
CYSLTR1		
AVPR2		
AGTR2		
AGTR1		
ADORA2A		
ADRB1		
GHSR		
HTR7		
OPRL1		
OPRM1		
HTR2C		
HTR2A		
CXCR2		
HCRTR1		
HTR2B		
S1PR1		
GRM5		
GRM1		
GRM2		
PTGDR		
TBXA2R		
ADORA2B		
LPAR2		
F2RL1		
CCR2		
HRH3		
GPR35		
DRD3		
DRD2		
HTR1A		
FFAR4		
FFAR2		
S1PR5		
SMO		
TSHR		
EPHX2@Protease		
NR1I3		
THRA		
THRB		
NR1A1		
NR1A2		
NR3A1		
NR3A2		
NR3C2		
NR3C3		
NR3C4		
RARB		
RARA		
RARG		
NR1B1		
NR1B2		
NR1B3		
NR1I1		
VDR		
IKBKB		
EGFR		
ERBB2		
ERBB4		
CSF1R		
TTK		
CSNK2A1		
IGF1R		
INSR		
INSRR		
TNK2		
LRRK2		
MAP3K5		
MST1R		
JAK1@kinase 1		
JAK2@kinase 1		
NUAK1		
NUAK2		
PIK3C3		
RIPK3		
CHEK1		
IRAK4		
BLK		
TXK		
ITK		
PRKDC		
PIK3C2B		
CHEK2		
PLK2		
PLK3		
AURKC		
RPS6KA3@kinase 1		
CDK4		
CDK6		
ALK		
ROS1		
FGFR1		
FGFR2		
FGFR3		
TIE1		
TEK		
SYK		
RPS6KA1@kinase 1		
RIPK1		
CASK		
MMP12		
MMP13		
CENPE		
ELANE		
PSEN1@Protease		
ALOX5AP		
PDE10A		
NDUFS2		
ABL1		
ABL2		
CAMK1		
PNCK		
CAMK1D		
CAMK1G		
NPY1R		
HIPK1		
HIPK2		
CDK1		
CDK5		
PADI4		
BRPF1		
BRPF3		
BRD1		
FGFR4		
MELK		
SIK1		
SIK2		
SIK3		
BCAT1		
BCAT2		
CMA1@Protease		
GLS		
NSD2 (PWWP1 domain)		
GID4		
NR1D1		
NR1D2		
NR1F1		
NR1F2		
RORB		
RORA		
CSNK2A2		
ACVR1		
ACVRL1		
TTBK1		
RET		
KDR		
CSNK1D		
CSNK1E		
CSNK1A1		
EIF2AK3		
ERBB3		
CDK19		
STK10		
TNNI3K		
FER		
DAPK1		
DAPK3		
SMG1		
MTOR		
STK17B		
DCLK1		
DCLK2		
FLT3		
STK17A		
JAK2		
TYK2		
JAK1		
PIM1		
PIM2		
PIM3		
BUB1		
FKBP5		
FFAR1		
GRIN2A		
OGA		
PIP4K2A		
SLC16A3		
UCHL1@Protease		
HCV:NS5B		
HIV:NNRT		
CDK12		
CDK7		
PIK3C2G		
OLR1		
SCNN1A		
SCNN1B		
SCNN1G		
HIV Integrase		
HCV NS5B		
CTSS		
HCV NS3-NS4A		
CTSC		
CMA1		
PDE2A		
DPAP1		
HCV NNRT		
HIV CA		
PHGDH		
CETP		
CCR10		
MAP3K14		
ERN1		
KIT		
PIP4K2C		
MYLK4		
NEK2		
RIPK2		
MAP4K4		
TNIK		
MINK1		
NR3B1		
NR3B2		
NR3B3		
MAP3K12		
IRAK1		
MAP2K5		
LATS1		
LATS2		
BMPR1A		
BMPR1B		
MKNK1		
MKNK2		
PRKD1		
PRKD2		
PRKD3		
PKN2		
DAPK2		
TTBK2		
MAP3K7		
PDE9A		
HSD17B13		
CDK15		
CDK17		
CDK18		
MGLL		
SMOX		
CDKL5		
UGCG		
ATR		
ATM		
RIOK2		
EIF2AK4		
MAP3K13		
BIKE		
PKMYT1		
EPHA1		
EPHB2		
EPHB3		
WEE1		
CDC7		
FES		
ULK1		
ULK2		
CAMK2A		
CIT		
MCL1		
NR2E3		
NR4A1		
NR4A2		
NR4A3		
NR2E1		
