inchikey	name	smiles	chembl_id	cansar_id	portal_path	published_date	pains	toxicophore	rating_in_cell	rating_in_organism	rating_count	reference	source_db
YHHFKWKMXWRVTJ-OQKWZONESA-N	JIB-04	Clc1ccc(N/N=C(\c2ccccc2)c2ccccn2)nc1		1354531	unsuitables/jib-04	2016-12-15	No	Yes	0	0	0		Chemical Probes Portal
MOUNHKKCIGVIDI-UHFFFAOYSA-L	AMI-1	O=C(Nc1ccc2c(O)cc(S(=O)(=O)[O-])cc2c1)Nc1ccc2c(O)cc(S(=O)(=O)[O-])cc2c1.[Na+].[Na+]	CHEMBL3109656	723373	unsuitables/ami-1	2017-03-07	No	No	0	0	0		Chemical Probes Portal
XVBGRTMNFNMINE-UHFFFAOYSA-N	XMD17-109	CCOc1cc(C(=O)N2CCC(N3CCN(C)CC3)CC2)ccc1Nc1ncc2c(n1)N(C1CCCC1)c1ccccc1C(=O)N2C	CHEMBL2381340	927800	unsuitables/xmd17-109	2016-12-15	No	No	0	0	0		Chemical Probes Portal
OMKHWTRUYNAGFG-IEBDPFPHSA-N	DZNep	Nc1nccc2c1ncn2[C@@H]1C=C(CO)[C@@H](O)[C@H]1O		1117457	unsuitables/dznep	2017-02-03	No	No	0	0	0		Chemical Probes Portal
PZPPOCZWRGNKIR-PNVYSBBASA-N	Chaetocin	CN1C(=O)[C@@]23C[C@]4([C@]56C[C@@]78SS[C@@](CO)(C(=O)N7[C@H]5Nc5ccccc56)N(C)C8=O)c5ccccc5N[C@@H]4N2C(=O)[C@]1(CO)SS3	CHEMBL1089316	915616	unsuitables/chaetocin	2017-02-03	No	Yes	0	0	0		Chemical Probes Portal
ZWNKKZSRANLVEW-UHFFFAOYSA-N	Epiblastin A	Nc1nc(N)c2nc(-c3cccc(Cl)c3)c(N)nc2n1		2922952	unsuitables/epiblastin	2020-12-05	No	No	0	0	0	http://www.cell.com/cell-chemical-biology/abstract/S2451-9456(16)30085-X|http://www.cell.com/cell-reports/abstract/S2211-1247(16)30362-X?_returnURL=http%3A%2F%2Flinkinghub.elsevier.com%2Fretrieve%2Fpii%2FS221112471630362X%3Fshowall%3Dtruehttp://www.cell.com/cell-reports/abstract/S2211-1247(16)30362-X?_returnURL=http%3A%2F%2Flinkinghub.elsevier.com%2Fretrieve%2Fpii%2FS221112471630362X%3F|https://pubmed.ncbi.nlm.nih.gov/27049670|https://pubmed.ncbi.nlm.nih.gov/27149845	Chemical Probes Portal
UXXQOJXBIDBUAC-UHFFFAOYSA-N	Tandutinib	COc1cc2c(N3CCN(C(=O)Nc4ccc(OC(C)C)cc4)CC3)ncnc2cc1OCCCN1CCCCC1	CHEMBL124660	848749	unsuitables/tandutinib	2016-12-09	No	No	0	0	0		Chemical Probes Portal
REFJWTPEDVJJIY-UHFFFAOYSA-N	Quercetin	O=c1c(O)c(-c2ccc(O)c(O)c2)oc2cc(O)cc(O)c12		1305802	unsuitables/quercetin	2016-12-09	Yes	Yes	0	0	0		Chemical Probes Portal
PIMQWRZWLQKKBJ-SFHVURJKSA-N	Dinaciclib	CCc1cnn2c(NCc3ccc[n+]([O-])c3)cc(N3CCCC[C@H]3CCO)nc12		256723	unsuitables/dinaciclib	2016-12-09	No	No	0	0	0		Chemical Probes Portal
WMBWREPUVVBILR-WIYYLYMNSA-N	Epigallocatechin-3-gallate (ECGC)	O=C(O[C@@H]1Cc2c(O)cc(O)cc2O[C@@H]1c1cc(O)c(O)c(O)c1)c1cc(O)c(O)c(O)c1	CHEMBL297453	498738	unsuitables/epigallocatechin-3-gallate-ecgc	2016-12-09	Yes	Yes	0	0	0		Chemical Probes Portal
LUKBXSAWLPMMSZ-OWOJBTEDSA-N	Resveratrol	Oc1ccc(/C=C/c2cc(O)cc(O)c2)cc1	CHEMBL165	96102	unsuitables/resveratrol	2016-12-09	No	No	0	0	0		Chemical Probes Portal
FIAFUQMPZJWCLV-UHFFFAOYSA-N	Suramin	Cc1ccc(C(=O)Nc2ccc(S(=O)(=O)O)c3cc(S(=O)(=O)O)cc(S(=O)(=O)O)c23)cc1NC(=O)c1cccc(NC(=O)Nc2cccc(C(=O)Nc3cc(C(=O)Nc4ccc(S(=O)(=O)O)c5cc(S(=O)(=O)O)cc(S(=O)(=O)O)c45)ccc3C)c2)c1		1009853	unsuitables/suramin	2016-12-09	No	No	0	0	0		Chemical Probes Portal
ZEWQUBUPAILYHI-UHFFFAOYSA-N	Trifluoperazine	CN1CCN(CCCN2c3ccccc3Sc3ccc(C(F)(F)F)cc32)CC1		1899498	unsuitables/trifluoperazine	2016-12-09	No	No	0	0	0		Chemical Probes Portal
RRKRXIFOHFBLHY-YEZSYGFXSA-M	Fluoxetine glucuronide	CN(CCC(Oc1ccc(C(F)(F)F)cc1)c1ccccc1)[C@@H]1O[C@H](C(=O)[O-])[C@@H](O)[C@H](O)[C@H]1O.[Na+]		3312909	unsuitables/fluoxetine-glucuronide	2016-12-09	No	No	0	0	0		Chemical Probes Portal
AOJJSUZBOXZQNB-TZSSRYMLSA-N	Doxorubicin	COc1cccc2c1C(=O)c1c(O)c3c(c(O)c1C2=O)C[C@@](O)(C(=O)CO)C[C@@H]3O[C@H]1C[C@H](N)[C@H](O)[C@H](C)O1	CHEMBL53463	791569	unsuitables/doxorubicin	2016-12-09	Yes	Yes	0	0	0		Chemical Probes Portal
UHTHHESEBZOYNR-UHFFFAOYSA-N	Vandetanib	COc1cc2c(Nc3ccc(Br)cc3F)ncnc2cc1OCC1CCN(C)CC1		233726	unsuitables/vandetanib	2016-12-09	No	No	0	0	0		Chemical Probes Portal
RITAVMQDGBJQJZ-FMIVXFBMSA-N	Axitinib	CNC(=O)c1ccccc1Sc1ccc2c(/C=C/c3ccccn3)n[nH]c2c1		1927385	unsuitables/axitinib	2016-12-09	No	No	0	0	0		Chemical Probes Portal
UYJNQQDJUOUFQJ-UHFFFAOYSA-N	NVP-TAE 226	CNC(=O)c1ccccc1Nc1nc(Nc2ccc(N3CCOCC3)cc2OC)ncc1Cl	CHEMBL458997	512994	unsuitables/nvp-tae-226	2016-12-09	No	No	0	0	0		Chemical Probes Portal
VAARYSWULJUGST-UHFFFAOYSA-N	PD173955	CSc1cccc(Nc2ncc3cc(-c4c(Cl)cccc4Cl)c(=O)n(C)c3n2)c1		158055	unsuitables/pd173955	2016-12-09	No	No	0	0	0		Chemical Probes Portal
ODPGGGTTYSGTGO-UHFFFAOYSA-N	AST 487	CCN1CCN(Cc2ccc(NC(=O)Nc3ccc(Oc4cc(NC)ncn4)cc3)cc2C(F)(F)F)CC1	CHEMBL574738	764849	unsuitables/ast-487	2016-12-09	No	No	0	0	0		Chemical Probes Portal
WAEXFXRVDQXREF-UHFFFAOYSA-N	Vorinostat	O=C(CCCCCCC(=O)Nc1ccccc1)NO		1113023	unsuitables/vorinostat	2017-04-10	No	Yes	0	0	0		Chemical Probes Portal
WINHZLLDWRZWRT-ATVHPVEESA-N	Sunitinib	CCN(CC)CCNC(=O)c1c(C)[nH]c(/C=C2\C(=O)Nc3ccc(F)cc32)c1C		154683	unsuitables/sunitinib	2016-12-09	No	No	0	0	0		Chemical Probes Portal
HVXKQKFEHMGHSL-QKDCVEJESA-N	XL-647	COc1cc2c(Nc3ccc(Cl)c(Cl)c3F)ncnc2cc1OC[C@@H]1C[C@@H]2CN(C)C[C@@H]2C1	CHEMBL3544983	535317	unsuitables/xl-647	2016-12-09	No	No	0	0	0		Chemical Probes Portal
VMWNQDUVQKEIOC-CYBMUJFWSA-N	Apomorphine	CN1CCc2cccc3c2[C@H]1Cc1ccc(O)c(O)c1-3		1185273	unsuitables/apomorphine	2016-12-09	Yes	Yes	0	0	0		Chemical Probes Portal
DYEFUKCXAQOFHX-UHFFFAOYSA-N	Ebselen	O=c1c2ccccc2[se]n1-c1ccccc1	CHEMBL51085	65636	unsuitables/ebselen	2016-12-09	No	Yes	0	0	0		Chemical Probes Portal
IQPNAANSBPBGFQ-UHFFFAOYSA-N	Digitoflavone	O=c1cc(-c2ccc(O)c(O)c2)oc2cc(O)cc(O)c12		1241698	unsuitables/digitoflavone	2016-12-09	Yes	Yes	0	0	0		Chemical Probes Portal
KZNIFHPLKGYRTM-UHFFFAOYSA-N	Apigenin	O=c1cc(-c2ccc(O)cc2)oc2cc(O)cc(O)c12		1161291	unsuitables/apigenin	2016-12-09	No	No	0	0	0		Chemical Probes Portal
ZIUSSTSXXLLKKK-KOBPDPAPSA-N	Curcumin	COc1cc(/C=C/C(=O)/C=C(O)/C=C/c2ccc(O)c(OC)c2)ccc1O		1795385	unsuitables/curcumin	2016-12-09	No	Yes	0	0	0		Chemical Probes Portal
IZEKFCXSFNUWAM-UHFFFAOYSA-N	Dipyridamole	OCCN(CCO)c1nc(N2CCCCC2)c2nc(N(CCO)CCO)nc(N3CCCCC3)c2n1	CHEMBL932	681918	unsuitables/dipyridamole	2016-12-09	No	No	0	0	0		Chemical Probes Portal
KTEIFNKAUNYNJU-GFCCVEGCSA-N	Crizotinib	C[C@@H](Oc1cc(-c2cnn(C3CCNCC3)c2)cnc1N)c1c(Cl)ccc(F)c1Cl		259783	unsuitables/crizotinib	2016-12-09	No	No	0	0	0		Chemical Probes Portal
IYIKLHRQXLHMJQ-UHFFFAOYSA-N	Amiodarone	CCCCc1oc2ccccc2c1C(=O)c1cc(I)c(OCCN(CC)CC)c(I)c1	CHEMBL633	322374	unsuitables/amiodarone	2016-12-09	No	No	0	0	0		Chemical Probes Portal
MPVGZUGXCQEXTM-UHFFFAOYSA-N	Linifanib	Cc1ccc(F)c(NC(=O)Nc2ccc(-c3cccc4[nH]nc(N)c34)cc2)c1		1920436	unsuitables/linifanib	2016-12-09	No	No	0	0	0		Chemical Probes Portal
QDPVYZNVVQQULH-UHFFFAOYSA-N	Dovitinib lactate	CC(O)C(=O)O.CN1CCN(c2ccc3nc(-c4c(N)c5c(F)cccc5[nH]c4=O)[nH]c3c2)CC1.O	CHEMBL4297063	711445	unsuitables/dovitinib-lactate	2016-12-09	No	No	0	0	0		Chemical Probes Portal
RTIXKCRFFJGDFG-UHFFFAOYSA-N	5,7-Dihydroxyflavone	O=c1cc(-c2ccccc2)oc2cc(O)cc(O)c12		1115786	unsuitables/57-dihydroxyflavone	2016-12-09	No	No	0	0	0		Chemical Probes Portal
QQWUGDVOUVUTOY-UHFFFAOYSA-N	NVP-TAE684	COc1cc(N2CCC(N3CCN(C)CC3)CC2)ccc1Nc1ncc(Cl)c(Nc2ccccc2S(=O)(=O)C(C)C)n1	CHEMBL509032	868137	unsuitables/nvp-tae684	2016-12-09	No	No	0	0	0		Chemical Probes Portal
GUBJNPWVIUFSTR-UHFFFAOYSA-N	JNJ-28312141	CN(C)CC(=O)N1CCC(c2ccc(NC(=O)c3nc(C#N)c[nH]3)c(C3=CCCCC3)c2)CC1	CHEMBL1908842	591760	unsuitables/jnj-28312141	2016-12-09	No	No	0	0	0		Chemical Probes Portal
WPHKIQPVPYJNAX-UHFFFAOYSA-N	Ilorasertib	Nc1ncc(-c2cnn(CCO)c2)c2scc(-c3ccc(NC(=O)Nc4cccc(F)c4)cc3)c12	CHEMBL1980297	644156	unsuitables/ilorasertib	2016-12-09	No	No	0	0	0		Chemical Probes Portal
XZXHXSATPCNXJR-ZIADKAODSA-N	Intedanib	COC(=O)c1ccc2c(c1)NC(=O)/C2=C(\Nc1ccc(N(C)C(=O)CN2CCN(C)CC2)cc1)c1ccccc1	CHEMBL502835	817948	unsuitables/intedanib	2016-12-09	No	Yes	0	0	0		Chemical Probes Portal
MZDKLVOWGIOKTN-UHFFFAOYSA-N	PF-562271	CN(c1ncccc1CNc1nc(Nc2ccc3c(c2)CC(=O)N3)ncc1C(F)(F)F)S(C)(=O)=O	CHEMBL1084546	631801	unsuitables/pf-562271	2016-12-09	No	No	0	0	0		Chemical Probes Portal
QQUXFYAWXPMDOE-UHFFFAOYSA-N	Kenpaullone	O=C1Cc2c([nH]c3ccc(Br)cc23)-c2ccccc2N1		1185198	unsuitables/kenpaullone	2016-12-09	No	No	0	0	0		Chemical Probes Portal
SEJGTFPOEJWEGG-UHFFFAOYSA-N	CHEMBL1908393	COc1cc2c(Oc3ccc(NC(=O)C4(C(=O)NC5=CCC(F)C=C5)CC4)cc3F)ccnc2cc1OCCCN1CCOCC1		3100290	unsuitables/chembl1908393	2016-12-09	No	No	0	0	0		Chemical Probes Portal
JOOXLOJCABQBSG-UHFFFAOYSA-N	Fedratinib	Cc1cnc(Nc2ccc(OCCN3CCCC3)cc2)nc1Nc1cccc(S(=O)(=O)NC(C)(C)C)c1	CHEMBL1287853	729057	unsuitables/fedratinib	2016-12-09	No	No	0	0	0		Chemical Probes Portal
MVJMMLFMPWITEJ-UHFFFAOYSA-N	Kinome_1198	N#CCOc1ccc(Nc2nc(Nc3cccc(S(N)(=O)=O)c3)ncc2Br)cc1		212832	unsuitables/kinome1198	2016-12-09	No	Yes	0	0	0		Chemical Probes Portal
CTNPALGJUAXMMC-PMFHANACSA-N	SU14813	Cc1[nH]c(/C=C2\C(=O)Nc3ccc(F)cc32)c(C)c1C(=O)NC[C@H](O)CN1CCOCC1	CHEMBL1721885	449255	unsuitables/su14813	2016-12-09	Yes	No	0	0	0		Chemical Probes Portal
KDKUVYLMPJIGKA-UHFFFAOYSA-N	JNJ-7706621	Nc1nc(Nc2ccc(S(N)(=O)=O)cc2)nn1C(=O)c1c(F)cccc1F		1799601	unsuitables/jnj-7706621	2016-12-09	No	No	0	0	0		Chemical Probes Portal
YYLKKYCXAOBSRM-JXMROGBWSA-N	KW-2449	O=C(c1ccc(/C=C/c2n[nH]c3ccccc23)cc1)N1CCNCC1		1708627	unsuitables/kw-2449	2016-12-09	No	No	0	0	0		Chemical Probes Portal
OWRXHGAFWZFFCW-UHFFFAOYSA-N	Kinome_1194	CNS(=O)(=O)c1ccccc1Nc1nc(Nc2cc(OC)c(OC)c(OC)c2)ncc1Cl	CHEMBL1993661	455055	unsuitables/kinome1194	2016-12-09	No	No	0	0	0		Chemical Probes Portal
JZTOUVBEZONDKA-UHFFFAOYSA-N	Kinome_2079	Cc1cccc(Nc2nc(NC3CCCCC3N)cnc2C(N)=O)c1		1720177	unsuitables/kinome2079	2016-12-09	No	No	0	0	0		Chemical Probes Portal
RYYNGWLOYLRZLK-UHFFFAOYSA-N	PF-03814735	CC(=O)NCC(=O)N1C2CCC1c1cc(Nc3ncc(C(F)(F)F)c(NC4CCC4)n3)ccc12	CHEMBL1983111	593029	unsuitables/pf-03814735	2016-12-09	No	No	0	0	0		Chemical Probes Portal
FUMCKNCUEAQHCV-XYPYZODXSA-N	CHEMBL2062936	O[C@H]1CC[C@H](Nc2nc(Cl)cc(-c3c[nH]c4ncccc34)n2)CC1		1543298	unsuitables/chembl2062936	2016-12-09	No	No	0	0	0		Chemical Probes Portal
ZGZVRPRSFXRGCF-UHFFFAOYSA-N	Kinome_1054	COc1ccc(C(=O)Nc2n[nH]c3ccc(-c4cn(Cc5ccccc5)nn4)cc23)cc1OC	CHEMBL1991078	593085	unsuitables/kinome1054	2016-12-09	No	No	0	0	0		Chemical Probes Portal
ZPEIMTDSQAKGNT-UHFFFAOYSA-N	Chlorpromazine	CN(C)CCCN1c2ccccc2Sc2ccc(Cl)cc21		1233755	unsuitables/chlorpromazine	2016-12-09	No	No	0	0	0		Chemical Probes Portal
CGIGDMFJXJATDK-UHFFFAOYSA-N	Indometacin	COc1ccc2c(c1)c(CC(=O)O)c(C)n2C(=O)c1ccc(Cl)cc1		1616755	unsuitables/indometacin	2016-12-09	No	No	0	0	0		Chemical Probes Portal
GCBJDOWIQHMCMR-UHFFFAOYSA-N	Kinome_1199	O=C(O)c1ccccc1Nc1ccnc(Nc2ccc3[nH]ncc3c2)n1		1705658	unsuitables/kinome1199	2016-12-09	No	No	0	0	0		Chemical Probes Portal
KRIUNPBAQZGFQA-UHFFFAOYSA-N	ZINC04335977	Oc1c2ccccc2c2c3c(cccc13)N=N2		1049783	unsuitables/zinc04335977	2016-12-09	No	Yes	0	0	0		Chemical Probes Portal
HJGFPNFAFSFDNN-UHFFFAOYSA-N	CX5011	C#Cc1cccc(Nc2nc3cc(C(=O)O)ccc3c3cncnc23)c1		1798236	unsuitables/cx5011	2016-12-09	No	No	0	0	0		Chemical Probes Portal
BPNUQXPIQBZCMR-IBGZPJMESA-N	A-674563	Cc1n[nH]c2ccc(-c3cncc(OC[C@@H](N)Cc4ccccc4)c3)cc12		1807394	unsuitables/674563	2016-12-08	No	No	0	0	0		Chemical Probes Portal
RFAXLXKIAKIUDT-UHFFFAOYSA-N	IPA-3	Oc1ccc2ccccc2c1SSc1c(O)ccc2ccccc12		1503412	unsuitables/ipa-3	2017-01-04	No	Yes	0	0	0		Chemical Probes Portal
KRMDCWKBEZIMAB-UHFFFAOYSA-N	Amitriptyline	CN(C)CCC=C1c2ccccc2CCc2ccccc21		1253640	unsuitables/amitriptyline	2016-12-09	Yes	No	0	0	0		Chemical Probes Portal
DDLZLOKCJHBUHD-WAVHTBQISA-N	6-Bromoindirubin-3'-oxime	O=C1Nc2cc(Br)ccc2/C1=C1/Nc2ccccc2/C1=N\O		1322637	unsuitables/6-bromoindirubin-3-oxime	2016-12-09	No	Yes	0	0	0		Chemical Probes Portal
UUADYKVKJIMIPA-UHFFFAOYSA-N	Enzastaurin hydrochloride	Cl.Cn1cc(C2=C(c3cn(C4CCN(Cc5ccccn5)CC4)c4ccccc34)C(=O)NC2=O)c2ccccc21	CHEMBL2107337	826365	unsuitables/enzastaurin-hydrochloride	2016-12-09	No	Yes	0	0	0		Chemical Probes Portal
KSOVGRCOLZZTPF-UHFFFAOYSA-N	Kinome_635	Cc1cc(Nc2ncc(F)c(NC3C4C=CC(C4)C3C(N)=O)n2)ccc1N1CCN(C)CC1	CHEMBL1967878	521608	unsuitables/kinome635	2016-12-09	Yes	No	0	0	0		Chemical Probes Portal
ZVWRFVCNQOECJS-UHFFFAOYSA-N	Kinome_1202	Cc1cnc(Nc2cccc(S(N)(=O)=O)c2)nc1Nc1ccc(OCC(N)=O)cc1	CHEMBL1988838	292199	unsuitables/kinome1202	2016-12-09	No	No	0	0	0		Chemical Probes Portal
VADOZMZXXRBXNY-UHFFFAOYSA-N	CHEMBL3115681	CN1CCN(c2ccc(Nc3ncc4cc(C#N)c(=O)n(C5CCCC5)c4n3)cc2)CC1	CHEMBL3115681	462817	unsuitables/chembl3115681	2016-12-09	Yes	No	0	0	0		Chemical Probes Portal
UIARLYUEJFELEN-LROUJFHJSA-N	Lestaurtinib	C[C@]12O[C@H](C[C@]1(O)CO)n1c3ccccc3c3c4c(c5c6ccccc6n2c5c31)CNC4=O	CHEMBL603469	578962	unsuitables/lestaurtinib	2016-12-09	No	No	0	0	0		Chemical Probes Portal
BSFNGHCTZDCQBF-UHFFFAOYSA-N	Kinome_1901	NC(COc1cncc(-c2ccc3c(c2)C(=Cc2ccco2)C(=O)N3)c1)Cc1c[nH]c2ccccc12	CHEMBL2001751	698309	unsuitables/kinome1901	2016-12-09	No	No	0	0	0		Chemical Probes Portal
LYNBNVBMAGDJRW-UHFFFAOYSA-N	4-anilinopyrimidine 8c	O=C(O)c1ccccc1Nc1ccnc(Nc2cccc(O)c2)n1		1493914	unsuitables/4-anilinopyrimidine-8c	2016-12-09	No	No	0	0	0		Chemical Probes Portal
GCYXEGSPUDSZJY-PTNGSMBKSA-N	Gw8510	O=C1Nc2ccc3ncsc3c2/C1=C/Nc1ccc(S(=O)(=O)Nc2ccccn2)cc1	CHEMBL1276446	352155	unsuitables/gw8510	2016-12-09	Yes	Yes	0	0	0		Chemical Probes Portal
YMIJUBCSOKSFRU-UHFFFAOYSA-N	4-anilinopyrimidine 15a	O=C(O)c1ccccc1Nc1ccnc(Nc2ccc3cn[nH]c3c2)n1		1699687	unsuitables/4-anilinopyrimidine-15a	2016-12-09	No	No	0	0	0		Chemical Probes Portal
KLBQZWRITKRQQV-UHFFFAOYSA-N	Thioridazine	CSc1ccc2c(c1)N(CCC1CCCCN1C)c1ccccc1S2		1583578	unsuitables/thioridazine	2016-12-09	No	No	0	0	0		Chemical Probes Portal
GPSZYOIFQZPWEJ-UHFFFAOYSA-N	CYC-116	Cc1nc(N)sc1-c1ccnc(Nc2ccc(N3CCOCC3)cc2)n1		1709990	unsuitables/cyc-116	2016-12-09	Yes	No	0	0	0		Chemical Probes Portal
BIIVYFLTOXDAOV-YVEFUNNKSA-N	Flavopiridol	CN1CC[C@H](c2c(O)cc(O)c3c(=O)cc(-c4ccccc4Cl)oc23)[C@H](O)C1		1905588	unsuitables/flavopiridol	2016-12-09	No	No	0	0	0		Chemical Probes Portal
OUSFTKFNBAZUKL-UHFFFAOYSA-N	BMS-387032	CC(C)(C)c1cnc(CSc2cnc(NC(=O)C3CCNCC3)s2)o1		1596650	unsuitables/bms-387032	2016-12-09	No	No	0	0	0		Chemical Probes Portal
JPYQFPGTGGLOMD-UHFFFAOYSA-N	CHEMBL1649761	NC(=O)c1ccc2c(c1)nc(Nc1cccc(Cl)c1)c1ccncc12		1643156	unsuitables/chembl1649761	2016-12-09	No	No	0	0	0		Chemical Probes Portal
BQDHCGJUSXMIIS-UHFFFAOYSA-N	SCHEMBL3814469	COc1cc(Nc2ncc([N+](=O)[O-])c(Nc3ccccc3C(N)=O)n2)cc(OC)c1OC.Cl		3312912	unsuitables/schembl3814469	2016-12-09	No	No	0	0	0		Chemical Probes Portal
AFSDNFLWKVMVRB-UHFFFAOYSA-N	Ellagic acid	O=c1oc2c(O)c(O)cc3c(=O)oc4c(O)c(O)cc1c4c23		1305685	unsuitables/ellagic-acid	2016-12-09	Yes	Yes	0	0	0		Chemical Probes Portal
AYQYIBVVCJFCAE-KSEXSDGBSA-N	C646	CC1=NN(c2ccc(C(=O)O)cc2)C(=O)/C1=C\Cc1ccc(Cc2cc(C)c(C)cc2[N+](=O)[O-])o1	CHEMBL3421960	654302	unsuitables/c646	2016-12-13	Yes	No	0	0	0		Chemical Probes Portal
XHBVYDAKJHETMP-UHFFFAOYSA-N	Dorsomorphin	c1cc(-c2cnn3cc(-c4ccc(OCCN5CCCCC5)cc4)cnc23)ccn1		252407	unsuitables/dorsomorphin	2016-12-15	No	No	0	0	0		Chemical Probes Portal
SHPFDGWALWEPGS-UHFFFAOYSA-N	Ki-20227	COc1cc(Oc2ccnc3cc(OC)c(OC)cc23)ccc1NC(=O)NC(C)c1nccs1	CHEMBL1908396	592278	unsuitables/ki-20227	2017-03-02	No	No	0	0	0		Chemical Probes Portal
MLKHXLFEYOOYEY-NVNXTCNLSA-N	K00564a	Cn1cc(/C=C2\C(=O)Nc3ccc(S(N)(=O)=O)cc32)c2ccccc21		1588377	unsuitables/k00564a	2021-02-18	Yes	No	0	0	0		Chemical Probes Portal
FMETVQKSDIOGPX-UHFFFAOYSA-N	Lck inhibitor	Nc1ncnc2c1c(-c1ccc(Oc3ccccc3)cc1)cn2C1CCCC1		1889063	unsuitables/lck-inhibitor	2017-03-02	No	No	0	0	0		Chemical Probes Portal
SXOZSDJHGMAEGZ-IGKKHSBFSA-N	SL0101	CC(=O)O[C@H]1[C@H](C)O[C@@H](Oc2c(-c3ccc(O)cc3)oc3cc(O)cc(O)c3c2=O)[C@H](O)[C@@H]1OC(C)=O	CHEMBL240954	716875	unsuitables/sl0101	2017-03-02	No	No	0	0	0		Chemical Probes Portal
BLQYVHBZHAISJM-CMDGGOBGSA-N	ENMD-2076	Cc1cc(Nc2cc(N3CCN(C)CC3)nc(/C=C/c3ccccc3)n2)n[nH]1		1907784	unsuitables/enmd-2076	2017-02-01	No	No	0	0	0		Chemical Probes Portal
CXQHYVUVSFXTMY-UHFFFAOYSA-N	Foretinib	COc1cc2c(Oc3ccc(NC(=O)C4(C(=O)Nc5ccc(F)cc5)CC4)cc3F)ccnc2cc1OCCCN1CCOCC1	CHEMBL1230609	916365	unsuitables/foretinib	2017-02-01	No	No	0	0	0		Chemical Probes Portal
XZXHXSATPCNXJR-UHFFFAOYSA-N	Ninetedanib	COC(=O)c1ccc2c(c1)NC(=O)C2=C(Nc1ccc(N(C)C(=O)CN2CCN(C)CC2)cc1)c1ccccc1	CHEMBL2136735	826661	unsuitables/ninetedanib	2017-02-01	No	Yes	0	0	0		Chemical Probes Portal
IFPPYSWJNWHOLQ-UHFFFAOYSA-N	PD166285	CCN(CC)CCOc1ccc(Nc2ncc3cc(-c4c(Cl)cccc4Cl)c(=O)n(C)c3n2)cc1	CHEMBL49120	614800	unsuitables/pd166285	2017-02-01	No	No	0	0	0		Chemical Probes Portal
ZBNZXTGUTAYRHI-UHFFFAOYSA-N	Dasatinib	Cc1nc(Nc2ncc(C(=O)Nc3c(C)cccc3Cl)s2)cc(N2CCN(CCO)CC2)n1	CHEMBL1421	501089	unsuitables/dasatinib	2017-02-01	No	No	0	0	0		Chemical Probes Portal
GCIKSSRWRFVXBI-UHFFFAOYSA-N	Tozasertib	Cc1cc(Nc2cc(N3CCN(C)CC3)nc(Sc3ccc(NC(=O)C4CC4)cc3)n2)n[nH]1	CHEMBL572878	567748	unsuitables/tozasertib	2017-02-01	No	No	0	0	0		Chemical Probes Portal
JJWMRRNGWSITSQ-UHFFFAOYSA-N	UPF1069	O=C(COc1cccc2c(=O)[nH]ccc12)c1ccccc1		1302916	unsuitables/upf1069	2017-01-31	No	No	0	0	0		Chemical Probes Portal
HAYYBYPASCDWEQ-UHFFFAOYSA-N	Entrectinib	CN1CCN(c2ccc(C(=O)Nc3n[nH]c4ccc(Cc5cc(F)cc(F)c5)cc34)c(NC3CCOCC3)c2)CC1	CHEMBL1983268	849266	unsuitables/entrectinib	2017-02-01	No	No	0	0	0		Chemical Probes Portal
GKEYKDOLBLYGRB-LGMDPLHJSA-N	Famitinib	CCN(CC)CCN1CCc2[nH]c(/C=C3\C(=O)Nc4ccc(F)cc43)c(C)c2C1=O		265157	unsuitables/famitinib	2017-02-01	No	No	0	0	0		Chemical Probes Portal
JLYAXFNOILIKPP-KXQOOQHDSA-N	Navitoclax	CC1(C)CCC(c2ccc(Cl)cc2)=C(CN2CCN(c3ccc(C(=O)NS(=O)(=O)c4ccc(N[C@H](CCN5CCOCC5)CSc5ccccc5)c(S(=O)(=O)C(F)(F)F)c4)cc3)CC2)C1	CHEMBL443684	997861	unsuitables/navitoclax	2017-01-31	No	Yes	0	0	0		Chemical Probes Portal
UQTPDWDAYHAZNT-AWEZNQCLSA-N	NS-018	C[C@H](Nc1cc(-c2cnn(C)c2)cc(Nc2cnccn2)n1)c1ccc(F)cc1		147527	unsuitables/ns-018	2017-02-01	No	No	0	0	0		Chemical Probes Portal
WVXNSAVVKYZVOE-UHFFFAOYSA-N	Rebastinib	CNC(=O)c1cc(Oc2ccc(NC(=O)Nc3cc(C(C)(C)C)nn3-c3ccc4ncccc4c3)c(F)c2)ccn1	CHEMBL1738757	848780	unsuitables/rebastinib	2017-02-01	No	No	0	0	0		Chemical Probes Portal
MLDQJTXFUGDVEO-UHFFFAOYSA-N	Sorafenib	CNC(=O)c1cc(Oc2ccc(NC(=O)Nc3ccc(Cl)c(C(F)(F)F)c3)cc2)ccn1	CHEMBL1336	429624	unsuitables/sorafenib	2017-02-01	No	No	0	0	0		Chemical Probes Portal
UYJZZVDLGDDTCL-UHFFFAOYSA-N	PJ34	CN(C)CC(=O)Nc1ccc2[nH]c(=O)c3ccccc3c2c1		1321633	unsuitables/pj34	2017-01-31	No	No	0	0	0		Chemical Probes Portal
WVMANZPBOBRWCB-UHFFFAOYSA-N	Aloisine	CCCCc1c(-c2ccc(OC)cc2)[nH]c2nccnc12		1264460	unsuitables/aloisine	2017-02-01	No	No	0	0	0		Chemical Probes Portal
QYPJBTMRYKRTFG-UHFFFAOYSA-N	Maritoclax	O=C(c1ccccc1O)c1[nH]c(Cl)c(Cl)c1-n1c(C(=O)c2ccccc2O)cc(Cl)c1Cl	CHEMBL3393621	466403	unsuitables/maritoclax	2017-03-13	No	No	0	0	0		Chemical Probes Portal
UUECJWRVDTUDCB-ISLYRVAYSA-N	Ischemin	Cc1cc(/N=N/c2cc(S(=O)(=O)O)c(C)cc2C)c(N)cc1O		1453644	unsuitables/ischemin	2017-03-07	Yes	Yes	0	0	0		Chemical Probes Portal
MDOJTZQKHMAPBK-UHFFFAOYSA-N	Iniparib	NC(=O)c1ccc(I)c([N+](=O)[O-])c1		24483	unsuitables/iniparib	2017-03-02	No	Yes	0	0	0		Chemical Probes Portal
LLEJIEBFSOEYIV-UHFFFAOYSA-N	Chelerythrine	COc1ccc2c(c[n+](C)c3c4cc5c(cc4ccc23)OCO5)c1OC		1688064	unsuitables/chelerythrine	2017-03-02	No	No	0	0	0		Chemical Probes Portal
PBJKWGWHZVXBGU-UHFFFAOYSA-N	Apogossypol	Cc1cc2c(C(C)C)c(O)c(O)cc2c(O)c1-c1c(C)cc2c(C(C)C)c(O)c(O)cc2c1O	CHEMBL551288	572876	unsuitables/apogossypol	2017-03-02	Yes	Yes	0	0	0		Chemical Probes Portal
SXJDCULZDFWMJC-UHFFFAOYSA-N	HA14-1	CCOC(=O)C1=C(N)Oc2ccc(Br)cc2C1C(C#N)C(=O)OCC		1596359	unsuitables/ha14-1	2017-03-02	No	No	0	0	0		Chemical Probes Portal
HYTMVPCGCCQGST-JGUILPGDSA-N	BXI-61	CCOc1ccc2nc3cc(/N=N/c4ccc(N)nc4N)ccc3c(N)c2c1.Cl		234445	unsuitables/bxi-61	2017-03-02	Yes	Yes	0	0	0		Chemical Probes Portal
PQAPVTKIEGUPRN-UHFFFAOYSA-N	TW37	CC(C)c1ccccc1Cc1cc(C(=O)Nc2ccc(S(=O)(=O)c3ccccc3C(C)(C)C)cc2)c(O)c(O)c1O	CHEMBL217354	839902	unsuitables/tw37	2017-03-02	Yes	Yes	0	0	0		Chemical Probes Portal
WUGANDSUVKXMEC-UHFFFAOYSA-N	UMI-77	O=C(O)CSc1cc(NS(=O)(=O)c2ccc(Br)cc2)c2ccccc2c1O		1829299	unsuitables/umi-77	2017-03-02	Yes	No	0	0	0		Chemical Probes Portal
YPSXFMHXRZAGTG-UHFFFAOYSA-N	Bcl-2 Inhibitor	COc1ccc(N=O)c(CCc2cc(OC)ccc2N=O)c1		3312891	unsuitables/bcl-2-inhibitor	2017-03-02	No	Yes	0	0	0		Chemical Probes Portal
ILMNSCQOSGKTNZ-NKWVEPMBSA-N	Adenosine dialdehyde	Nc1ncnc2c1ncn2[C@@H](C=O)O[C@@H](C=O)CO		1146558	unsuitables/adenosine-dialdehyde	2017-03-07	No	Yes	0	0	0		Chemical Probes Portal
NAWIFPQLACUTSO-MXGDDHKLSA-N	MDL 28842	Nc1ncnc2c1ncn2[C@@H]1O/C(=C\F)[C@@H](O)[C@@H]1O		1144457	unsuitables/mdl-28842	2017-03-07	No	Yes	0	0	0		Chemical Probes Portal
MUJOCHRZXRZONW-FOCLMDBBSA-N	Methylstat	COC(=O)/C=C/C(=O)N(O)CCCCNCc1ccc(COC(=O)Nc2cccc3ccccc23)cc1	CHEMBL3347630	719521	unsuitables/methylstat	2017-03-07	No	Yes	0	0	0		Chemical Probes Portal
AELCINSCMGFISI-DTWKUNHWSA-N	Tranylcypromine	N[C@@H]1C[C@H]1c1ccccc1	CHEMBL1179	45808	unsuitables/tranylcypromine	2017-03-07	No	No	0	0	0		Chemical Probes Portal
ZJZCTCNQTXBBFZ-PLMZOXRSSA-N	MB-3	C/C(=C(\CCO)SCCC(=O)c1ccc(C)cc1)N(C=O)Cc1cnc(C)nc1N.Cl		3312903	unsuitables/mb-3	2017-03-07	No	Yes	0	0	0		Chemical Probes Portal
YGSDEFSMJLZEOE-UHFFFAOYSA-M	Salicylate	O=C([O-])c1ccccc1O		2880280	unsuitables/salicylate	2017-03-07	No	No	0	0	0		Chemical Probes Portal
JAXSELKSZJMFSA-UHFFFAOYSA-N	APHA	O=C(O)CCC(=O)Nc1ccc(Cc2ccncc2)cc1		3312911	unsuitables/apha	2017-03-07	No	No	0	0	0		Chemical Probes Portal
PAWIYAYFNXQGAP-UHFFFAOYSA-N	Quisinostat	Cn1cc(CNCC2CCN(c3ncc(C(=O)NO)cn3)CC2)c2ccccc21		256735	unsuitables/quisinostat	2017-03-07	No	Yes	0	0	0		Chemical Probes Portal
FPOHNWQLNRZRFC-ZHACJKMWSA-N	Panobinostat	Cc1[nH]c2ccccc2c1CCNCc1ccc(/C=C/C(=O)NO)cc1		1710013	unsuitables/panobinostat	2017-03-07	Yes	Yes	0	0	0		Chemical Probes Portal
KGDMFBRXTHKRPA-GRCJMCHGSA-N	Pandacostat	O=C(/C=C/c1ccc(C(=O)N/N=C/c2ccc(O)c(O)c2O)cc1)NO		1718170	unsuitables/pandacostat	2017-03-07	Yes	Yes	0	0	0		Chemical Probes Portal
PTJGLFIIZFVFJV-UHFFFAOYSA-N	Pyroxamide	O=C(CCCCCCC(=O)Nc1cccnc1)NO		1123828	unsuitables/pyroxamide	2017-03-07	No	Yes	0	0	0		Chemical Probes Portal
MUTBJZVSRNUIHA-UHFFFAOYSA-N	R306465	O=C(NO)c1cnc(N2CCN(S(=O)(=O)c3ccc4ccccc4c3)CC2)nc1		169499	unsuitables/r306465	2017-03-07	No	Yes	0	0	0		Chemical Probes Portal
IDQPVOFTURLJPT-UHFFFAOYSA-N	SBHA	O=C(CCCCCCC(=O)NO)NO	CHEMBL320497	30287	unsuitables/sbha	2017-03-07	No	Yes	0	0	0		Chemical Probes Portal
GYKLFBYWXZYSOW-UHFFFAOYSA-N	Pivanex	CCCC(=O)OCOC(=O)C(C)(C)C		28056	unsuitables/pivanex	2017-03-07	No	Yes	0	0	0		Chemical Probes Portal
MIGJEXKBUJPKJF-UHFFFAOYSA-N	MS7972	CC(=O)n1c2c(c3ccccc31)CCCC2=O		1119325	unsuitables/ms7972	2017-04-04	No	No	0	0	0		Chemical Probes Portal
RFTSSZJZXOSICM-GRSHGNNSSA-N	Obatoclax	COC1=CC(c2cc3ccccc3[nH]2)=N/C1=C\c1[nH]c(C)cc1C		1500972	unsuitables/obatoclax	2017-03-02	No	No	0	0	0		Chemical Probes Portal
QBKSWRVVCFFDOT-UHFFFAOYSA-N	Gossypol	Cc1cc2c(C(C)C)c(O)c(O)c(C=O)c2c(O)c1-c1c(C)cc2c(C(C)C)c(O)c(O)c(C=O)c2c1O	CHEMBL51483	754444	unsuitables/gossypol	2017-03-02	Yes	Yes	0	0	0		Chemical Probes Portal
KLDXJTOLSGUMSJ-JGWLITMVSA-N	AT-101	O[C@H]1CO[C@@H]2[C@H](O)CO[C@H]12	CHEMBL1200660	56967	unsuitables/101	2017-03-02	No	No	0	0	0		Chemical Probes Portal
UIFFUZWRFRDZJC-SBOOETFBSA-N	Antimycin A	CCCCCC[C@H]1C(=O)O[C@H](C)[C@H](NC(=O)c2cccc(NC=O)c2O)C(=O)O[C@@H](C)[C@@H]1OC(=O)CC(C)C	CHEMBL211501	793808	unsuitables/antimycin	2017-03-02	No	Yes	0	0	0		Chemical Probes Portal
PRDFBSVERLRRMY-UHFFFAOYSA-N	BXI-72	CCOc1ccc(-c2nc3cc(-c4nc5cc(N6CCN(C)CC6)ccc5[nH]4)ccc3[nH]2)cc1	CHEMBL343002	565476	unsuitables/bxi-72	2017-03-02	No	No	0	0	0		Chemical Probes Portal
RGGFUBMUOVFZEF-LDRVEFRDSA-N	MIM1	Cc1cs/c(=N\C2CCCCC2)n1/N=C/c1ccc(O)c(O)c1O		1556735	unsuitables/mim1	2017-03-02	Yes	Yes	0	0	0		Chemical Probes Portal
COHIEJLWRGREHV-XFFZJAGNSA-N	BH3I-1	CC(C)C(C(=O)O)N1C(=O)/C(=C/c2ccc(Br)cc2)SC1=S		1320297	unsuitables/bh3i-1	2017-03-02	Yes	Yes	0	0	0		Chemical Probes Portal
YUYJEQHNWKQNBT-UHFFFAOYSA-N	LJI308	Oc1c(F)cc(-c2cnccc2-c2ccc(N3CCOCC3)cc2)cc1F		1868394	unsuitables/lji308	2017-03-02	No	No	0	0	0		Chemical Probes Portal
OUKYUETWWIPKQR-UHFFFAOYSA-N	Saracatinib	CN1CCN(CCOc2cc(OC3CCOCC3)c3c(Nc4c(Cl)ccc5c4OCO5)ncnc3c2)CC1	CHEMBL217092	766308	unsuitables/saracatinib	2017-03-02	No	No	0	0	0		Chemical Probes Portal
WUUGFSXJNOTRMR-IOSLPCCCSA-N	5-methyl thioadenosine	CSC[C@H]1O[C@@H](n2cnc3c(N)ncnc32)[C@H](O)[C@@H]1O		1171526	unsuitables/5-methyl-thioadenosine	2017-03-07	No	No	0	0	0		Chemical Probes Portal
LMXOHSDXUQEUSF-YECHIGJVSA-N	Sinefungin	Nc1ncnc2c1ncn2[C@@H]1O[C@H](C[C@@H](N)CC[C@H](N)C(=O)O)[C@@H](O)[C@H]1O		1823000	unsuitables/sinefungin	2017-03-07	No	No	0	0	0		Chemical Probes Portal
IRSFLDGTOHBADP-UHFFFAOYSA-N	Embelin	CCCCCCCCCCCC1=C(O)C(=O)C=C(O)C1=O		1241811	unsuitables/embelin	2017-03-07	Yes	Yes	0	0	0		Chemical Probes Portal
VCMMXZQDRFWYSE-UHFFFAOYSA-N	Plumbagin	CC1=CC(=O)c2c(O)cccc2C1=O	CHEMBL295316	30007	unsuitables/plumbagin	2017-03-07	Yes	Yes	0	0	0		Chemical Probes Portal
FECGNJPYVFEKOD-VMPITWQZSA-N	Resminostat	CN(C)Cc1ccc(S(=O)(=O)n2ccc(/C=C/C(=O)NO)c2)cc1		1583363	unsuitables/resminostat	2017-03-07	No	Yes	0	0	0		Chemical Probes Portal
YALNUENQHAQXEA-UHFFFAOYSA-N	Givinostat	CCN(CC)Cc1ccc2cc(COC(=O)Nc3ccc(C(=O)NO)cc3)ccc2c1	CHEMBL1213492	350456	unsuitables/givinostat	2017-03-07	No	Yes	0	0	0		Chemical Probes Portal
BWDQBBCUWLSASG-MDZDMXLPSA-N	Dacinostat	O=C(/C=C/c1ccc(CN(CCO)CCc2c[nH]c3ccccc23)cc1)NO		1902688	unsuitables/dacinostat	2017-03-07	No	Yes	0	0	0		Chemical Probes Portal
IVTKCTFTVKYWIQ-WEVVVXLNSA-N	Oxamflatin	O=C(/C=C/C#Cc1ccc(NS(=O)(=O)c2ccccc2)cc1)NO		1496674	unsuitables/oxamflatin	2017-03-07	No	Yes	0	0	0		Chemical Probes Portal
MAUCONCHVWBMHK-UHFFFAOYSA-N	Abexinostat	CN(C)Cc1c(C(=O)NCCOc2ccc(C(=O)NO)cc2)oc2ccccc12		256658	unsuitables/abexinostat	2017-03-07	No	Yes	0	0	0		Chemical Probes Portal
NCNRHFGMJRPRSK-MDZDMXLPSA-N	Belinostat	O=C(/C=C/c1cccc(S(=O)(=O)Nc2ccccc2)c1)NO		1322821	unsuitables/belinostat	2017-03-07	No	Yes	0	0	0		Chemical Probes Portal
JHDKZFFAIZKUCU-ZRDIBKRKSA-N	Pracinostat	CCCCc1nc2cc(/C=C/C(=O)NO)ccc2n1CCN(CC)CC		1718108	unsuitables/pracinostat	2017-03-07	No	Yes	0	0	0		Chemical Probes Portal
JTDYUFSDZATMKU-UHFFFAOYSA-N	Scriptaid	O=C(CCCCCN1C(=O)c2cccc3cccc(c23)C1=O)NO		1487542	unsuitables/scriptaid	2017-03-07	No	Yes	0	0	0		Chemical Probes Portal
RTKIYFITIVXBLE-QEQCGCAPSA-N	Trichostatin A	CC(/C=C/C(=O)NO)=C\[C@@H](C)C(=O)c1ccc(N(C)C)cc1		1317329	unsuitables/trichostatin	2017-03-07	No	Yes	0	0	0		Chemical Probes Portal
MFBOGIVSZKQAPD-UHFFFAOYSA-M	Butyrate	CCCC(=O)[O-].[Na+]		1190	unsuitables/butyrate	2017-03-07	No	No	0	0	0		Chemical Probes Portal
NIJJYAXOARWZEE-UHFFFAOYSA-N	Valproic acid	CCCC(CCC)C(=O)O	CHEMBL109	45378	unsuitables/valproic-acid	2017-03-07	No	Yes	0	0	0		Chemical Probes Portal
XHEFDIBZLJXQHF-UHFFFAOYSA-N	Fisetin	O=c1c(O)c(-c2ccc(O)c(O)c2)oc2cc(O)ccc12		1234742	unsuitables/fisetin	2017-03-07	Yes	Yes	0	0	0		Chemical Probes Portal
CDRPUGZCRXZLFL-OWOJBTEDSA-N	Piceatannol	Oc1cc(O)cc(/C=C/c2ccc(O)c(O)c2)c1		1066438	unsuitables/piceatannol	2017-03-07	Yes	Yes	0	0	0		Chemical Probes Portal
NETXMUIMUZJUTB-UHFFFAOYSA-N	Apabetalone	COc1cc(OC)c2c(=O)[nH]c(-c3cc(C)c(OCCO)c(C)c3)nc2c1		1857922	unsuitables/apabetalone	2017-03-07	No	No	0	0	0		Chemical Probes Portal
HUPFGZXOMWLGNK-UHFFFAOYSA-N	Diflusinal	O=C(O)c1cc(-c2ccc(F)cc2F)ccc1O		1065883	unsuitables/diflusinal	2017-03-20	No	No	0	0	0		Chemical Probes Portal
XGALLCVXEZPNRQ-UHFFFAOYSA-N	Gefitinib	COc1cc2ncnc(Nc3ccc(F)c(Cl)c3)c2cc1OCCCN1CCOCC1	CHEMBL939	337949	unsuitables/gefitinib	2017-03-21	No	No	0	0	0		Chemical Probes Portal
AYMYWHCQALZEGT-ORCRQEGFSA-N	Butein	O=C(/C=C/c1ccc(O)c(O)c1)c1ccc(O)cc1O		1166678	unsuitables/butein	2017-03-07	Yes	Yes	0	0	0		Chemical Probes Portal
DXDRHHKMWQZJHT-FPYGCLRLSA-N	Isoliquiritigenin	O=C(/C=C/c1ccc(O)cc1)c1ccc(O)cc1O		1116690	unsuitables/isoliquiritigenin	2017-03-07	No	Yes	0	0	0		Chemical Probes Portal
KDPSGIFCBZTBEZ-UHFFFAOYSA-N	BIC1	Cn1c(=S)n(CCSc2nc3ccccc3[nH]2)c2ccccc21		1508966	unsuitables/bic1	2017-03-07	No	Yes	0	0	0		Chemical Probes Portal
ZZZYHIMVKOHVIH-MWFXHRFLSA-N	Brusatol	COC(=O)[C@@]12OC[C@@]34[C@H]1[C@@H](OC(=O)C=C(C)C)C(=O)O[C@@H]3C[C@H]1C(C)=C(O)C(=O)C[C@]1(C)[C@H]4[C@@H](O)[C@@H]2O	CHEMBL450464	720663	unsuitables/brusatol	2017-03-17	No	Yes	0	0	0		Chemical Probes Portal
QDKLRKZQSOQWJQ-SMDXAGPFSA-N	Garcinol	C=C(C)[C@@H](CC=C(C)C)C[C@@]12C[C@@H](CC=C(C)C)C(C)(C)[C@@](CC=C(C)C)(C(=O)C(C(=O)c3ccc(O)c(O)c3)=C1O)C2=O	CHEMBL502489	898879	unsuitables/garcinol	2017-03-20	Yes	Yes	0	0	0		Chemical Probes Portal
AJRGHIGYPXNABY-UHFFFAOYSA-N	PCI-34051	COc1ccc(Cn2ccc3ccc(C(=O)NO)cc32)cc1		1358819	unsuitables/pci-34051	2017-04-10	No	Yes	0	0	0		Chemical Probes Portal
JWOGUUIOCYMBPV-GMFLJSBRSA-N	Apicidin	CCC(=O)CCCCC[C@@H]1NC(=O)[C@H]2CCCCN2C(=O)[C@H]([C@@H](C)CC)NC(=O)[C@H](Cc2cn(OC)c3ccccc23)NC1=O	CHEMBL430060	902928	unsuitables/apicidin	2017-04-11	No	No	0	0	0		Chemical Probes Portal
VAZAPHZUAVEOMC-UHFFFAOYSA-N	CI-994	CC(=O)Nc1ccc(C(=O)Nc2ccccc2N)cc1		1170255	unsuitables/ci-994	2017-04-11	No	Yes	0	0	0		Chemical Probes Portal
DLVJMFOLJOOWFS-VJIFSZOSSA-N	Depudecin	C=C[C@@H](O)[C@@H]1O[C@H]1/C=C/[C@@H]1O[C@@H]1[C@@H](C)O	CHEMBL1213459	51775	unsuitables/depudecin	2017-04-11	No	Yes	0	0	0		Chemical Probes Portal
GNYCTMYOHGBSBI-KVUCBBCISA-N	HC Toxin	C[C@@H]1NC(=O)[C@H]2CCCN2C(=O)[C@H](CCCCCC(=O)C2CO2)NC(=O)[C@@H](C)NC1=O		3312889	unsuitables/hc-toxin	2017-04-11	No	Yes	0	0	0		Chemical Probes Portal
HRNLUBSXIHFDHP-UHFFFAOYSA-N	Mocetinostat	Nc1ccccc1NC(=O)c1ccc(CNc2nccc(-c3cccnc3)n2)cc1		244348	unsuitables/mocetinostat	2017-04-11	No	Yes	0	0	0		Chemical Probes Portal
INVTYAOGFAGBOE-UHFFFAOYSA-N	Entinostat	Nc1ccccc1NC(=O)c1ccc(CNC(=O)OCc2cccnc2)cc1		1888264	unsuitables/entinostat	2017-04-11	No	Yes	0	0	0		Chemical Probes Portal
DEZFNHCVIZBHBI-ZHACJKMWSA-N	Rottlerin	CC(=O)c1c(O)c(C)c(O)c(Cc2c(O)c3c(c(C(=O)/C=C/c4ccccc4)c2O)OC(C)(C)C=C3)c1O	CHEMBL34241	754171	unsuitables/rottlerin	2017-06-27	No	No	0	0	0		Chemical Probes Portal
URWCXPXBBITYLR-UHFFFAOYSA-N	TH287	CNc1cc(-c2cccc(Cl)c2Cl)nc(N)n1		1061093	unsuitables/th287	2017-07-08	No	No	0	0	0		Chemical Probes Portal
PVRYEWOXWGDQHA-URLMMPGGSA-N	Nutlin-2	CCOc1cc(OC)ccc1C1=N[C@@H](c2ccc(Br)cc2)[C@@H](c2ccc(Br)cc2)N1C(=O)N1CCN(CCO)CC1	CHEMBL407632	847292	unsuitables/nutlin-2	2017-06-02	No	No	0	0	0		Chemical Probes Portal
UNXQGBMZYKHQCO-NVHWNKAKSA-N	MI-219	CC(C)(C)C[C@H]1N[C@@H](C(=O)NCC[C@H](O)CO)[C@H](c2cccc(Cl)c2)[C@@]12C(=O)Nc1cc(Cl)c(F)cc12	CHEMBL572933	724668	unsuitables/mi-219	2017-06-02	No	No	0	0	0		Chemical Probes Portal
RLUGRMMSGGKTPV-UHFFFAOYSA-N	MCL0527-3	Nc1sc(-c2ccc(Cl)cc2)c(-c2ccc(Cl)cc2)c1C(=O)NC1CCCCC1		203147	unsuitables/mcl0527-3	2017-06-02	Yes	No	0	0	0		Chemical Probes Portal
NNGMKDJOKUWNGN-NMMPVGNLSA-N	4-PBHA	Cl.N#C[C@@H]1CS[C@H]2C[C@](N)(C3CCCC3)C(=O)N21		1078674	unsuitables/4-pbha	2017-04-11	No	Yes	0	0	0		Chemical Probes Portal
IYDMGGPKSVWQRT-UHFFFAOYSA-N	Nutlin-1	COc1ccc(C2=NC(c3ccc(Cl)cc3)C(c3ccc(Cl)cc3)N2C(=O)N2CCN(C(C)=O)CC2)c(OC(C)C)c1	CHEMBL1818538	865782	unsuitables/nutlin-1	2017-06-02	No	No	0	0	0		Chemical Probes Portal
BDUHCSBCVGXTJM-WUFINQPMSA-N	Nutlin-3A	COc1ccc(C2=N[C@@H](c3ccc(Cl)cc3)[C@@H](c3ccc(Cl)cc3)N2C(=O)N2CCNC(=O)C2)c(OC(C)C)c1	CHEMBL191334	813911	unsuitables/nutlin-3a	2017-06-02	No	No	0	0	0		Chemical Probes Portal
QZJRNGXHRQJBJH-UHFFFAOYSA-N	PB12	O=C(O)c1[nH]c2cc(Cl)ccc2c1-c1c(-c2ccccc2)ncn1Cc1ccc(Cl)cc1	CHEMBL1233798	432336	unsuitables/pb12	2017-06-02	No	No	0	0	0		Chemical Probes Portal
FLEPRYJBTOPZTM-UKILVPOCSA-N	PB11	CC(C)C[C@@]1(C(=O)NCCc2ccncc2)N=CN(CC2CC2)[C@H]1c1ccc(Cl)cc1	CHEMBL3407580	391134	unsuitables/pb11	2017-06-02	No	No	0	0	0		Chemical Probes Portal
HMKAZNCSHAJLSA-HIJQLYNKSA-N	AM-8735	CC(C)(C)S(=O)(=O)C[C@H](C1CC1)N1C(=O)[C@@](C)(CC(=O)O)C[C@H](c2cccc(Cl)c2)[C@H]1c1ccc(Cl)cc1	CHEMBL3125537	777492	unsuitables/am-8735	2017-06-06	No	No	0	0	0	https://doi.org/10.1021/jm401767k|https://pubmed.ncbi.nlm.nih.gov/24548297	Chemical Probes Portal
XZFYSTPLSPZNKJ-UHFFFAOYSA-N	RH02007	Cc1ccc(C)n1-c1ccc(C(=O)ON2C(=O)CCC2=O)cc1		3312902	unsuitables/rh02007	2017-06-22	Yes	No	0	0	0		Chemical Probes Portal
ZFEXNHYQHDJAGL-UHFFFAOYSA-N	NSC83143	CCC1=C(c2cc(Cl)c3ccccc3c2OCC(=O)O)OC(CC)(C(=O)c2cc(Cl)c3ccccc3c2OCC(=O)O)CC1		3312905	unsuitables/nsc83143	2017-06-22	No	No	0	0	0		Chemical Probes Portal
CGLMQIIIQWNAMG-UHFFFAOYSA-N	NSC135098	CCOC(=O)C1C(O)=C(P(=O)(C2=C(O)C(C(=O)OCC)C(c3ccc(OC(C)=O)cc3)C(C(=O)O)C2=O)N(CCCl)CCCl)C(=O)C(C(=O)O)C1c1ccc(OC(C)=O)cc1		3313081	unsuitables/nsc135098	2017-06-22	No	Yes	0	0	0		Chemical Probes Portal
XKTMIJODWOEBKO-UHFFFAOYSA-M	Acid Green 3	CCN(Cc1cccc(S(=O)(=O)[O-])c1)c1ccc(C(=C2C=CC(=[N+](CC)Cc3cccc(S(=O)(=O)[O-])c3)C=C2)c2ccccc2)cc1.[Na+]	CHEMBL1333604	933654	unsuitables/acid green 3	2017-06-22	Yes	Yes	0	0	0		Chemical Probes Portal
ASUGUQWIHMTFJL-QGZVFWFLSA-N	Decernotinib	CC[C@@](C)(Nc1ccnc(-c2c[nH]c3ncccc23)n1)C(=O)NCC(F)(F)F		113802	unsuitables/decernotinib	2017-06-26	No	No	0	0	0		Chemical Probes Portal
ZHEHVZXPFVXKEY-LYGOBDSISA-N	KT5720	CCCCCCOC(=O)[C@]1(O)C[C@H]2O[C@]1(C)n1c3ccccc3c3c4c(c5c6ccccc6n2c5c31)C(=O)NC4	CHEMBL4450227	3145847	unsuitables/kt5720	2017-06-27	No	No	0	0	0		Chemical Probes Portal
VLULRUCCHYVXOH-UHFFFAOYSA-N	ONC201	Cc1ccccc1CN1C(=O)C2=C(CCN(Cc3ccccc3)C2)N2CCN=C12		233041	unsuitables/onc201	2017-07-18	No	No	0	0	0		Chemical Probes Portal
YRRAGUMVDQQZIY-UHFFFAOYSA-N	Gossypetin	O=c1c(O)c(-c2ccc(O)c(O)c2)oc2c(O)c(O)cc(O)c12		1401932	unsuitables/gossypetin	2017-06-22	Yes	Yes	0	0	0		Chemical Probes Portal
VWFIHGWHMXSTAO-UHFFFAOYSA-N	DSHS00884	C=CCn1c(S)nnc1CSc1ccccc1[N+](=O)[O-]		1200722	unsuitables/dshs00884	2017-06-22	No	No	0	0	0		Chemical Probes Portal
JPOAXWSMFOLMQH-UWWJMHSNSA-N	NSC117907	O=C(O)c1cc(N=C2C=CC(=C(c3ccccc3)c3ccc(Nc4ccc(Cl)c(C(=O)O)c4)cc3)C=C2)ccc1Cl		3312910	unsuitables/nsc117907	2017-06-22	No	No	0	0	0		Chemical Probes Portal
QKJRDUVFCNBDGG-YKXMQWBGSA-N	NSC216029	C=CC1=C(C)C(=O)N/C1=C\c1[nH]c(Cc2[nH]c(/C=C3/NC(=O)C(C(C)SC(C)=O)=C3C)cc2CCC(=O)O)c(CCC(=O)O)c1C		3312907	unsuitables/nsc216029	2017-06-22	No	Yes	0	0	0		Chemical Probes Portal
BGLPECHZZQDNCD-UHFFFAOYSA-N	Cerdulatinib	CCS(=O)(=O)N1CCN(c2ccc(Nc3ncc(C(N)=O)c(NC4CC4)n3)cc2)CC1	CHEMBL4116008	328588	unsuitables/cerdulatinib	2017-06-26	Yes	No	0	0	0		Chemical Probes Portal
HWXVIOGONBBTBY-ONEGZZNKSA-N	Pacritinib	C1=C/COCc2cc(ccc2OCCN2CCCC2)Nc2nccc(n2)-c2cccc(c2)COC/1	CHEMBL2035187	646856	unsuitables/pacritinib	2017-06-26	No	No	0	0	0		Chemical Probes Portal
PNMYJIOQIAEYQL-UHFFFAOYSA-N	TH588	Nc1nc(NC2CC2)cc(-c2cccc(Cl)c2Cl)n1		1157610	unsuitables/th588	2017-07-08	No	No	0	0	0		Chemical Probes Portal
KTEIFNKAUNYNJU-LBPRGKRZSA-N	S-crizotinib	C[C@H](Oc1cc(-c2cnn(C3CCNCC3)c2)cnc1N)c1c(Cl)ccc(F)c1Cl		255181	unsuitables/s-crizotinib	2017-07-08	No	No	0	0	0		Chemical Probes Portal
AVZCPICCWKMZDT-UHFFFAOYSA-N	GSK-J1	O=C(O)CCNc1cc(N2CCc3ccccc3CC2)nc(-c2ccccn2)n1		207430	unsuitables/gsk-j1	2017-07-08	No	No	0	0	0		Chemical Probes Portal
KWUZCAVKPCRJPO-UHFFFAOYSA-N	Thio-2	CCNc1ccc(-c2nc3ccc(C)cc3s2)cc1		3312908	unsuitables/thio-2	2017-07-08	No	No	0	0	0		Chemical Probes Portal
TZALECNALKOBPY-UHFFFAOYSA-N	Thioflavin S	Cc1ccc2c(sc(-c3ccc4c(c3)sc(-c3ccc(N(C)C)cc3)[n+]4C)[n+]2C)c1S(=O)(=O)[O-]	CHEMBL5181217	3313069	unsuitables/thioflavin-s	2017-07-08	Yes	No	0	0	0		Chemical Probes Portal
RYCBSFIKWACFBY-UHFFFAOYSA-N	FRAX1036	CCn1c(=O)c(-c2ccc(-c3cncc(C)n3)cc2Cl)cc2cnc(NCCC3CCN(C)CC3)nc21	CHEMBL3770186	744970	unsuitables/frax1036	2017-07-08	No	No	0	0	0		Chemical Probes Portal
JVDOKQYTTYUYDV-UHFFFAOYSA-N	TG10129	Cc1cnc(Nc2ccc(N3CCN(C)CC3)cc2)nc1Nc1cccc(S(=O)(=O)NC(C)(C)C)c1	CHEMBL1995703	698084	unsuitables/tg10129	2017-07-08	Yes	No	0	0	0		Chemical Probes Portal
HHFBDROWDBDFBR-UHFFFAOYSA-N	MLN8054	O=C(O)c1ccc(Nc2ncc3c(n2)-c2ccc(Cl)cc2C(c2c(F)cccc2F)=NC3)cc1	CHEMBL259084	575044	unsuitables/mln8054	2017-07-08	No	No	0	0	0		Chemical Probes Portal
ZIMMTPFXOMAJTQ-UHFFFAOYSA-N	Apoptozole	COc1ccc(-c2nc(-c3cc(C(F)(F)F)cc(C(F)(F)F)c3)n(Cc3ccc(C(N)=O)cc3)c2-c2ccc(OC)cc2)cc1	CHEMBL3416503	908308	unsuitables/apoptozole	2017-07-08	No	No	0	0	0		Chemical Probes Portal
ZZUZYEMRHCMVTB-UHFFFAOYSA-N	Pifithrin-mu	NS(=O)(=O)C#Cc1ccccc1	CHEMBL1241268	8743	unsuitables/pifithrin-mu	2017-07-08	No	No	0	0	0		Chemical Probes Portal
HAGVCKULCLQGRF-UHFFFAOYSA-N	Pifithrin-alpha	Br.Cc1ccc(C(=O)Cn2c3c(sc2=N)CCCC3)cc1		1244293	unsuitables/pifithrin-alpha	2017-07-08	Yes	No	0	0	0		Chemical Probes Portal
IMUKUMUNZJILCG-UHFFFAOYSA-N	Pifithrin-beta	Cc1ccc(-c2cn3c4c(sc3n2)CCCC4)cc1		1118708	unsuitables/pifithrin-beta	2017-07-08	No	No	0	0	0		Chemical Probes Portal
MMBSCBVEHMETSA-GDAWTGGTSA-N	MCB-613	CCC1C/C(=C\c2cccnc2)C(=O)/C(=C/c2cccnc2)C1		1433969	unsuitables/mcb-613	2017-07-08	Yes	No	0	0	0		Chemical Probes Portal
LUYWAGVRXKSNLL-DEOSSOPVSA-N	K4F	CC1(C)OC(=O)N(c2ccc(C(=O)Nc3cccc4cccnc34)cc2)[C@H]1c1ccccc1	CHEMBL2381958	528188	unsuitables/k4f	2017-07-08	No	No	0	0	0		Chemical Probes Portal
FDQXEDMRIBACLZ-UHFFFAOYSA-N	CHEMBL3414768 	NC(=O)c1cccc(NC(=O)C2=C(C(=O)O)CCC2)c1		1221513	unsuitables/chembl3414768	2017-07-08	No	No	0	0	0		Chemical Probes Portal
GNFSYBNDPOBXLJ-PLNGDYQASA-N	CHEMBL2179989	NC(=O)c1cccc(NC(=O)/C=C\C(=O)O)c1		1054590	unsuitables/chembl2179989	2017-07-08	No	Yes	0	0	0		Chemical Probes Portal
HWTVYWVFOWWESR-GFCCVEGCSA-N	CHEMBL3092538 	C[C@@H](NC(=O)CCc1nc2ccccc2c(=O)[nH]1)c1ccccn1		1550908	unsuitables/chembl3092538	2017-07-08	No	No	0	0	0		Chemical Probes Portal
HRYKZAKEAVZGJD-UHFFFAOYSA-N	CHEMBL483348	Cc1nc2c(c(=O)[nH]1)CSCC2	CHEMBL483348	8926	unsuitables/chembl483348	2017-07-08	No	No	0	0	0		Chemical Probes Portal
VBHDTUSGPSUCNL-KRWDZBQOSA-N	CHEMBL3092523 	COC(=O)[C@H](Cc1ccccc1)NC(=O)CCc1nc2ccccc2c(=O)[nH]1		114471	unsuitables/chembl3092523	2017-07-08	No	No	0	0	0		Chemical Probes Portal
HWTVYWVFOWWESR-LBPRGKRZSA-N	CHEMBL3092539 	C[C@H](NC(=O)CCc1nc2ccccc2c(=O)[nH]1)c1ccccn1		1550909	unsuitables/chembl3092539	2017-07-08	No	No	0	0	0		Chemical Probes Portal
NMZRTRAYSHQMPR-UHFFFAOYSA-N	CHEMBL3416132	O=C1NCCc2ccc(Cl)cc21		14467	unsuitables/chembl3416132	2017-07-08	No	No	0	0	0		Chemical Probes Portal
ZHXIMGYEMBZGOI-UHFFFAOYSA-N	NSC-93392	O=c1cc(-c2ccc(F)cc2)oc2ccccc12		1065940	unsuitables/nsc-93392	2017-07-08	No	No	0	0	0		Chemical Probes Portal
DTMHAFMUJHYVGK-UHFFFAOYSA-N	CHEMBL3589281 	CN1CCCc2c1cc(-c1ccccc1)[nH]c2=O		1107538	unsuitables/chembl3589281	2017-07-08	No	No	0	0	0		Chemical Probes Portal
KXSIHXHEHABEJX-UHFFFAOYSA-N	A-620223	CCCN1CCC(c2nc3cccc(C(N)=O)c3[nH]2)CC1		1308630	unsuitables/620223	2017-07-08	No	No	0	0	0		Chemical Probes Portal
IJAPPYDYQCXOEF-UHFFFAOYSA-N	Phthalazinone	Oc1nncc2ccccc12	CHEMBL124706	89399	unsuitables/phthalazinone	2017-07-08	No	No	0	0	0		Chemical Probes Portal
ZLYVTQGSZRQZLA-UHFFFAOYSA-N	GJW	O=c1[nH]c2cc(CN3CCCC3)ccc2n2cccc12		1181168	unsuitables/gjw	2017-07-08	No	No	0	0	0		Chemical Probes Portal
NVVWVYYHTKCIAE-UHFFFAOYSA-N	BZC	COc1cccc(-c2nc3c(C(N)=O)cccc3[nH]2)c1		1166997	unsuitables/bzc	2017-07-08	No	No	0	0	0		Chemical Probes Portal
GLBZSOQDAOLMGC-UHFFFAOYSA-N	AMG-458	COc1ccc2c(Oc3ccc(NC(=O)c4c(C)n(CC(C)(C)O)n(-c5ccccc5)c4=O)nc3)ccnc2c1	CHEMBL460472	817363	unsuitables/amg-458	2017-07-08	No	No	0	0	0		Chemical Probes Portal
AXRCEOKUDYDWLF-UHFFFAOYSA-N	Enzastaurin	Cn1cc(C2=C(c3cn(C4CCN(Cc5ccccn5)CC4)c4ccccc34)C(=O)NC2=O)c2ccccc21	CHEMBL300138	795308	unsuitables/enzastaurin	2017-07-08	No	Yes	0	0	0		Chemical Probes Portal
VHBFFQKBGNRLFZ-UHFFFAOYSA-N	Flavone	O=c1cc(-c2ccccc2)oc2ccccc12		1109148	unsuitables/flavone	2017-07-08	No	No	0	0	0		Chemical Probes Portal
WHTVZRBIWZFKQO-UHFFFAOYSA-N	Chloroquine	CCN(CC)CCCC(C)Nc1ccnc2cc(Cl)ccc12		1305871	unsuitables/chloroquine	2017-07-08	No	No	0	0	0		Chemical Probes Portal
PPOQMSJVMJCEAI-UHFFFAOYSA-N	AJ4	Cc1cc(=O)[nH]c2cc(-c3ccccc3F)ccc12		1146534	unsuitables/aj4	2017-07-08	No	No	0	0	0		Chemical Probes Portal
GNFSYBNDPOBXLJ-SNAWJCMRSA-N	CHEMBL2179988 	NC(=O)c1cccc(NC(=O)/C=C/C(=O)O)c1		1054589	unsuitables/chembl2179988	2017-07-08	No	Yes	0	0	0		Chemical Probes Portal
NZSKSXWSNJEOQY-UHFFFAOYSA-N	CHEMBL3593715	O=c1[nH]c(N2CCN(Cc3ccncc3)CC2)nc2c1CCCC2		1570026	unsuitables/chembl3593715	2017-07-08	No	No	0	0	0		Chemical Probes Portal
INPZIMSQNZGLHQ-JTQLQIEISA-N	CHEMBL3092521 	CC[C@@H](CO)NC(=O)CCc1nc2ccccc2c(=O)[nH]1		1284750	unsuitables/chembl3092521	2017-07-08	No	No	0	0	0		Chemical Probes Portal
YAXDRRKYLDEMKO-INIZCTEOSA-N	CHEMBL3092544	CC[C@H](NC(=O)CCc1nc2ccccc2c(=O)[nH]1)c1ccccc1		1653084	unsuitables/chembl3092544	2017-07-08	No	No	0	0	0		Chemical Probes Portal
XFDUHJPVQKIXHO-UHFFFAOYSA-N	3-Aminobenzoic Acid	Nc1cccc(C(=O)O)c1	CHEMBL307782	56288	unsuitables/3-aminobenzoic-acid	2017-07-08	No	No	0	0	0		Chemical Probes Portal
YWPMKTWUFVOFPL-UHFFFAOYSA-N	CHEMBL1688212 	O=C1NCCc2ccccc21	CHEMBL1688212	3985	unsuitables/chembl1688212	2017-07-08	No	No	0	0	0		Chemical Probes Portal
ISZWRZGKEWQACU-UHFFFAOYSA-N	NSC-22356	O=c1cc(-c2cccc(O)c2)oc2ccccc12		1068678	unsuitables/nsc-22356	2017-07-08	No	No	0	0	0		Chemical Probes Portal
PVFGJHYLIHMCQD-UHFFFAOYSA-N	CHEMBL301624	O=c1cc(-c2ccc(O)c(O)c2)oc2cc(O)ccc12		1172273	unsuitables/chembl301624	2017-07-08	Yes	Yes	0	0	0		Chemical Probes Portal
SQVXWIUVAILQRH-UHFFFAOYSA-N	NSC-123414	COc1ccc(-c2cc(=O)c3ccc(O)cc3o2)cc1		1161709	unsuitables/nsc-123414	2017-07-08	No	No	0	0	0		Chemical Probes Portal
ZGSXEXBYLJIOGF-ALFLXDJESA-N	IWR-1	O=C(Nc1cccc2cccnc12)c1ccc(N2C(=O)[C@H]3[C@H]4C=C[C@H](C4)[C@H]3C2=O)cc1	CHEMBL562310	344422	unsuitables/iwr-1	2017-07-08	No	Yes	0	0	0		Chemical Probes Portal
PISBNXWDAGANOP-UHFFFAOYSA-N	AG-014376	CN(C)Cc1ccc(-c2cc3cccc4c3n2CCNC4=O)cc1		1499401	unsuitables/ag-014376	2017-07-08	No	No	0	0	0		Chemical Probes Portal
HGEPGGJUGUMFHT-UHFFFAOYSA-N	KU-0058948	O=C(c1cc(Cc2n[nH]c(=O)c3ccccc23)ccc1F)N1CCCNCC1		1903925	unsuitables/ku-0058948	2017-07-08	No	No	0	0	0		Chemical Probes Portal
YQSZNYLPVBOGPO-UHFFFAOYSA-N	KU-58684	O=C1CCC(=O)N1c1cc(Cc2n[nH]c(=O)c3ccccc23)ccc1F		1696288	unsuitables/ku-58684	2017-07-08	No	No	0	0	0		Chemical Probes Portal
SDXBGOVSVBZDFL-UHFFFAOYSA-N	CEP-6800	NCc1ccc2[nH]c3c4c(c5c(c3c2c1)C(=O)NC5=O)CCC4		1401652	unsuitables/cep-6800	2017-07-08	No	Yes	0	0	0		Chemical Probes Portal
UVSVTDVJQAJIFG-VURMDHGXSA-N	LFM-A13	C/C(O)=C(\C#N)C(=O)Nc1cc(Br)ccc1Br	CHEMBL228043	99599	unsuitables/lfm-a13	2017-07-08	No	Yes	0	0	0		Chemical Probes Portal
ZRWNRAJCPNLYAK-UHFFFAOYSA-N	4-Bromo-Benzamide	NC(=O)c1ccc(Br)cc1	CHEMBL339059	56360	unsuitables/4-bromo-benzamide	2017-07-08	No	No	0	0	0		Chemical Probes Portal
SQCWABLHLAOJBR-UHFFFAOYSA-N	WLH	CN1CCN(c2nc3c(c(=O)[nH]2)CCCC3)CC1		1107542	unsuitables/wlh	2017-07-08	No	No	0	0	0		Chemical Probes Portal
LPTGUSPVGHUCQF-UHFFFAOYSA-N	RUSKI-41	C=CCNCC(=O)N1CCc2sccc2C1COc1ccc(Cl)c(C)c1		3312888	unsuitables/ruski-41	2020-03-05	No	No	0	0	0	https://doi.org/10.1021/acschembio.6b00896	Chemical Probes Portal
AEENEMOEBJOKGN-UHFFFAOYSA-N	RUSKI-43	CCC(C)CNCC(=O)N1CCc2sccc2C1COc1cccc(C)c1		1861430	unsuitables/ruski-43	2020-03-05	No	No	0	0	0	https://doi.org/10.1021/acschembio.6b00896	Chemical Probes Portal
AYUNIORJHRXIBJ-TXHRRWQRSA-N	Tanespimycin (17-AAG)	C=CCNC1=C2C[C@@H](C)C[C@H](OC)[C@H](O)[C@@H](C)/C=C(\C)[C@H](OC(N)=O)[C@@H](OC)/C=C\C=C(/C)C(=O)NC(=CC1=O)C2=O	CHEMBL109480	866964	unsuitables/tanespimycin-17-aag	2020-12-02	Yes	Yes	0	0	0		Chemical Probes Portal
CYPYTURSJDMMMP-WVCUSYJESA-N	Tris-DBA palladium	O=C(/C=C/c1ccccc1)/C=C/c1ccccc1.O=C(/C=C/c1ccccc1)/C=C/c1ccccc1.O=C(/C=C/c1ccccc1)/C=C/c1ccccc1.[Pd].[Pd]		3313089	unsuitables/tris-dba-palladium	2021-05-27	No	Yes	0	0	0		Chemical Probes Portal
XUSDVLHKNBOGJY-UHFFFAOYSA-N	D-NMAPPD	CCCCCCCCCCCCCC(=O)NC(CO)C(O)c1ccc([N+](=O)[O-])cc1	CHEMBL2142864	296713	unsuitables/d-nmappd	2021-05-27	No	Yes	0	0	0		Chemical Probes Portal
JYZJYKOZGGEXSX-UHFFFAOYSA-N	2-hydroxymyristic acid	CCCCCCCCCCCCC(O)C(=O)O		1052019	unsuitables/2-hydroxymyristic-acid	2021-05-27	No	Yes	0	0	0		Chemical Probes Portal
CSWHYHPUEDNIQY-UHFFFAOYSA-N	iHAP1	COc1ccc(C(=O)N2c3ccccc3Sc3ccc(Cl)cc32)cc1		1610895	unsuitables/ihap1	2022-09-21	No	No	0	0	0		Chemical Probes Portal
PHCFSFBQEROREL-BQBZGAKWSA-N	Talabostat	CC[C@H](N)C(=O)N1CCC[C@H]1B(O)O		27596	unsuitables/talabostat	2021-03-29	No	Yes	0	0	0		Chemical Probes Portal
WGKGADVPRVLHHZ-ZHRMCQFGSA-N	DT-061	O=S(=O)(N[C@@H]1CCC[C@H](N2c3ccccc3Oc3ccccc32)[C@H]1O)c1ccc(OC(F)(F)F)cc1	CHEMBL4450419	2912974	unsuitables/dt-061	2022-09-21	No	No	0	0	0		Chemical Probes Portal
QMGUOJYZJKLOLH-UHFFFAOYSA-N	GF109203X	CN(C)CCCn1cc(C2=C(c3c[nH]c4ccccc34)C(=O)NC2=O)c2ccccc21	CHEMBL7463	321917	unsuitables/gf109203x	2017-07-20	No	Yes	0	0	0		Chemical Probes Portal
QGZYDVAGYRLSKP-UHFFFAOYSA-N	Ricolinostat	O/N=C(\O)CCCCCC/N=C(\O)c1cnc(N(c2ccccc2)c2ccccc2)nc1		3450665	unsuitables/ricolinostat	2023-01-12	No	Yes	0	0	0		Chemical Probes Portal
OBKXEAXTFZPCHS-UHFFFAOYSA-N	Phenylbutyrate	O=C(O)CCCc1ccccc1	CHEMBL1469	7664	unsuitables/phenylbutyrate	2023-03-31	No	No	0	0	0		Chemical Probes Portal
DGEZNRSVGBDHLK-UHFFFAOYSA-N	PHENANTHROLINE	c1cnc2c(c1)ccc1cccnc12	CHEMBL415879	31029	unsuitables/phenanthroline	2023-05-09	No	No	0	0	0		Chemical Probes Portal
GSCPDZHWVNUUFI-UHFFFAOYSA-N	3-AMINOBENZAMIDE	NC(=O)c1cccc(N)c1	CHEMBL81977	67064	unsuitables/3-aminobenzamide	2017-02-01	No	No	0	0	0		Chemical Probes Portal
TUCIOBMMDDOEMM-RIYZIHGNSA-N	AG490	N#CC(=C\c1ccc(O)c(O)c1)/C(O)=N/Cc1ccccc1		3444910	unsuitables/ag490	2024-02-19	Yes	Yes	0	0	0		Chemical Probes Portal
HKSZLNNOFSGOKW-FYTWVXJKSA-N	Staurosporine	CN[C@@H]1C[C@H]2O[C@@](C)([C@@H]1OC)n1c3ccccc3c3c4c(c5c6ccccc6n2c5c31)C(=O)NC4	CHEMBL388978	624063	unsuitables/staurosporine	2016-12-09	No	No	0	0	0		Chemical Probes Portal
OPQRFPHLZZPCCH-PGMHBOJBSA-N	LDN-57444	CC(=O)O/N=C1\C(=O)N(Cc2cc(Cl)ccc2Cl)c2ccc(Cl)cc21		1660579	unsuitables/ldn-57444	2023-06-19	No	Yes	0	0	0		Chemical Probes Portal
PCOXPBOKDABARQ-UHFFFAOYSA-N	NSC617145	CC(C)(CN1C(=O)C(Cl)=C(Cl)C1=O)CN1C(=O)C(Cl)=C(Cl)C1=O		1443338	unsuitables/nsc617145	2024-08-14	No	Yes	0	0	0		Chemical Probes Portal
YXEWPGYLMHXLPS-UHFFFAOYSA-N	NSC19630	CCC(=O)OCN1C(=O)C=CC1=O		20808	unsuitables/nsc19630	2024-08-14	No	Yes	0	0	0		Chemical Probes Portal
WMCOYUSJXXCHFH-UHFFFAOYSA-N	ML216	O=C(Nc1ccc(F)c(C(F)(F)F)c1)Nc1nnc(-c2ccncc2)s1		1756830	unsuitables/ml216	2024-08-14	No	No	0	0	0		Chemical Probes Portal
HUQKUJNSVHEHIH-UHFFFAOYSA-N	AN2	O=c1cc(-c2ccccc2)c2c(O)cc(O)cc2o1		1129932	unsuitables/an2	2024-12-12	No	No	0	0	0		Chemical Probes Portal
LMXYVLFTZRPNRV-KMKOMSMNSA-N	GW-5074	O=C1Nc2ccc(I)cc2/C1=C/c1cc(Br)c(O)c(Br)c1		1236171	unsuitables/gw-5074	2024-12-12	No	No	0	0	0		Chemical Probes Portal
GPKLWRHHVIBYEO-KMKOMSMNSA-N	AN1	O=C1Nc2ccc(Br)cc2/C1=C/c1cc(O)c(O)c(Br)c1	CHEMBL5285058	4205887	unsuitables/an1	2024-12-12	Yes	Yes	0	0	0		Chemical Probes Portal
CZQHHVNHHHRRDU-UHFFFAOYSA-N	LY294002	O=c1cc(N2CCOCC2)oc2c(-c3ccccc3)cccc12		1394412	unsuitables/ly294002	2016-12-15	No	No	0	0	0		Chemical Probes Portal
