inchikey,smiles,chembl_id,name
CDMGBJANTYXAIV-UHFFFAOYSA-N,C[S+]([O-])c1ccc(-c2nc(-c3ccc(F)cc3)c(-c3ccncc3)[nH]2)cc1,CHEMBL10,SB-203580
UIEATEWHFDRYRU-UHFFFAOYSA-N,CC(C)COCC(CN(Cc1ccccc1)c1ccccc1)N1CCCC1,CHEMBL1008,BEPRIDIL
YCOYDOIWSSHVCK-UHFFFAOYSA-N,Clc1ccc(Nc2nnc(Cc3ccncc3)c3ccccc23)cc1,CHEMBL101253,VATALANIB
PTQXTEKSNBVPQJ-UHFFFAOYSA-N,CC(C)c1cc(C(C)C)c(CC(=O)NS(=O)(=O)Oc2c(C(C)C)cccc2C(C)C)c(C(C)C)c1,CHEMBL101309,AVASIMIBE
BIAVGWDGIJKWRM-FQEVSTJZSA-N,CC[C@H](NC(=O)c1c(O)c(-c2ccccc2)nc2ccccc12)c1ccccc1,CHEMBL10188,TALNETANT
NAVMQTYZDKMPEU-UHFFFAOYSA-N,C=C(c1ccc(C(=O)O)cc1)c1cc2c(cc1C)C(C)(C)CCC2(C)C,CHEMBL1023,BEXAROTENE
LJJKNPQAGWVLDQ-UHFFFAOYSA-N,O=C(O)CNC(=O)C(CS)Cc1ccccc1,CHEMBL10247,THIORPHAN
JCSGFHVFHSKIJH-UHFFFAOYSA-N,Cn1cc(C2=C(c3ccc(Cl)cc3Cl)C(=O)NC2=O)c2ccccc21,CHEMBL102714,SB-216763
MQNYRKWJSMQECI-QFIPXVFZSA-N,CC[C@H](NC(=O)c1c(C)c(-c2ccccc2)nc2ccccc12)c1ccccc1,CHEMBL10284,SB-222200
MVCOAUNKQVWQHZ-UHFFFAOYSA-N,Cc1ccc(-n2nc(C(C)(C)C)cc2NC(=O)Nc2ccc(OCCN3CCOCC3)c3ccccc23)cc1,CHEMBL103667,DORAMAPIMOD
VNFPBHJOKIVQEB-UHFFFAOYSA-N,Clc1ccccc1C(c1ccccc1)(c1ccccc1)n1ccnc1,CHEMBL104,CLOTRIMAZOLE
SJGVXVZUSQLLJB-UHFFFAOYSA-N,O=C(NCc1ccc(C(F)(F)F)cc1)Nc1cccc2cnccc12,CHEMBL104028,
KKTZALUTXUZPSN-UHFFFAOYSA-N,O=c1cc(N2CCOCC2)oc2c1ccc1ccccc12,CHEMBL104468,
LMJSLTNSBFUCMU-UHFFFAOYSA-N,NS(=O)(=O)c1cc2c(cc1Cl)NC(C(Cl)Cl)NS2(=O)=O,CHEMBL1054,TRICHLORMETHIAZIDE
GFMMXOIFOQCCGU-UHFFFAOYSA-N,O=C(NOCC1CC1)c1ccc(F)c(F)c1Nc1ccc(I)cc1Cl,CHEMBL105442,CI-1040
JIVPVXMEBJLZRO-UHFFFAOYSA-N,NS(=O)(=O)c1cc(C2(O)NC(=O)c3ccccc32)ccc1Cl,CHEMBL1055,CHLORTHALIDONE
SCVHFRLUNIOSGI-UHFFFAOYSA-N,Cn1c(=O)c2nc(C3CCCC3)[nH]c2n(C)c1=O,CHEMBL106265,8-CYCLOPENTYLTHEOPHYLLINE
IAKHMKGGTNLKSZ-INIZCTEOSA-N,COc1cc2c(c(OC)c1OC)-c1ccc(OC)c(=O)cc1[C@@H](NC(C)=O)CC2,CHEMBL107,COLCHICINE
MAEIEVLCKWDQJH-UHFFFAOYSA-N,CCCCNc1cc(C(=O)O)cc(S(N)(=O)=O)c1Oc1ccccc1,CHEMBL1072,BUMETANIDE
QNAZTOHXCZPOSA-UHFFFAOYSA-N,Cc1cc(OCC(=O)O)cc(C)c1Cc1ccc(O)c(C(C)C)c1,CHEMBL107400,SOBETIROME
ZVHNDZWQTBEVRY-UHFFFAOYSA-N,N#CCNC(=O)c1ccc(-c2ccnc(Nc3ccc(N4CCOCC4)cc3)n2)cc1,CHEMBL1078178,MOMELOTINIB
JJZFWROHYSMCMU-UHFFFAOYSA-N,O=S(=O)(c1ccccc1)c1cnc2c(N3CCNCC3)cccc2c1,CHEMBL1083390,INTEPIRDINE
JYTNQNCOQXFQPK-MRXNPFEDSA-N,Cc1ccc(-n2nccn2)c(C(=O)N2CCN(c3nc4cc(Cl)ccc4o3)CC[C@H]2C)c1,CHEMBL1083659,SUVOREXANT
PAQUVAIORCYZFB-AWEZNQCLSA-N,NC[C@@H]1CCCc2cc(S(=O)(=O)c3c[nH]c4ccccc34)ccc21,CHEMBL1084794,
PUFQVTATUTYEAL-UHFFFAOYSA-N,CCCCOc1cc(C(=O)NCCN(CC)CC)c2ccccc2n1,CHEMBL1086,DIBUCAINE
NQPDXQQQCQDHHW-UHFFFAOYSA-N,CSc1nc2cc(Cl)c(Oc3cccc(Cl)c3Cl)cc2[nH]1,CHEMBL1086440,TRICLABENDAZOLE
KLGQSVMIPOVQAX-UHFFFAOYSA-N,Oc1nc(-c2ccc(C(F)(F)F)cc2)nc2c1CSCC2,CHEMBL1086580,
JMNXWOFCUJJYEO-HYBUGGRVSA-N,CCCCCCCCC(=O)N[C@H](CN1CCCC1)[C@H](O)c1ccc2c(c1)OCCO2,CHEMBL1087641,
YJYPHIXNFHFHND-UHFFFAOYSA-N,COc1ccc2cccc(CCNC(C)=O)c2c1,CHEMBL10878,AGOMELATINE
KCAJXIDMCNPGHZ-UHFFFAOYSA-N,CNC(=O)c1ccc(C)c(-n2c(C)cc(OCc3ccc(F)cc3F)c(Br)c2=O)c1,CHEMBL1088751,PH-797804
KKYABQBFGDZVNQ-UHFFFAOYSA-N,Cc1c(F)cc(C(=O)NC2CC2)cc1-c1ccc(C(=O)NCC(C)(C)C)cn1,CHEMBL1088752,LOSMAPIMOD
BPCNGVCAHAIZEE-COPCDDAFSA-N,CC(C)[C@@H]1CC[C@@H](C)C[C@@H]1P(=O)(c1ccccc1)c1ccccc1,CHEMBL1088844,
PBMVETGVYGTZMP-HZUKXOBISA-N,CC1(C)[C@H]2CC[C@](C)(C2)[C@H]1NS(=O)(=O)c1ccc(F)cc1,CHEMBL1089750,
XEAOPVUAMONVLA-QGZVFWFLSA-N,NC(=O)[C@@H](CCC(F)(F)F)N(Cc1ccc(-c2ncon2)cc1F)S(=O)(=O)c1ccc(Cl)cc1,CHEMBL1090771,AVAGACESTAT
PKCDDUHJAFVJJB-VLZXCDOPSA-N,C[C@]1(O)C[C@@H](c2nc(-c3ccc4ccc(-c5ccccc5)nc4c3)c3c(N)nccn32)C1,CHEMBL1091644,LINSITINIB
TXGZJQLMVSIZEI-UQMAOPSPSA-N,CC1(C)CC[C@]2(C(=O)O)CC[C@]3(C)[C@H](C(=O)C=C4[C@@]5(C)C=C(C#N)C(=O)C(C)(C)[C@@H]5CC[C@]43C)[C@@H]2C1,CHEMBL1093059,BARDOXOLONE
YCLYXZNWHAWIQN-UHFFFAOYSA-N,COc1ccc(-c2ccc(-c3ccccc3Cl)n2Cc2cccc(N)n2)cc1,CHEMBL1093152,
BCGWQEUPMDMJNV-UHFFFAOYSA-N,CN(C)CCCN1c2ccccc2CCc2ccccc21,CHEMBL11,IMIPRAMINE
WHWZLSFABNNENI-UHFFFAOYSA-N,NC1=NCC2c3ccccc3Cc3ccccc3N12,CHEMBL1106,EPINASTINE
JZCPYUJPEARBJL-UHFFFAOYSA-N,Cc1c(C(=O)NN2CCCCC2)nn(-c2ccc(Cl)cc2Cl)c1-c1ccc(Cl)cc1,CHEMBL111,RIMONABANT
CEUORZQYGODEFX-UHFFFAOYSA-N,O=C1CCc2ccc(OCCCCN3CCN(c4cccc(Cl)c4Cl)CC3)cc2N1,CHEMBL1112,ARIPIPRAZOLE
PWTBZOIUWZOPFT-UHFFFAOYSA-N,Nc1nc(NCCc2ccc(O)cc2)nc2nc(-c3ccco3)nn12,CHEMBL113142,ZM-241385
LJVAJPDWBABPEJ-PNUFFHFMSA-N,CC[C@H]1OC(=O)[C@H](C)C(=O)[C@H](C)[C@@H](O[C@@H]2O[C@H](C)C[C@H](N(C)C)[C@H]2O)[C@](C)(OC)C[C@@H](C)C(=O)[C@H](C)[C@H]2N(CCCCn3cnc(-c4cccnc4)c3)C(=O)O[C@]12C,CHEMBL1136,TELITHROMYCIN
HKZNADVVGXKQDL-UHFFFAOYSA-N,CCC(C)(C)/N=C(\NC#N)Nc1cccnc1,CHEMBL11458,
NGBFQHCMQULJNZ-UHFFFAOYSA-N,Cc1cccc(Nc2ccncc2S(=O)(=O)NC(=O)NC(C)C)c1,CHEMBL1148,TORSEMIDE
MXEFWCFPCLDOOG-UHFFFAOYSA-N,O=C(c1c(O)nc2cc(Cl)ccc2c1O)C1CC1,CHEMBL115225,
YMARZQAQMVYCKC-OEMFJLHTSA-N,CC(C)CN(C[C@@H](O)[C@H](Cc1ccccc1)NC(=O)O[C@H]1CCOC1)S(=O)(=O)c1ccc(N)cc1,CHEMBL116,AMPRENAVIR
DIVQKHQLANKJQO-UHFFFAOYSA-N,COc1cc(CCN)ccc1O,CHEMBL1160785,
LEYHUWYWUPRPEV-UHFFFAOYSA-N,Cc1cc(NC(=O)NCCN2CCC(O)(Cc3ccccc3)CC2)c2ccccc2n1.O=S(=O)(O)O,CHEMBL1164032,PALOSURAN SULFATE
BQSJTQLCZDPROO-UHFFFAOYSA-N,Cc1nc(-c2ccc(OCC(C)C)c(C#N)c2)sc1C(=O)O,CHEMBL1164729,FEBUXOSTAT
SHZKQBHERIJWAO-AATRIKPKSA-N,O=C(O)/C=C/c1ccc(Cn2ccnc2)cc1,CHEMBL11662,OZAGREL
TVZCRIROJQEVOT-LSDHHAIUSA-N,CC1(C)Oc2ccc(C#N)cc2[C@H](N2CCCC2=O)[C@H]1O,CHEMBL11684,(-)-CROMAKALIM
PHXJVRSECIGDHY-UHFFFAOYSA-N,Cc1ccc(C(=O)Nc2ccc(CN3CCN(C)CC3)c(C(F)(F)F)c2)cc1C#Cc1cnc2cccnn12,CHEMBL1171837,PONATINIB
ORESESSHUCUUFK-UHFFFAOYSA-N,c1ccc(N2CCN(CCCCCCN3CCN(c4ccccc4)CC3)CC2)cc1,CHEMBL1172205,
ULXXDDBFHOBEHA-CWDCEQMOSA-N,CN(C)C/C=C/C(=O)Nc1cc2c(Nc3ccc(F)c(Cl)c3)ncnc2cc1O[C@H]1CCOC1,CHEMBL1173655,AFATINIB
JZQKKSLKJUAGIC-NSHDSACASA-N,CC(C)NC[C@H](O)COc1cccc2[nH]ccc12,CHEMBL117405,
BLPUOQGPBJPXRL-FNORWQNLSA-N,O=C(/C=C/c1ccc2c(c1)OCO2)N1CCCCC1,CHEMBL118478,ILEPCIMIDE
ULSDMUVEXKOYBU-ZDUSSCGKSA-N,CN(C)CCc1c[nH]c2ccc(C[C@H]3COC(=O)N3)cc12,CHEMBL1185,ZOLMITRIPTAN
CPZBLNMUGSZIPR-NVXWUHKLSA-N,O=C1c2cccc3c2[C@H](CCC3)CN1[C@@H]1CN2CCC1CC2,CHEMBL1189679,PALONOSETRON
VEPKQEUBKLEPRA-UHFFFAOYSA-N,O=c1ncn2nc(Sc3ccc(F)cc3F)ccc2c1-c1c(Cl)cccc1Cl,CHEMBL119385,NEFLAMAPIMOD
HUJXGQILHAUCCV-MOROJQBDSA-N,CNC(=O)[C@H]1O[C@@H](n2cnc3c(NCc4cccc(I)c4)ncnc32)[C@H](O)[C@@H]1O,CHEMBL119709,IB-MECA
QXHHHPZILQDDPS-UHFFFAOYSA-N,Clc1ccc(C(Cn2ccnc2)OCc2ccsc2Cl)c(Cl)c1,CHEMBL1200438,TIOCONAZOLE
FSSICIQKZGUEAE-UHFFFAOYSA-N,CN(C)CCN(Cc1ccccc1)c1ccccn1.Cl,CHEMBL1200446,TRIPELENNAMINE HYDROCHLORIDE
VJECBOKJABCYMF-UHFFFAOYSA-N,COc1cc2nc(N3CCN(C(=O)C4COc5ccccc5O4)CC3)nc(N)c2cc1OC.CS(=O)(=O)O,CHEMBL1200561,DOXAZOSIN MESYLATE
VEPSYABRBFXYIB-PWXDFCLTSA-M,CC(=O)O[C@H]1C[C@@H]2CC[C@@H]3[C@H](CC[C@@]4(C)[C@H]3C[C@H]([N+]3(C)CCCCC3)[C@@H]4OC(C)=O)[C@@]2(C)C[C@@H]1N1CCCCC1.[Br-],CHEMBL1200629,VECURONIUM BROMIDE
BEEDODBODQVSIM-UHFFFAOYSA-N,Cc1cc(C(C)(C)C)c(O)c(C)c1CC1=NCCN1.Cl,CHEMBL1200791,OXYMETAZOLINE HYDROCHLORIDE
VPNYRYCIDCJBOM-UHFFFAOYSA-M,C[N+]1(C)CCC(OC(=O)C(O)(c2ccccc2)C2CCCC2)C1.[Br-],CHEMBL1201027,GLYCOPYRRONIUM BROMIDE
QYRYFNHXARDNFZ-UHFFFAOYSA-N,COc1ccc(C(CN(C)C)C2(O)CCCCC2)cc1.Cl,CHEMBL1201066,VENLAFAXINE HYDROCHLORIDE
GSNHKUDZZFZSJB-QYOOZWMWSA-N,Cc1nnc(C(C)C)n1[C@@H]1C[C@H]2CC[C@@H](C1)N2CC[C@H](NC(=O)C1CCC(F)(F)CC1)c1ccccc1,CHEMBL1201187,MARAVIROC
LEBVLXFERQHONN-INIZCTEOSA-N,CCCCN1CCCC[C@H]1C(=O)Nc1c(C)cccc1C,CHEMBL1201193,LEVOBUPIVACAINE
TZFNLOMSOLWIDK-JTQLQIEISA-N,C[C@@](Cc1ccc(O)c(O)c1)(NN)C(=O)O,CHEMBL1201236,CARBIDOPA ANHYDROUS
PSFDQSOCUJVVGF-UHFFFAOYSA-N,Cc1nccc2c1[nH]c1ccccc12,CHEMBL12014,HARMAN
RUOOPLOUUAYNPY-AWEZNQCLSA-N,CC1(C)CC(=O)C2=C(C1)NC(=S)N[C@H]2c1cccc(O)c1,CHEMBL1213955,(S)-DIMETHYLENASTRON
YEZNLOUZAIOMLT-UHFFFAOYSA-N,Cc1c(Cl)cccc1Nc1ccccc1C(=O)O,CHEMBL121626,TOLFENAMIC ACID
YLXDSYKOBKBWJQ-LBPRGKRZSA-N,CCC(=O)NCC[C@@H]1CCc2ccc3c(c21)CCO3,CHEMBL1218,RAMELTEON
AXXYLTBQIQBTES-BYPYZUCNSA-N,N[C@@H](Cn1cc(I)c(=O)[nH]c1=O)C(=O)O,CHEMBL121915,
RZJQGNCSTQAWON-UHFFFAOYSA-N,CS(=O)(=O)c1ccc(C2=C(c3ccccc3)C(=O)OC2)cc1,CHEMBL122,ROFECOXIB
HSHNITRMYYLLCV-UHFFFAOYSA-N,Cc1cc(=O)oc2cc(O)ccc12,CHEMBL12208,HYMECROMONE
BJEMSIVBBUBXMZ-JTQLQIEISA-N,CN1C(=O)CC[C@H]1C(=O)NCc1cccc(C(F)(F)F)c1Cl,CHEMBL1222883,GSK1482160
SGJNQVTUYXCBKH-HNQUOIGGSA-N,O=c1cc(O)cc(/C=C/c2ccc(O)c(O)c2)o1,CHEMBL1224512,HISPIDIN
ITTRLTNMFYIYPA-UHFFFAOYSA-N,C=CC(=O)Nc1cccc(Oc2nc(Nc3ccc(N4CCN(C)CC4)cc3OC)ncc2Cl)c1,CHEMBL1229592,
YZDJQTHVDDOVHR-UHFFFAOYSA-N,CCCS(=O)(=O)Nc1ccc(F)c(C(=O)c2c[nH]c3ncc(Cl)cc23)c1F,CHEMBL1230020,PLX-4720
KKKRKRMVJRHDMG-UHFFFAOYSA-N,Cn1c(=O)c(Oc2ccc(F)cc2F)cc2cnc(NC3CCOCC3)nc21,CHEMBL1230122,R-1487
MUOKSQABCJCOPU-UHFFFAOYSA-N,O=C(O)c1ccc2c(c1)nc(Nc1cccc(Cl)c1)c1ccncc12,CHEMBL1230165,SILMITASERTIB
JIFCFQDXHMUPGP-UHFFFAOYSA-N,Cc1c(NC(=O)c2ccc(C(C)(C)C)cc2)cccc1-c1cn(C)c(=O)c(Nc2ccc(C(=O)N3CCOCC3)cc2)n1,CHEMBL1230541,
CXQHYVUVSFXTMY-UHFFFAOYSA-N,COc1cc2c(Oc3ccc(NC(=O)C4(C(=O)Nc5ccc(F)cc5)CC4)cc3F)ccnc2cc1OCCCN1CCOCC1,CHEMBL1230609,FORETINIB
PDOQBOJDRPLBQU-QMMMGPOBSA-N,Cc1cc(Nc2nc(N[C@@H](C)c3ncc(F)cn3)ncc2Cl)[nH]n1,CHEMBL1231124,AZD-1480
AAAQFGUYHFJNHI-SFHVURJKSA-N,CCNC(=O)C[C@@H]1N=C(c2ccc(Cl)cc2)c2cc(OC)ccc2-n2c(C)nnc21,CHEMBL1232461,MOLIBRESIB
SXNJFOWDRLKDSF-STROYTFGSA-N,CC[C@@H]1C(=O)N(C)c2cnc(Nc3ccc(C(=O)N[C@H]4CC[C@H](N5CCN(CC6CC6)CC5)CC4)cc3OC)nc2N1C(C)C,CHEMBL1233528,VOLASERTIB
CCAFHMPMIJBDRP-UHFFFAOYSA-N,CCc1cc(-c2cccnc2)nn1-c1ccc(NC(=O)c2cccnc2)cc1,CHEMBL1234565,
NZNTWOVDIXCHHS-LSDHHAIUSA-N,Cc1cccc(Nc2nc(N[C@@H]3CCCC[C@@H]3N)ncc2C(N)=O)c1,CHEMBL1235110,
CQERVFFAOOUFEQ-UHFFFAOYSA-N,O=C(c1cncc(Br)c1)N1CCC(N2CCCC2)CC1,CHEMBL1235119,
BCZUAADEACICHN-UHFFFAOYSA-N,Cn1cc(-c2ccc3nnc(Sc4ccc5ncccc5c4)n3n2)cn1,CHEMBL1236107,SGX-523
GFLQCBTXTRCREJ-UHFFFAOYSA-N,Cc1cc(CN2CCN(c3c(Br)cnc4nc(-c5ccc(N6CCN(C)CC6)cc5)[nH]c34)CC2)no1,CHEMBL1236904,
NMRWDFUZLLQSBN-UHFFFAOYSA-N,O=S(=O)(Nc1cc(Cl)c(Oc2cnc3ccccc3c2)c(Cl)c1)c1ccc(Cl)cc1Cl,CHEMBL1236924,INT131
CGBJSGAELGCMKE-UHFFFAOYSA-N,COc1ncc(-c2ccc3nccc(-c4ccnnc4)c3c2)cc1NS(=O)(=O)c1ccc(F)cc1F,CHEMBL1236962,OMIPALISIB
QDAPWMKWLVMBBU-UHFFFAOYSA-N,Cc1c(CC(=O)O)c2ccccc2n1C(=O)c1ccc(Cl)cc1,CHEMBL1241992,
UYJOKMDLJXDDNB-QAETUUGQSA-N,N#C[C@@H]1C[C@H](F)CN1C(=O)[C@@H]1C[C@@H](CC(=O)N2Cc3ccccc3C2)C(=O)N1,CHEMBL1243126,
UXXQOJXBIDBUAC-UHFFFAOYSA-N,COc1cc2c(N3CCN(C(=O)Nc4ccc(OC(C)C)cc4)CC3)ncnc2cc1OCCCN1CCCCC1,CHEMBL124660,TANDUTINIB
ATADHKWKHYVBTJ-UHFFFAOYSA-N,CNCC(O)c1ccc(O)c(O)c1.Cl,CHEMBL1255663,RACEPINEPHRINE HYDROCHLORIDE
PKDHDJBNEKXCBI-UHFFFAOYSA-N,Cc1cccc(C#Cc2ccccc2)n1.Cl,CHEMBL1255868,
IMPOOMVZVWKSAP-UHFFFAOYSA-N,COC1(C2=NCCN2)COc2ccccc2O1.Cl,CHEMBL1256176,
DYOZWAJOUTVNAF-UHFFFAOYSA-N,CNCCc1c[nH]c2ccc(O)cc12.O=C(O)C(=O)O,CHEMBL1256286,
XLWJPQQFJNGUPA-UHFFFAOYSA-N,CC(C)(CO)Cc1cc(C(C)(C)C)c(O)c(C(C)(C)C)c1,CHEMBL1256697,
KMTLTEVOQLMYRS-UHFFFAOYSA-N,O=C(O)C(O)C(O)C(=O)O.O=C(c1ccc(F)cc1)C1CCN(CCn2c(=O)[nH]c3ccccc3c2=O)CC1,CHEMBL1256709,KETANSERIN TARTRATE
XGWATTXMMMANFJ-UHFFFAOYSA-N,CC(C)(C=O)Cc1cc(C(C)(C)C)c(O)c(C(C)(C)C)c1,CHEMBL1256746,
WBSMIPAMAXNXFS-UHFFFAOYSA-N,O=C(O)c1cc([N+](=O)[O-])ccc1NCCCc1ccccc1,CHEMBL1256759,5-NITRO-2-PHENYLPROPYLAMINOBENZOIC ACID [NPPB]
ZULBIBHDIQCNIS-HNCPQSOCSA-N,Brc1ccc([C@H]2CN3CCSC3=N2)cc1.O=C(O)C(=O)O,CHEMBL1256792,
WDRYRZXSPDWGEB-UHFFFAOYSA-N,O=C(O)c1nn(Cc2ccc(Cl)cc2Cl)c2ccccc12,CHEMBL1257030,LONIDAMINE
AOKMPEUHFZVJJB-UHFFFAOYSA-N,Oc1ccc2cc(CNCCc3ccc(Br)cc3)c(-c3ccsc3)nc2c1,CHEMBL1257491,
AAJMQTLFRTZCJK-UHFFFAOYSA-N,CCC(=O)N1CCC(NC(=O)Nc2ccc(OC(F)(F)F)cc2)CC1,CHEMBL1258904,
QVZCXCJXTMIDME-UHFFFAOYSA-N,COc1cc(C(=O)OCCCN2CCCN(CCCOC(=O)c3cc(OC)c(OC)c(OC)c3)CC2)cc(OC)c1OC,CHEMBL126075,DILAZEP
GIIZNNXWQWCKIB-UHFFFAOYSA-N,OCc1cc(C(O)CNCCCCCCOCCCCc2ccccc2)ccc1O,CHEMBL1263,SALMETEROL
VMDUABMKBUKKPG-UHFFFAOYSA-N,CCOC(=O)c1ncc2[nH]c3cccc(OC(C)C)c3c2c1C,CHEMBL1271047,
GZKLJWGUPQBVJQ-UHFFFAOYSA-N,O=C1NCCN1CCN1CCC(c2cn(-c3ccc(F)cc3)c3ccc(Cl)cc23)CC1,CHEMBL12713,SERTINDOLE
MWSUIZKGNWELRF-UHFFFAOYSA-N,O=C1C(Cl)=C(N2CCOCC2)C(=O)N1c1ccc(Cl)c(Cl)c1,CHEMBL1271993,
YIKKMWSQVKJCOP-ABXCMAEBSA-N,CC(C)CCC[C@@H](C)[C@H]1CC[C@H]2[C@@H]3C(=O)C=C4C[C@@H](O)CC[C@]4(C)[C@H]3CC[C@]12C,CHEMBL1278177,7-OXOCHOLESTEROL
BNDYIYYKEIXHNK-UHFFFAOYSA-N,COc1cc2ncnc(Nc3cccc(O)c3)c2cc1OC,CHEMBL127907,
XRSKAWJXBDACRF-UHFFFAOYSA-N,O=[N+]([O-])c1cccc(-c2cc(Cc3ccncc3)cc3cccnc23)c1,CHEMBL127944,
DOQPXTMNIUCOSY-UHFFFAOYSA-N,COc1ccc(CCN(C)CCCC(C#N)(c2ccc(OC)c(OC)c2)C(C)C)cc1OC.Cl,CHEMBL1280,VERAPAMIL HYDROCHLORIDE
RNLQIBCLLYYYFJ-UHFFFAOYSA-N,Nc1cc(-c2ccncc2)c[nH]c1=O,CHEMBL12856,INAMRINONE
JOOXLOJCABQBSG-UHFFFAOYSA-N,Cc1cnc(Nc2ccc(OCCN3CCCC3)cc2)nc1Nc1cccc(S(=O)(=O)NC(C)(C)C)c1,CHEMBL1287853,FEDRATINIB
SPMVMDHWKHCIDT-UHFFFAOYSA-N,COc1cc2nccc(Oc3ccc(NC(=O)Nc4cc(C)on4)c(Cl)c3)c2cc1OC,CHEMBL1289494,TIVOZANIB
WOSKHXYHFSIKNG-UHFFFAOYSA-N,COc1cc2nccc(Oc3ccc(NC(=O)NC4CC4)c(Cl)c3)c2cc1C(N)=O,CHEMBL1289601,LENVATINIB
RITAVMQDGBJQJZ-FMIVXFBMSA-N,CNC(=O)c1ccccc1Sc1ccc2c(/C=C/c3ccccn3)n[nH]c2c1,CHEMBL1289926,AXITINIB
HBOMLICNUCNMMY-XLPZGREQSA-N,Cc1cn([C@H]2C[C@H](N=[N+]=[N-])[C@@H](CO)O2)c(=O)[nH]c1=O,CHEMBL129,ZIDOVUDINE
LOUPRKONTZGTKE-LHHVKLHASA-N,C=C[C@H]1CN2CC[C@H]1C[C@@H]2[C@@H](O)c1ccnc2ccc(OC)cc12,CHEMBL1294,QUINIDINE
PTKHFRNHJULJKT-UHFFFAOYSA-N,c1cc(OCCCN2CCCCC2)ccc1CN1CCCCC1,CHEMBL129542,JNJ-5207852
MJZJYWCQPMNPRM-UHFFFAOYSA-N,CC1(C)N=C(N)N=C(N)N1OCCCOc1cc(Cl)c(Cl)cc1Cl,CHEMBL129788,
KFQYTPMOWPVWEJ-INIZCTEOSA-N,CCCN(CCc1cccs1)[C@H]1CCc2c(O)cccc2C1,CHEMBL1303,ROTIGOTINE
REYFJDPCWQRWAA-UHFFFAOYSA-N,c1ccc(CN(CC2=NCCN2)c2ccccc2)cc1,CHEMBL1305,ANTAZOLINE
OIGNJSKKLXVSLS-VWUMJDOOSA-N,C[C@]12C=CC(=O)C=C1CC[C@@H]1[C@@H]2[C@@H](O)C[C@@]2(C)[C@H]1CC[C@]2(O)C(=O)CO,CHEMBL131,PREDNISOLONE
QOHNRGHTJPFMSL-UHFFFAOYSA-N,S=C=Nc1cccc(NC(=S)NCCCCNC(=S)Nc2cccc(N=C=S)c2)c1,CHEMBL1321988,
MLDQJTXFUGDVEO-UHFFFAOYSA-N,CNC(=O)c1cc(Oc2ccc(NC(=O)Nc3ccc(Cl)c(C(F)(F)F)c3)cc2)ccn1,CHEMBL1336,SORAFENIB
XCMULUAPJXCOHI-UHFFFAOYSA-N,CCCc1nc(C)c2c(O)nc(-c3cc(S(=O)(=O)N4CCN(CC)CC4)ccc3OCC)nn12.Cl,CHEMBL1339,VARDENAFIL HYDROCHLORIDE
UFJGFNHRMPMALC-UHFFFAOYSA-N,CCOC(=O)c1c(O)nc2cccc3c2c1-c1ccccc1C3=O,CHEMBL1345690,
DDKGKOOLFLYZDL-UHFFFAOYSA-N,O=c1c(-c2ccc(O)c(O)c2)coc2cc(O)ccc12,CHEMBL13486,
NDPBMCKQJOZAQX-UHFFFAOYSA-N,COc1ccc(S(=O)(=O)Nc2nc(-c3cccc([N+](=O)[O-])c3)cs2)cc1OC,CHEMBL134915,
VOXZDWNPVJITMN-ZBRFXRBCSA-N,C[C@]12CC[C@@H]3c4ccc(O)cc4CC[C@H]3[C@@H]1CC[C@@H]2O,CHEMBL135,ESTRADIOL
MNHXYNNKDDXKNP-UHFFFAOYSA-N,CCc1ccc2c(-c3cccc(Cl)c3)nc(=O)n(CC)c2n1,CHEMBL1358525,
AEULVFLPCJOBCE-UHFFFAOYSA-N,COc1ccc(CCCn2ncc3c2nc(N)n2nc(-c4ccco4)nc32)cc1,CHEMBL136689,
VAOCPAMSLUNLGC-UHFFFAOYSA-N,Cc1ncc([N+](=O)[O-])n1CCO,CHEMBL137,METRONIDAZOLE
OBZHOVWNZIVCCZ-UHFFFAOYSA-N,O=C(NCc1cccnc1)c1ccc([N+](=O)[O-])o1,CHEMBL1370879,
CUQCMXFWIMOWRP-UHFFFAOYSA-N,N=C(N)NC(=N)Nc1ccccc1,CHEMBL13791,PHENYL BIGUANIDE
PYJPAEPWXQGLJF-UHFFFAOYSA-N,Cn1nc(-c2ccc(Cl)cc2)c2cc(C(=O)NCC3CCCO3)sc21,CHEMBL1379838,
DCOPUUMXTXDBNB-UHFFFAOYSA-N,O=C(O)Cc1ccccc1Nc1c(Cl)cccc1Cl,CHEMBL139,DICLOFENAC
YBBLVLTVTVSKRW-UHFFFAOYSA-N,CC(C)(C#N)c1cc(Cn2cncn2)cc(C(C)(C)C#N)c1,CHEMBL1399,ANASTROZOLE
YQNQNVDNTFHQSW-UHFFFAOYSA-N,CC(=O)Oc1ccccc1C(=O)Nc1ncc([N+](=O)[O-])s1,CHEMBL1401,NITAZOXANIDE
JTEGQNOMFQHVDC-NKWVEPMBSA-N,Nc1ccn([C@@H]2CS[C@H](CO)O2)c(=O)n1,CHEMBL141,LAMIVUDINE
DFOVLSMXPWPCFH-UHFFFAOYSA-N,CCCC(=O)Nc1cccc(NC(=O)c2ccccc2Br)c1,CHEMBL1411333,
SRFABRWQVPCPRG-UHFFFAOYSA-N,Cc1ccc(S(=O)(=O)n2c(N)nc3ccccc32)cc1,CHEMBL1412853,
BIEYFOHSWAIQDF-UHFFFAOYSA-N,Cc1ccc(C(=O)n2nc(-c3cccnc3)nc2N)cc1,CHEMBL1413622,
ZBNZXTGUTAYRHI-UHFFFAOYSA-N,Cc1nc(Nc2ncc(C(=O)Nc3c(C)cccc3Cl)s2)cc(N2CCN(CCO)CC2)n1,CHEMBL1421,DASATINIB ANHYDROUS
YVUQSNJEYSNKRX-UHFFFAOYSA-N,O=c1[nH]c2ccccc2n1C1CCN(CCCC(c2ccc(F)cc2)c2ccc(F)cc2)CC1,CHEMBL1423,PIMOZIDE
HRRBJVNMSRJFHQ-UHFFFAOYSA-N,COc1ccccc1N1CCN(CC(O)COc2cccc3ccccc23)CC1,CHEMBL142635,NAFTOPIDIL
RRJLJKRFFRZRAF-UHFFFAOYSA-N,COc1cc2c(cc1C(F)(F)F)N(C(=O)Nc1cc(F)cc(-c3cccnc3)c1)CC2,CHEMBL14276,
BWWPVIRXNOWQSI-UHFFFAOYSA-N,Cc1ccc(C)c(NS(=O)(=O)c2cc(C(=O)Nc3ccccc3-c3ccccc3)ccc2C)c1,CHEMBL1427860,
YOBMIXIISZAQGF-CAYVGHNUSA-N,C[C@@H](O[C@H]1OCCN(Cc2n[nH]c(=O)[nH]2)[C@H]1c1ccccc1)c1cc(C(F)(F)F)cc(C(F)(F)F)c1,CHEMBL142819,
NFLWUMRGJYTJIN-PNIOQBSNSA-N,N=C(N)NCCC[C@@H](NC(=O)[C@@H]1CCCN1C(=O)[C@@H]1CSSCCC(=O)N[C@@H](Cc2ccc(O)cc2)C(=O)N[C@@H](Cc2ccccc2)C(=O)N[C@@H](CCC(N)=O)C(=O)N[C@@H](CC(N)=O)C(=O)N1)C(=O)NCC(N)=O,CHEMBL1429,DESMOPRESSIN
OFVLGDICTFRJMM-WESIUVDSSA-N,CN(C)[C@@H]1C(O)=C(C(N)=O)C(=O)[C@@]2(O)C(O)=C3C(=O)c4c(O)cccc4[C@@](C)(O)[C@H]3C[C@@H]12,CHEMBL1440,TETRACYCLINE
SKJJIFRWCCSXGL-UHFFFAOYSA-N,Cc1cc(C)c(S(=O)(=O)Nc2ccccc2C(F)(F)F)c(C)c1,CHEMBL1443163,
QAIPRVGONGVQAS-DUXPYHPUSA-N,O=C(O)/C=C/c1ccc(O)c(O)c1,CHEMBL145,CAFFEIC ACID
RJIWZDNTCBHXAL-UHFFFAOYSA-N,O=[N+]([O-])c1ccc(O)c2ncccc12,CHEMBL1454910,NITROXOLINE
GIUZEIJUFOPTMR-UHFFFAOYSA-N,Cc1cc2c(cc1Cl)N(C(=O)Nc1ccc(Oc3cccnc3C)nc1)CC2,CHEMBL14563,SB-242084
BERPCVULMUPOER-UHFFFAOYSA-N,O=c1[nH]c2ccccc2cc1O,CHEMBL146227,
DOBMPNYZJYQDGZ-UHFFFAOYSA-N,O=c1oc2ccccc2c(O)c1Cc1c(O)c2ccccc2oc1=O,CHEMBL1466,DICUMAROL
ATALOFNDEOCMKK-OITMNORJSA-N,C[C@@H](O[C@H]1OCCN(Cc2n[nH]c(=O)[nH]2)[C@H]1c1ccc(F)cc1)c1cc(C(F)(F)F)cc(C(F)(F)F)c1,CHEMBL1471,APREPITANT
WMWTYOKRWGGJOA-CENSZEJFSA-N,CCC(=O)O[C@]1(C(=O)SCF)[C@H](C)C[C@H]2[C@@H]3C[C@H](F)C4=CC(=O)C=C[C@]4(C)[C@@]3(F)[C@@H](O)C[C@@]21C,CHEMBL1473,FLUTICASONE PROPIONATE
GCHPUOHXXCNSQL-UHFFFAOYSA-N,O=C1C=CC(=O)C2=C1C1c3ccccc3C2c2ccccc21,CHEMBL1474701,
BTIHMVBBUGXLCJ-OAHLLOKOSA-N,CC[C@H](CO)Nc1nc(NCc2ccccc2)c2ncn(C(C)C)c2n1,CHEMBL14762,SELICICLIB
POZRVZJJTULAOH-LHZXLZLDSA-N,C#C[C@]1(O)CC[C@H]2[C@@H]3CCC4=Cc5oncc5C[C@]4(C)[C@H]3CC[C@@]21C,CHEMBL1479,DANAZOL
MVQYAJKJFLZDIV-UHFFFAOYSA-N,CC1(C)CC(CCN(Cc2ccccc2)C(=O)c2ccco2)(c2ccccc2)CCO1,CHEMBL1484316,
BHLXTPHDSZUFHR-UHFFFAOYSA-N,CCc1c(C(=O)C(N)=O)c2c(OCC(=O)O)cccc2n1Cc1ccccc1,CHEMBL148674,VARESPLADIB
RSAQARAFWMUYLL-UHFFFAOYSA-N,Cc1ccccc1CN1C2=NCCN2C(=O)C2=C1CCN(Cc1ccccc1)C2,CHEMBL1488771,
WJRWSLORVIHRNX-UHFFFAOYSA-N,Cc1csc(NC(=O)CSc2ccc(-c3ccccc3)nn2)n1,CHEMBL1491962,
BPRHUIZQVSMCRT-VEUZHWNKSA-N,CC(C)c1nc(N(C)S(C)(=O)=O)nc(-c2ccc(F)cc2)c1/C=C/[C@@H](O)C[C@@H](O)CC(=O)O,CHEMBL1496,ROSUVASTATIN
ZESRJSPZRDMNHY-YFWFAHHUSA-N,C[C@]12CC[C@H]3[C@@H](CCC4=CC(=O)CC[C@@]43C)[C@@H]1CC[C@@H]2C(=O)CO,CHEMBL1498,DESOXYCORTICOSTERONE
IYRMWMYZSQPJKC-UHFFFAOYSA-N,O=c1c(O)c(-c2ccc(O)cc2)oc2cc(O)cc(O)c12,CHEMBL150,KAEMPFEROL
SUBDBMMJDZJVOS-UHFFFAOYSA-N,COc1ccc2[nH]c([S+]([O-])Cc3ncc(C)c(OC)c3C)nc2c1,CHEMBL1503,OMEPRAZOLE
YHUIUSRCUKUUQA-UHFFFAOYSA-N,COc1cc2ncnc(Nc3ccc(Cl)cc3F)c2cc1OC,CHEMBL150315,
SCJNCDSAIRBRIA-DOFZRALJSA-N,CCCCC/C=C\C/C=C\C/C=C\C/C=C\CCCC(=O)NCCCl,CHEMBL151167,
YOSHYTLCDANDAN-UHFFFAOYSA-N,CCCCC1=NC2(CCCC2)C(=O)N1Cc1ccc(-c2ccccc2-c2nnn[nH]2)cc1,CHEMBL1513,IRBESARTAN
IWVCMVBTMGNXQD-PXOLEDIWSA-N,CN(C)[C@@H]1C(O)=C(C(N)=O)C(=O)[C@@]2(O)C(O)=C3C(=O)c4c(O)cccc4[C@@](C)(O)[C@H]3[C@H](O)[C@@H]12,CHEMBL1517,OXYTETRACYCLINE
BLGXFZZNTVWLAY-SCYLSFHTSA-N,COC(=O)[C@@H]1[C@H]2C[C@H]3c4[nH]c5ccccc5c4CCN3C[C@@H]2CC[C@@H]1O,CHEMBL15245,YOHIMBINE
HNTXQDRFWJBZGO-FJEPWZHXSA-N,Cc1cc(C)c(C)c(Cn2ccc3c(/C=N/NC(=O)c4ccc(O)c(C#N)c4)cccc32)c1C,CHEMBL152640,
AKUJBENLRBOFTD-RPRRAYFGSA-N,CC(=O)OCC(=O)[C@@]1(O)[C@H](C)C[C@H]2[C@@H]3CCC4=CC(=O)C=C[C@]4(C)[C@@]3(F)[C@@H](O)C[C@@]21C,CHEMBL1530428,DEXAMETHASONE ACETATE
XVUOIWIIQVGWAJ-UHFFFAOYSA-N,Cc1ccc(C(=O)COC(=O)c2cccc(NC(=O)c3ccc([N+](=O)[O-])cc3[N+](=O)[O-])c2)cc1,CHEMBL1542356,
AUYYCJSJGJYCDS-LBPRGKRZSA-N,N[C@@H](Cc1cc(I)c(Oc2ccc(O)c(I)c2)c(I)c1)C(=O)O,CHEMBL1544,LIOTHYRONINE
IETDBZQIWIJQJG-UHFFFAOYSA-N,CCOC(=O)c1cc2ccc(O)cc2oc1=O,CHEMBL155103,
YUXMTDYHFPRPLG-UHFFFAOYSA-N,O=S(=O)(NCCCCCCc1ccccc1)c1cccc2c(Cl)cccc12,CHEMBL1552551,
RWVIMCIPOAXUDG-UHFFFAOYSA-N,O=[N+]([O-])c1cc2nc(O)c(O)nc2cc1[N+](=O)[O-],CHEMBL155265,DNQX
KRIKILRRJCIWNB-UHFFFAOYSA-N,COc1ccc(-n2c(SCc3nc(-c4ccc(C)cc4)no3)nnc2-c2ccncc2)cc1,CHEMBL1552719,
FAKRSMQSSFJEIM-RQJHMYQMSA-N,C[C@H](CS)C(=O)N1CCC[C@H]1C(=O)O,CHEMBL1560,CAPTOPRIL
GEKDQXSPTHHANP-OUKQBFOZSA-N,O=c1c2ccccc2nc(/C=C/c2cccnc2)n1Cc1ccccc1,CHEMBL1567670,
MRAAINIKTLQAMC-UHFFFAOYSA-N,CSc1nc(-c2ccc(Cl)cc2)nn1C(=O)c1ccccc1,CHEMBL1580091,
NIADLWNDYLCGNO-UHFFFAOYSA-N,O=S(=O)(c1ccc(NC(=S)NCc2cccnc2)cc1)N1CCCCC1,CHEMBL1586371,
RXSVYGIGWRDVQC-UHFFFAOYSA-N,O=C(NCCCCCCNC(=O)ON=C1CCCCC1)ON=C1CCCCC1,CHEMBL158897,
PMATZTZNYRCHOR-CGLBZJNRSA-N,C/C=C/C[C@@H](C)[C@@H](O)[C@H]1C(=O)N[C@@H](CC)C(=O)N(C)CC(=O)N(C)[C@@H](CC(C)C)C(=O)N[C@@H](C(C)C)C(=O)N(C)[C@@H](CC(C)C)C(=O)N[C@@H](C)C(=O)N[C@H](C)C(=O)N(C)[C@@H](CC(C)C)C(=O)N(C)[C@@H](CC(C)C)C(=O)N(C)[C@@H](C(C)C)C(=O)N1C,CHEMBL160,CYCLOSPORINE
DGHHQBMTXTWTJV-BQAIUKQQSA-N,CC[C@@]1(O)C(=O)OCc2c1cc1n(c2=O)Cc2cc3c(CN(C)C)c(O)ccc3nc2-1.Cl,CHEMBL1607,TOPOTECAN HYDROCHLORIDE
CYOHGALHFOKKQC-UHFFFAOYSA-N,Cn1cnc2c(F)c(Nc3ccc(Br)cc3Cl)c(C(=O)NOCCO)cc21,CHEMBL1614701,SELUMETINIB
YJQZNWPYLCNRLP-UHFFFAOYSA-N,NS(=O)(=O)c1ccc(NC(=O)Nc2ccc(F)cc2)cc1,CHEMBL1615281,SLC-0111
FLNYLINBEZROPL-NSOVKSMOSA-N,COc1ccccc1CN[C@H]1C2CCN(CC2)[C@H]1C(c1ccccc1)c1ccccc1,CHEMBL16192,CP-96345
NCDNCNXCDXHOMX-XGKFQTDJSA-N,CC(C)c1nc(CN(C)C(=O)N[C@H](C(=O)N[C@@H](Cc2ccccc2)C[C@H](O)[C@H](Cc2ccccc2)NC(=O)OCc2cncs2)C(C)C)cs1,CHEMBL163,RITONAVIR
YLMAHDNUQAMNNX-UHFFFAOYSA-N,CS(=O)(=O)O.Cc1ccc(NC(=O)c2ccc(CN3CCN(C)CC3)cc2)cc1Nc1nccc(-c2cccnc2)n1,CHEMBL1642,IMATINIB MESYLATE
IWUCXVSUMQZMFG-AFCXAGJDSA-N,NC(=O)c1ncn([C@@H]2O[C@H](CO)[C@@H](O)[C@H]2O)n1,CHEMBL1643,RIBAVIRIN
ZGWJLFQGIWFVSR-UHFFFAOYSA-N,CN1C(=O)CCC2=C1CCc1cc(Cl)ccc12,CHEMBL16456,
ZCCUUQDIBDJBTK-UHFFFAOYSA-N,O=c1ccc2cc3ccoc3cc2o1,CHEMBL164660,PSORALEN
LUKBXSAWLPMMSZ-OWOJBTEDSA-N,Oc1ccc(/C=C/c2cc(O)cc(O)c2)cc1,CHEMBL165,RESVERATROL
SFBODOKJTYAUCM-UHFFFAOYSA-N,CC(C)Oc1ccc2c(=O)c(-c3ccccc3)coc2c1,CHEMBL165790,IPRIFLAVONE
MSJODEOZODDVGW-UHFFFAOYSA-N,Nc1nc2ccc(Cl)cc2c2nc(-c3ccco3)nn12,CHEMBL16687,CGS-15943
QAPAJIZPZGWAND-UHFFFAOYSA-N,CCOc1cc(N2CCC(O)CC2)ccc1Nc1ncc2c(n1)N(C)c1ccccc1C(=O)N2C,CHEMBL1673046,
ZXAICCBFIBBVAR-UHFFFAOYSA-N,O=C1Cc2ccccc2C(=O)N1O,CHEMBL16755,
VTSPJLHFXSMCCC-UHFFFAOYSA-N,CCc1nccn1CC(=O)c1ccc(O)c(O)c1.Cl,CHEMBL1699317,
GJQPMPFPNINLKP-UHFFFAOYSA-N,NS(=O)(=O)c1cc(Cl)c(Cl)c(S(N)(=O)=O)c1,CHEMBL17,DICHLORPHENAMIDE
UBRKDAVQCKZSPO-UHFFFAOYSA-N,CCN(CC)CC1CCCCN1CC(=O)N1c2ccccc2C(=O)Nc2cccnc21,CHEMBL17045,OTENZEPAD
ZNIFSRGNXRYGHF-UHFFFAOYSA-N,Cl.Clc1cccc(Cl)c1NC1=NCCN1,CHEMBL1705,CLONIDINE HYDROCHLORIDE
UTLPKQYUXOEJIL-UHFFFAOYSA-N,Nc1nc2c(cnn2CCc2ccccc2)c2nc(-c3ccco3)nn12,CHEMBL17127,SCH-58261
JUMYIBMBTDDLNG-UHFFFAOYSA-N,COC(=O)C(c1ccccc1)C1CCCCN1.Cl,CHEMBL1722,METHYLPHENIDATE HYDROCHLORIDE
BOIPLTNGIAPDBY-UHFFFAOYSA-N,N#CN=C(NCCCCCCOc1ccc(Cl)cc1)Nc1ccncc1,CHEMBL17289,CHS-828
KMGUBUXDNOMSRM-UHFFFAOYSA-N,Clc1ccc(OCCOc2ccc(Br)nc2Br)c(Cl)c1,CHEMBL1732549,
QEMSVZNTSXPFJA-HNAYVOBHSA-N,C[C@@H]([C@@H](O)c1ccc(O)cc1)N1CCC(O)(c2ccccc2)CC1,CHEMBL17350,TRAXOPRODIL
DEIYFTQMQPDXOT-UHFFFAOYSA-N,CCCc1nn(C)c2c(=O)[nH]c(-c3cc(S(=O)(=O)N4CCN(C)CC4)ccc3OCC)nc12.O=C(O)CC(O)(CC(=O)O)C(=O)O,CHEMBL1737,SILDENAFIL CITRATE
WVXNSAVVKYZVOE-UHFFFAOYSA-N,CNC(=O)c1cc(Oc2ccc(NC(=O)Nc3cc(C(C)(C)C)nn3-c3ccc4ncccc4c3)c(F)c2)ccn1,CHEMBL1738757,REBASTINIB
QHLVBNKYJGBCQJ-UHFFFAOYSA-N,CN1CCN(c2ccc(OC(F)(F)F)c(Nc3ncc4c(n3)-c3c(c(C(N)=O)nn3CCO)CC4)c2)CC1,CHEMBL1738758,ONVANSERTIB
QOTAQTRFJWLFCR-XFHMXUHZSA-N,CO[C@H]1CC[C@@H](C(=O)c2ccc3nc4c(cc3c2)CCCO4)CC1,CHEMBL174588,
LTMHDMANZUZIPE-PUGKRICDSA-N,C[C@H]1O[C@@H](O[C@H]2[C@@H](O)C[C@H](O[C@H]3[C@@H](O)C[C@H](O[C@H]4CC[C@@]5(C)[C@H](CC[C@@H]6[C@@H]5C[C@@H](O)[C@]5(C)[C@@H](C7=CC(=O)OC7)CC[C@]65O)C4)O[C@@H]3C)O[C@@H]2C)C[C@H](O)[C@@H]1O,CHEMBL1751,DIGOXIN
AHLBNYSZXLDEJQ-FWEHEUNISA-N,CCCCCCCCCCC[C@@H](C[C@@H]1OC(=O)[C@H]1CCCCCC)OC(=O)[C@H](CC(C)C)NC=O,CHEMBL175247,ORLISTAT
ZQPJDHAUCVEXLU-UHFFFAOYSA-N,CCS(=O)(=O)CCC12CCC(c3nnc(-c4ccccc4C(F)(F)F)n3C)(CC1)CC2,CHEMBL1761313,
GUXXEUUYCAYESJ-UHFFFAOYSA-N,Nc1ccc(-c2ccc3ncc4ccc(=O)n(-c5cccc(C(F)(F)F)c5)c4c3c2)cn1,CHEMBL1765602,
QLPHOXTXAKOFMU-WBVHZDCISA-N,CNc1nc(-c2ccc3c(N)n[nH]c3c2)cc(N2C[C@@H](C(=O)NC3CCCCC3)CC[C@H]2C)n1,CHEMBL1765740,
ASOVUAMIHHQHJF-UHFFFAOYSA-N,CS(=O)(=O)N1CCC(n2c(=O)c(Oc3ccc(F)cc3F)cc3cnc(NC4CCOCC4)nc32)CC1,CHEMBL1766572,
OMZYUVOATZSGJY-UHFFFAOYSA-N,Brc1c(Br)c(Br)c2[nH]nnc2c1Br,CHEMBL177820,TETRABROMOBENZOTRIAZOLE
GRAJFFFXJYFVOC-UHFFFAOYSA-N,CCCCCOc1c(OC)ccc2cc(C(=O)NCc3ccc4c(c3)OCO4)c(=O)[nH]c12,CHEMBL178372,
LFKQSJNCVRGFCC-UHFFFAOYSA-N,COc1cc2nccc(Oc3ccc(NC(=O)Nc4ccc(F)cc4F)c(F)c3)c2cc1OC,CHEMBL178455,
KSMAGQUYOIHWFS-UHFFFAOYSA-N,CC(Oc1c(Cl)cccc1Cl)C1=NCCN1,CHEMBL17860,LOFEXIDINE
XVGOZDAJGBALKS-UHFFFAOYSA-N,CCN1CCN(c2cc(-c3ccc(F)cc3)c3c(n2)CCCCCC3)CC1,CHEMBL178803,BLONANSERIN
HFNKQEVNSGCOJV-OAHLLOKOSA-N,N#CC[C@H](C1CCCC1)n1cc(-c2ncnc3[nH]ccc23)cn1,CHEMBL1789941,RUXOLITINIB
BVRDQVRQVGRNHG-UHFFFAOYSA-N,O=c1cc(N2CCOCC2)nc2c3ccccc3ccn12,CHEMBL179242,
DGZZVIWCMGVHGV-LJQANCHMSA-N,CC(C)ON([C@@H](C(=O)NO)C(C)C)S(=O)(=O)c1ccc(-c2ccccc2)cc1,CHEMBL179288,
OFCWBJAYEIROGZ-KRWDZBQOSA-N,COc1ccc(C(=O)n2c(C)c(Cc3cccc(O[C@@H](C)C(=O)O)c3)c3cc(OC(F)(F)F)ccc32)cc1,CHEMBL179330,
UXGJAOIJSROTTN-UHFFFAOYSA-N,NC(=O)c1ccc2[nH]c(-c3ccc(Oc4ccc(Cl)cc4)cc3)nc2c1,CHEMBL179583,
KVLFRAWTRWDEDF-IRXDYDNUSA-N,COc1ccc(-c2ccc3c(N4CCOC[C@@H]4C)nc(N4CCOC[C@@H]4C)nc3n2)cc1CO,CHEMBL1801204,AZD-8055
PZUJQWHTIRWCID-HXUWFJFHSA-N,CC(C)(Cc1ccc2ccccc2c1)NC[C@@H](O)COc1cccc(Cl)c1C#N,CHEMBL180672,
ZMHWLQUXQJLKPI-ADAARDCZSA-N,C#Cc1ccc(Cc2cc([C@@H]3O[C@H](CO)[C@@H](O)[C@H](O)[C@H]3O)ccc2Cl)cc1,CHEMBL1807548,
LMPZHLXYBWGGNT-UHFFFAOYSA-N,O=C(O)c1ccccc1Nc1cccc(OCc2ccc3ccccc3n2)c1,CHEMBL18132,SR-2640
PPANZCQXFYBGHN-UHFFFAOYSA-N,CC(C)CNc1nc(N2CCN(CC3CCCOC3)CC2)ncc1C(=O)NCc1ccccc1,CHEMBL1818218,
QLEPVYXTIMUWHF-UHFFFAOYSA-N,CCCOc1ccc(C(Cc2ccc(NC(=O)c3c(Cl)cccc3Cl)cc2)C(=O)O)cc1N(CC(C)C)C(=O)C(C)(C)C,CHEMBL182181,
NHXLMOGPVYXJNR-ATOGVRKGSA-N,C[C@H](N)C(=O)NCC(=O)N[C@H]1CSSC[C@@H](C(=O)O)NC(=O)[C@H](CO)NC(=O)[C@H]([C@@H](C)O)NC(=O)[C@H](Cc2ccccc2)NC(=O)[C@H]([C@@H](C)O)NC(=O)[C@H](CCCCN)NC(=O)[C@H](Cc2c[nH]c3ccccc23)NC(=O)[C@H](Cc2ccccc2)NC(=O)[C@H](Cc2ccccc2)NC(=O)[C@H](CC(N)=O)NC(=O)[C@H](CCCCN)NC1=O,CHEMBL1823872,SOMATOSTATIN
QQURIRADMQBJKA-UHFFFAOYSA-N,CCOc1ccccc1C(=O)NCC1(N2CCN(C(C)C)CC2)CCCCC1,CHEMBL1823874,
KTEIFNKAUNYNJU-LBPRGKRZSA-N,C[C@H](Oc1cc(-c2cnn(C3CCNCC3)c2)cnc1N)c1c(Cl)ccc(F)c1Cl,CHEMBL1825141,
SNLBSUWBYOOLDF-UHFFFAOYSA-N,CCCN(CC1CC1)c1nc(C)nc(C(=O)c2c(OC)cc(OC)cc2OC)c1C,CHEMBL182643,
BZCALJIHZVNMGJ-HSZRJFAPSA-N,Cc1cc(OCCCS(C)(=O)=O)cc(C)c1-c1cccc(COc2ccc3c(c2)OC[C@H]3CC(=O)O)c1,CHEMBL1829174,FASIGLIFAM
OUKWLRHRXOPODD-UHFFFAOYSA-N,COc1cc2c(NC3CCN(C4CCCCC4)CC3)nc(N3CCCN(C(C)C)CC3)nc2cc1OCCCN1CCCCC1,CHEMBL1829304,
FFBDFADSZUINTG-UHFFFAOYSA-N,CCCn1c(=O)c2[nH]c(C3CCCC3)nc2n(CCC)c1=O,CHEMBL183,"1,3-DIPROPYL-8-CYCLOPENTYLXANTHINE [DPCPX]"
GEVVQZHMFVFGLN-HDJSIYSDSA-N,Nc1ncnc2c1C(=O)N(c1ccc([C@H]3CC[C@H](CC(=O)O)CC3)cc1)CCO2,CHEMBL1835919,PF-04620110
LXHAZNJVVVBJIF-UHFFFAOYSA-N,CN1Cc2cc(Cl)ccc2-n2c(nnc2C2CCN(c3ccccn3)CC2)C1,CHEMBL1837037,
TZZSQUATPYDROZ-UHFFFAOYSA-N,O=c1[nH]c2ccccc2c(=O)n1O,CHEMBL183852,
NGJLOFCOEOHFKQ-YVMONPNESA-N,O=C1NC(=O)/C(=C/c2cccc(C(F)(F)F)c2)S1,CHEMBL183906,
ROFVXGGUISEHAM-UHFFFAOYSA-N,NC(=O)c1cccc(-c2cccc(OC(=O)NC3CCCCC3)c2)c1,CHEMBL184238,URB-597
YIQPUIGJQJDJOS-UHFFFAOYSA-N,c1cc(CN2CCCNCCNCCCNCC2)ccc1CN1CCCNCCNCCCNCC1,CHEMBL18442,PLERIXAFOR
JHDKZFFAIZKUCU-ZRDIBKRKSA-N,CCCCc1nc2cc(/C=C/C(=O)NO)ccc2n1CCN(CC)CC,CHEMBL1851943,PRACINOSTAT
MOIWSUQWIOVGRH-UHFFFAOYSA-N,CN1CCN(C(=O)c2nc3ccc(Cl)cc3[nH]2)CC1,CHEMBL185951,
PYEFPDQFAZNXLI-UHFFFAOYSA-N,Cc1ccc(NC(=O)c2cccc(N(C)C)c2)cc1NC(=O)c1ccc(O)cc1,CHEMBL186526,
HYXITZLLTYIPOF-UHFFFAOYSA-N,Cc1coc2c1C(=O)C(=O)c1c-2ccc2c1CCCC2(C)C,CHEMBL187266,TANSHINONE IIA
ZFLJHSQHILSNCM-UHFFFAOYSA-N,c1nc2c(NC3CCCCC3)nc(Nc3ccc(N4CCOCC4)cc3)nc2[nH]1,CHEMBL188343,REVERSINE
DXCUKNQANPLTEJ-UHFFFAOYSA-N,CCN(CC)CCCCNc1ncc2cc(-c3cc(OC)cc(OC)c3)c(NC(=O)NC(C)(C)C)nc2n1,CHEMBL189584,PD-173074
SPXFAUXQZWJGCJ-ROUUACIJSA-N,N#C[C@@H]1CCCN1C(=O)[C@@H]1CCCN1C(=O)CCCc1ccccc1,CHEMBL189620,
AXNGJCOYCMDPQG-UHFFFAOYSA-N,OC(c1ccccc1)C1CCN(CCc2ccccc2)CC1,CHEMBL18972,GLEMANSERIN
AHJRHEGDXFFMBM-UHFFFAOYSA-N,CC(=O)c1c(C)c2cnc(Nc3ccc(N4CCNCC4)cn3)nc2n(C2CCCC2)c1=O,CHEMBL189963,PALBOCICLIB
XAPVAKKLQGLNOY-UHFFFAOYSA-N,O=C(NCCN1CCC2(CC1)C(=O)NCN2c1cccc(F)c1)c1ccc(F)c(F)c1,CHEMBL1907089,
KDKUVYLMPJIGKA-UHFFFAOYSA-N,Nc1nc(Nc2ccc(S(N)(=O)=O)cc2)nn1C(=O)c1c(F)cccc1F,CHEMBL191003,JNJ-7706621
TZTPJJNNACUQQR-FQEVSTJZSA-N,O=C(O)[C@H](Cc1ccccc1)Oc1ccc(-c2ccccc2)cc1,CHEMBL191275,
KQDRVXQXKZXMHP-LLVKDONJSA-N,CC(C)Cc1ccc([C@@H](C)C(=O)NS(C)(=O)=O)cc1,CHEMBL191413,REPARIXIN
JWYIGNODXSRKGP-UHFFFAOYSA-N,CC(=O)Nc1cccc2c1c(Sc1ccc(Cl)cc1)c(C)n2CC(=O)O,CHEMBL1914489,AZD1981
QUIIIYITNGOFEI-UHFFFAOYSA-N,Cc1ccc(-n2sc(=O)n(Cc3ccc(F)cc3)c2=O)cc1,CHEMBL1917204,
WNWALBVQAAIULR-UHFFFAOYSA-N,c1ccc(COCCCc2c[nH]cn2)cc1,CHEMBL19173,PROXYFAN
OZPFIJIOIVJZMN-GOSISDBHSA-N,CNC(=O)c1ccc2cc([C@]3(O)CCn4cncc43)ccc2c1,CHEMBL1921985,
HYIMSNHJOBLJNT-UHFFFAOYSA-N,COC(=O)C1=C(C)NC(C)=C(C(=O)OC)C1c1ccccc1[N+](=O)[O-],CHEMBL193,NIFEDIPINE
BMUACLADCKCNKZ-UHFFFAOYSA-N,NC(=O)c1sc(-c2ccsc2)cc1N,CHEMBL193093,
MNDBXUUTURYVHR-UHFFFAOYSA-N,O=C(Nc1c(Cl)cncc1Cl)c1ccc(OC(F)F)c(OCC2CC2)c1,CHEMBL193240,ROFLUMILAST
PROQIPRRNZUXQM-ZXXIGWHRSA-N,C[C@]12CC[C@@H]3c4ccc(O)cc4CC[C@H]3[C@@H]1C[C@@H](O)[C@@H]2O,CHEMBL193482,ESTRIOL
UJEAABFSXKCSGI-UHFFFAOYSA-N,O=C(O)Cn1nnc(-c2cc(N3CCC(Oc4cc(F)ccc4Br)CC3)no2)n1,CHEMBL1938870,MK-8245
DTVXBNDIMDRBBV-GOSISDBHSA-N,COCCCOc1cccc([C@H]2NC(=S)NC3=C2C(=O)c2ccccc23)c1,CHEMBL1939826,
OXKRFEWMSWPKKV-WIYYLYMNSA-N,O=C(N[C@@H]1C2CCN(CC2)[C@@H]1Cc1cccnc1)c1cc2ccccc2o1,CHEMBL194082,
ZJVFLBOZORBYFE-UHFFFAOYSA-N,CC(C)C(=O)c1c(C(C)C)nn2ccccc12,CHEMBL19449,IBUDILAST
TXUWMXQFNYDOEZ-UHFFFAOYSA-N,CN1C(=O)C(Cc2c[nH]c3ccccc23)NC1=S,CHEMBL195008,NECROSTATIN
BTVNNMSDLVBWRW-UHFFFAOYSA-N,Cc1nc(S(C)(=O)=O)ccc1Nc1ncnc(OC2CCN(C(=O)OC(C)C)CC2)c1C,CHEMBL1951022,
TYAGAVRSOFABFO-SECBINFHSA-N,O=C1NC[C@]2(CN3CCC2CC3)O1,CHEMBL195519,
DNVXATUJJDPFDM-KRWDZBQOSA-N,Cc1sc2c(c1C)C(c1ccc(Cl)cc1)=N[C@@H](CC(=O)OC(C)(C)C)c1nnc(C)n1-2,CHEMBL1957266,
NITYDPDXAAFEIT-DYVFJYSZSA-N,CNC(=O)[C@H](Cc1c[nH]c2ccccc12)NC(=O)[C@@H](CC(=O)NO)CC(C)C,CHEMBL19611,ILOMASTAT
NXZNYBUBXWWKCP-DNRQZRRGSA-N,COc1ccc([C@]2(O)CC[C@H](N3CC[C@@H](NC(=O)CNC(=O)c4cccc(C(F)(F)F)c4)C3)CC2)cn1,CHEMBL1963131,
ZCTDTVUDURCGFX-UHFFFAOYSA-N,O=C(O)CCNC(=O)C(CS)Cc1ccccc1,CHEMBL196902,
HWODCHXORCTEGU-UHFFFAOYSA-N,CCn1c(=O)c2cc(C(N)=O)c(N)nc2n(C2CC2)c1=O,CHEMBL1977874,
KGFYHTZWPPHNLQ-AWEZNQCLSA-N,O=C(NC[C@H]1CN(c2ccc(N3CCOCC3=O)cc2)C(=O)O1)c1ccc(Cl)s1,CHEMBL198362,RIVAROXABAN
IENZQIKPVFGBNW-UHFFFAOYSA-N,COc1cc2nc(N3CCN(C(=O)c4ccco4)CC3)nc(N)c2cc1OC,CHEMBL2,PRAZOSIN
PDMUGYOXRHVNMO-UHFFFAOYSA-N,OCCn1cc(-c2cnc3nnn(Cc4ccc5ncccc5c4)c3n2)cn1,CHEMBL2001019,PF-04217903
ZQRZKMBCCNQODX-LMTLIKQPSA-N,O=S(=O)(N[C@H]1CC[C@@](c2cc(F)ccc2F)(S(=O)(=O)c2ccc(Cl)cc2)CC1)c1cccs1,CHEMBL200905,
PURKAOJPTOLRMP-UHFFFAOYSA-N,CC(C)(C)c1cc(C(C)(C)C)c(NC(=O)c2c[nH]c3ccccc3c2=O)cc1O,CHEMBL2010601,IVACAFTOR
MAKMQGKJURAJEN-RUZDIDTESA-N,O=C(NCCCN1CCC2(CC1)OCc1ccccc12)[C@H]1CCCN1Cc1ccccc1,CHEMBL201945,
OGNYUTNQZVRGMN-UHFFFAOYSA-N,COc1cc2c(Nc3ccc(NC(=O)c4ccccc4)cc3)ncnc2cc1OCCCN1CCOCC1,CHEMBL202721,
BFSMGDJOXZAERB-UHFFFAOYSA-N,CC(C)(C)c1nc(-c2cccc(NS(=O)(=O)c3c(F)cccc3F)c2F)c(-c2ccnc(N)n2)s1,CHEMBL2028663,DABRAFENIB
SAGZIBJAQGBRQA-UHFFFAOYSA-N,O=C(NC1CCOCC1)c1ccc(-c2cc(-c3c[nH]nc3-c3ccccn3)ccn2)cc1,CHEMBL202887,
LVGIASYHZSVGII-UHFFFAOYSA-N,O=C(Nc1ccc([N+](=O)[O-])cc1)Nc1ncccc1OCc1ccccc1,CHEMBL203193,
IIMYRTZDWODUAY-UHFFFAOYSA-N,CCc1nc(N)nc(N)c1-c1ccc(NCc2ccc(S(C)(=O)=O)cc2)cc1,CHEMBL203280,
XGJGWYRHLPSMLW-IRXDYDNUSA-N,CC(C)C[C@H](NC(=O)[C@H](CC(C)C)NC(=O)OCc1ccccc1)C(=O)O,CHEMBL203568,
KGBPLKOPSFDBOX-CJLVFECKSA-N,CN1CCCN(C(=O)c2cccc(-c3ccc(/C=C4/C(=O)Nc5ccc(Cl)cc54)o3)c2)CC1,CHEMBL2037200,
YYDUWLSETXNJJT-MTJSOVHGSA-N,Cc1ccc(NC(=O)Nc2cc(C(F)(F)F)ccc2F)cc1Nc1ccc2c(c1)NC(=O)/C2=C\c1ccc[nH]1,CHEMBL2037226,
WDPFJWLDPVQCAJ-UHFFFAOYSA-N,CCN(CC)CCN(Cc1ccc(-c2ccc(C(F)(F)F)cc2)cc1)C(=O)Cn1c(SCc2ccc(F)cc2)nc(=O)c2c1CCC2,CHEMBL204021,DARAPLADIB
HYTRYTZFJVVZAF-ZETCQYMHSA-N,N[C@H]1Cc2ccccc2N(O)C1=O,CHEMBL2047851,
OVJBNYKNHXJGSA-UHFFFAOYSA-N,Cc1cc(N2CCOCC2)ccc1Nc1nc(NC2CCCCC2)c2nc[nH]c2n1,CHEMBL2047943,
JFOZKMSJYSPYLN-QHCPKHFHSA-N,CS(=O)(=O)c1cccc(C[C@H](NC(=O)c2c(Cl)cc3c(c2Cl)CCN(C(=O)c2ccc4ccoc4c2)C3)C(=O)O)c1,CHEMBL2048028,LIFITEGRAST
XTNGUQKDFGDXSJ-ZXGKGEBGSA-N,Cc1ccc([C@@H]2O[C@H](CO)[C@@H](O)[C@H](O)[C@H]2O)cc1Cc1ccc(-c2ccc(F)cc2)s1,CHEMBL2048484,CANAGLIFLOZIN ANHYDROUS
DPONSKCACOZTGN-UHFFFAOYSA-N,Cc1csc(N(C(=O)CSc2ccc(-c3ccccc3)nn2)C2CC2)n1,CHEMBL2048855,
MCUJKPPARUPFJM-UWCCDQBKSA-N,N[C@@H]1CCCN(c2c(/C=C3\SC(=O)NC3=O)cccc2-c2ccccc2)C1,CHEMBL2048872,
DUWKUHWHTPRMAP-UHFFFAOYSA-N,CCN(c1ccccc1)c1cc(NC)[n+](C)c(C)n1.[Cl-],CHEMBL2052019,
HVKOXQJDFNUOSJ-UHFFFAOYSA-N,Nc1nc(N)c(-c2ccc(NCc3ccnc(Cl)c3)cc2)c(COCc2ccccc2)n1,CHEMBL205521,
OCBMECSFDVUYQN-ROUUACIJSA-N,COC[C@H](C)Oc1cc(O[C@@H](C)Cc2ccccc2)cc(C(=O)Nc2ccc(C(=O)O)cn2)c1,CHEMBL205627,
OFJRNBWSFXEHSA-UHFFFAOYSA-N,CN(C)Cc1nccn1-c1ccc(NC(=O)c2cc(C(F)(F)F)nn2-c2ccc3onc(N)c3c2)c(F)c1,CHEMBL206335,RAZAXABAN
WZRFLSDVFPIXOV-LRQRDZAKSA-N,CN[C@@H](C)C(=O)N[C@H](C(=O)N1CCC[C@H]1C(=O)Nc1snnc1-c1ccccc1)C1CCCCC1,CHEMBL2063869,GDC-0152
FZTZVNFKDPBYKA-UHFFFAOYSA-N,Cc1cc(F)ccc1Oc1cccc2c(=O)cc(N3CCOCC3)[nH]c12,CHEMBL2064327,
RXRZPHQBTHQXSV-UHFFFAOYSA-N,CC(C)(C)NS(=O)(=O)c1cncc(-c2cc(F)c3nc(N)nn3c2)c1,CHEMBL2064571,
URCVCIZFVQDVPM-UHFFFAOYSA-N,COc1ccc(S(=O)(=O)Nc2cccnc2Nc2ccc(O)cc2)cc1,CHEMBL20684,ABT-751
AURFZBICLPNKBZ-SYBPFIFISA-N,CC(=O)[C@H]1CC[C@H]2[C@@H]3CC[C@H]4C[C@H](O)CC[C@]4(C)[C@H]3CC[C@]12C,CHEMBL207538,BREXANOLONE
DGENZVKCTGIDRZ-UHFFFAOYSA-N,O=C(O)CCc1ccc(NCc2cccc(Oc3ccccc3)c2)cc1,CHEMBL207881,GW9508
OYEOXFZRVNDRKZ-UHFFFAOYSA-N,CCn1nc(-c2ccc(OC)cc2)nc2c(=O)n(C)c(=O)nc1-2,CHEMBL2086889,
QQLKULDARVNMAL-UHFFFAOYSA-N,C#Cc1cccc(Nc2ncnc3cc4c(cc23)OCCOCCOCCO4)c1,CHEMBL2087361,ICOTINIB
ZHXNIYGJAOPMSO-UHFFFAOYSA-N,COc1cc(C)c(Sc2cnc(NC(=O)c3ccc(CNC(C)C(C)(C)C)cc3)s2)cc1C(=O)N1CCN(C(C)=O)CC1,CHEMBL209148,
FDDDEECHVMSUSB-UHFFFAOYSA-N,Nc1ccc(S(N)(=O)=O)cc1,CHEMBL21,SULFANILAMIDE
QLTAGRPUASYOEZ-UHFFFAOYSA-N,COCCn1c(NC(=O)c2cccc([N+](=O)[O-])c2)nc2ccccc21,CHEMBL210354,
LIRYPHYGHXZJBZ-UHFFFAOYSA-N,CC(=O)Nc1cccc(-n2c(=O)n(C3CC3)c(=O)c3c(Nc4ccc(I)cc4F)n(C)c(=O)c(C)c32)c1,CHEMBL2103875,TRAMETINIB
ONIQOQHATWINJY-UHFFFAOYSA-N,COc1cc2nccc(Oc3ccc(NC(=O)C4(C(=O)Nc5ccc(F)cc5)CC4)cc3)c2cc1OC,CHEMBL2105717,CABOZANTINIB
VZZJRYRQSPEMTK-CALCHBBNSA-N,Cc1c(C(=O)Nc2ccc(N3C[C@@H](C)O[C@@H](C)C3)nc2)cccc1-c1ccc(OC(F)(F)F)cc1,CHEMBL2105737,SONIDEGIB
PAFKTGFSEFKSQG-PAASFTFBSA-N,C[C@]12CC[C@H](O)CC1=CC[C@@H]1[C@@H]2CC[C@]2(C)C(n3cnc4ccccc43)=CC[C@@H]12,CHEMBL2105738,GALETERONE
XUZMWHLSFXCVMG-UHFFFAOYSA-N,CCS(=O)(=O)N1CC(CC#N)(n2cc(-c3ncnc4[nH]ccc34)cn2)C1,CHEMBL2105759,BARICITINIB
VIUAUNHCRHHYNE-JTQLQIEISA-N,O=C(NC[C@H](O)CO)c1ccncc1Nc1ccc(I)cc1F,CHEMBL2107832,PIMASERTIB
FSPQCTGGIANIJZ-UHFFFAOYSA-N,COc1ccc(C(=O)Nc2sc3c(c2C(N)=O)CCCC3)cc1OC,CHEMBL210833,
JUKUQWGWZSESAV-UHFFFAOYSA-N,CCOc1nc(NC(=O)Cc2cc(OC)c(S(C)(=O)=O)cc2OC)cc(N)c1Cl,CHEMBL210928,
SYPXZIFSIJUYCS-UHFFFAOYSA-N,CCCc1c(OCCCOc2ccc(CC(=O)O)cc2)ccc2c(C(F)(F)F)noc12,CHEMBL210973,
HYBZWVLPALMACV-KRWDZBQOSA-N,Cc1nc(C(=O)N2CCC[C@H]2Cc2nnc(-c3ccccc3)o2)c(-c2ccccc2F)s1,CHEMBL2110363,
HOVMHIRTZYQSKM-UHFFFAOYSA-N,Cc1cc2c(cc1Cl)N(C(=O)Nc1cccc3ncccc13)CC2,CHEMBL2110371,
VNDWQCSOSCCWIP-UHFFFAOYSA-N,CC(C)(C)c1nc2c3ccc(F)cc3c3c(=O)[nH]ccc3c2[nH]1,CHEMBL21156,
NBTNHSGBRGTFJS-UHFFFAOYSA-N,COc1ccc(N(C(=O)Oc2c(C)cccc2C)c2ccnc(Nc3ccc(N4CCN(C)CC4)cc3)n2)c(OC)c1,CHEMBL213100,
NBQKINXMPLXUET-UHFFFAOYSA-N,O=C(Nc1cccc2c(=O)cc(-c3nnn[nH]3)oc12)c1ccc(OCCCCc2ccccc2)cc1,CHEMBL21333,PRANLUKAST
YUKWVHPTFRQHMF-UHFFFAOYSA-N,COc1cc(OC2CCN(C)CC2)ccc1Nc1ncc2c(n1)n(C1CCCC1)c(=O)n2C,CHEMBL2140523,
NXNKJLOEGWSJGI-BKMJKUGQSA-N,CN1C(=O)N(c2cc(Cl)cc(Cl)c2)C(=O)[C@]12CN(Cc1cc(C(=O)O)cs1)C[C@H]2c1ccc(C#N)cc1,CHEMBL214529,
HXITXNWTGFUOAU-UHFFFAOYSA-N,OB(O)c1ccccc1,CHEMBL21485,PHENYLBORONIC ACID
QYZOGCMHVIGURT-UHFFFAOYSA-N,CCN(CCO)CCCOc1ccc2c(Nc3cc(CC(=O)Nc4cccc(F)c4)[nH]n3)ncnc2c1,CHEMBL215152,DEFOSBARASERTIB
HXMGCTFLLWPVFM-GOSISDBHSA-N,O=C1c2ccc(Nc3ccc(F)cc3F)cc2CCc2ccc(OC[C@H](O)CO)cc21,CHEMBL2152944,Skepinone-L
YMDKGGMAMAEFNG-UHFFFAOYSA-N,CN(C)c1nc2ccc(-n3cnc4cc(-c5ccc(Cl)cc5)sc4c3=O)cc2n1C,CHEMBL215643,
VKJYZOHVADWABC-TXKDOCKMSA-N,CC(C)c1[nH]nc(O[C@@H]2O[C@H](CO)[C@@H](O)[C@H](O)[C@H]2O)c1Cc1ccccc1OCc1ccccc1,CHEMBL2159091,
DVRSTRMZTAPMKO-UHFFFAOYSA-N,Cc1ccc(C(=O)Nc2cccc(C(F)(F)F)c2)cc1-c1ccc2nc(NCCN3CCOCC3)ncc2c1,CHEMBL215943,
LKZLGMAAKNEGCH-UHFFFAOYSA-N,CC(=O)c1cc([N+](=O)[O-])c(Sc2cccc(Cl)c2Cl)s1,CHEMBL2159495,
RMAMGGNACJHXHO-UHFFFAOYSA-N,CC(=O)c1cc([N+](=O)[O-])c(Sc2ccc(F)cc2F)s1,CHEMBL2159498,
IRTDIKMSKMREGO-OAHLLOKOSA-N,Cc1cc([C@@H](C)Nc2ccccc2C(=O)O)c2nc(N3CCOCC3)cc(=O)n2c1,CHEMBL2165191,AZD-6482
RSINKZJTTORDAJ-UHFFFAOYSA-N,Cc1ccnc(NS(=O)(=O)c2ccc(NC(=O)Nc3ccc(S(=O)(=O)Nc4nccc(C)n4)cc3)cc2)n1,CHEMBL2165265,
RXIUEIPPLAFSDF-CYBMUJFWSA-N,CC[C@@H](Nc1c(Nc2cccc(C(=O)N(C)C)c2O)c(=O)c1=O)c1ccc(C)o1,CHEMBL216981,NAVARIXIN ANHYDROUS
WXRGFPHDRFQODR-ICLZECGLSA-N,CC(C)N(CCCNC(=O)Nc1ccc(C(C)(C)C)cc1)C[C@H]1O[C@@H](n2ccc3c(N)ncnc32)[C@H](O)[C@@H]1O,CHEMBL2169919,
SIXVRXARNAVBTC-UHFFFAOYSA-N,Cn1cc(-c2ccc3c(c2)CCN3C(=O)Cc2cccc(C(F)(F)F)c2)c2c(N)ncnc21,CHEMBL2171124,
RAXCDNRFFLXBJM-UHFFFAOYSA-N,CN(C)Cc1ccc2cc(-n3cnc4cc(-c5ccc(Cl)cc5)sc4c3=O)ccc2n1,CHEMBL217269,
NATLTWZVCBHRJN-LTGZKZEYSA-N,CCc1c(C)[nH]c2c1/C(=N/OC(=O)Nc1ccccc1)CCC2,CHEMBL217347,
FAWSUKOIROHXAP-NPMXOYFQSA-N,CC(=O)N1c2ccc(-c3ccc(C(=O)O)cc3)cc2[C@H](Nc2ccc(Cl)cc2)C[C@@H]1C,CHEMBL2177300,
TXGKRVFSSHPBAJ-JKSUJKDBSA-N,NC(=O)c1cnc(N[C@@H]2CCCC[C@@H]2N)nc1Nc1cccc(-n2nccn2)c1,CHEMBL2177736,
XCFLWTZSJYBCPF-UHFFFAOYSA-N,CCNc1nc(Nc2cc(F)c(C(=O)N3CCOCC3)cc2OC)ncc1C(F)(F)F,CHEMBL2178134,
JRWROCIMSDXGOZ-UHFFFAOYSA-N,CC(C)(C)c1ccc(S(=O)(=O)Nc2ccc(Cl)cc2C(=O)c2cc[n+]([O-])cc2)cc1,CHEMBL2178578,VERCIRNON
TXZPMHLMPKIUGK-UHFFFAOYSA-N,COc1ccccc1S(=O)(=O)Nc1ccc2c(c1)CN(C)C(=O)N2,CHEMBL2179387,
NKYMVQPXXTZHSF-UHFFFAOYSA-N,O=C1CN=C(c2cccc(Br)c2)c2oc3ccccc3c2N1,CHEMBL2180179,
ZIXNJVGTAXRKAP-UHFFFAOYSA-N,O=C1COc2nccc(-c3ccccc3F)c2CN1Cc1cc(C(F)(F)F)cc(C(F)(F)F)c1,CHEMBL2181247,
IAVUPMFITXYVAF-XPUUQOCRSA-N,CCN[C@H]1C[C@H](C)S(=O)(=O)c2sc(S(N)(=O)=O)cc21,CHEMBL218490,DORZOLAMIDE
DNDONDMNEQXUBC-HBGPKNEHSA-N,CCNC(=O)[C@H]1O[C@@H](n2cnc3c(NNC(=O)c4ccco4)ncnc32)[C@H](O)[C@@H]1O,CHEMBL218596,
WGMDTVFTELHPOL-UHFFFAOYSA-N,CC(C)(C)c1ccc(N(Cc2ccc(C(=O)NCCC(=O)O)cc2)C(=O)Nc2ccc(OC(F)(F)F)cc2)cc1,CHEMBL219384,
UBIIFKJMNRPNMT-CQSZACIVSA-N,COc1cc2ncnc(N3CC[C@@H](Oc4cnc5ccccc5n4)C3)c2cc1OC,CHEMBL219445,
YMUYGRBBEDYUOP-UHFFFAOYSA-N,O=C(NC(CO)c1ccc(F)c(Cl)c1)c1cc(-c2[nH]ncc2-c2cccc(Cl)c2)c[nH]1,CHEMBL220054,
QLYKJCMUNUWAGO-GAJHUEQPSA-N,C[C@H](NC(=O)C(C)(C)Oc1ccc(C(F)(F)F)cn1)[C@@H](Cc1ccc(Cl)cc1)c1cccc(C#N)c1,CHEMBL220360,TARANABANT
HCRKCZRJWPKOAR-JTQLQIEISA-N,CCN[C@H]1CN(CCCOC)S(=O)(=O)c2sc(S(N)(=O)=O)cc21,CHEMBL220491,BRINZOLAMIDE
ULNXAWLQFZMIHX-UHFFFAOYSA-N,CCCc1cc(C)[nH]c(=O)c1CNC(=O)c1cc(-c2ccnc(N3CCN(C)CC3)c2)cc2c1cnn2C(C)C,CHEMBL2204995,
QTQMKNGHALLZKU-UHFFFAOYSA-N,CC(C)N(Cc1cnc[nH]1)c1ccc(Cl)c(Cl)c1,CHEMBL2206376,
GJFCSAPFHAXMSF-UXBLZVDNSA-N,Cc1cc(NC(=O)c2cccc(NC(=O)/C=C/CN(C)C)c2)ccc1Nc1nccc(-c2cccnc2)n1,CHEMBL2216824,
VVLHQJDAUIPZFH-UHFFFAOYSA-N,C=CC(=O)Nc1cccc(Nc2nc(Nc3ccc(Oc4ccnc(C(=O)NC)c4)cc3)ncc2F)c1,CHEMBL2216827,
IFSDAJWBUCMOAH-HNNXBMFYSA-N,CC[C@H](Nc1ncnc2[nH]cnc12)c1nc2cccc(F)c2c(=O)n1-c1ccccc1,CHEMBL2216870,IDELALISIB
YMNOJCVLDDTECB-NSHDSACASA-N,CN1C(=O)CC[C@H]1C(=O)NCc1ccc(Cl)cc1Cl,CHEMBL2218759,
UJLAWZDWDVHWOW-YPMHNXCESA-N,C[C@@H]1CCN(C(=O)CC#N)C[C@@H]1N(C)c1ncnc2[nH]ccc12,CHEMBL221959,TOFACITINIB
UQNAFPHGVPVTAL-UHFFFAOYSA-N,NS(=O)(=O)c1cccc2c1c([N+](=O)[O-])cc1nc(O)c(O)nc12,CHEMBL222519,NBQX
JDFLTRXXHVSTHR-OCSRFSMESA-N,CCCCC[C@H](O)/C=C/[C@H]1CCC(=O)N1CCc1ccc(C(=O)O)cc1,CHEMBL222715,
ARAIBEBZBOPLMB-UFGQHTETSA-N,CC(=O)N[C@H]1[C@H]([C@H](O)[C@H](O)CO)OC(C(=O)O)=C[C@@H]1NC(=N)N,CHEMBL222813,ZANAMIVIR
XPOQHMRABVBWPR-ZDUSSCGKSA-N,O=C1Nc2ccc(Cl)cc2[C@@](C#CC2CC2)(C(F)(F)F)O1,CHEMBL223228,EFAVIRENZ
MPVGZUGXCQEXTM-UHFFFAOYSA-N,Cc1ccc(F)c(NC(=O)Nc2ccc(-c3cccc4[nH]nc(N)c34)cc2)c1,CHEMBL223360,LINIFANIB
WAFNZAURAWBNDZ-UHFFFAOYSA-N,CCCCCCCCCCC(C)(C)C(=O)Nc1c(OC)cc(OC)cc1OC,CHEMBL22373,CL-976
SVENPFFEMUOOGK-SDNWHVSQSA-N,N#C/C(=C\c1ccc(-c2cc(Cl)ccc2Cl)o1)C(=O)Nc1cccc2ncccc12,CHEMBL224864,
IVTVGDXNLFLDRM-HNNXBMFYSA-N,Cc1nc(=O)c2cc(CN(C)c3ccc(C(=O)N[C@@H](CCC(=O)O)C(=O)O)s3)ccc2[nH]1,CHEMBL225071,RALTITREXED
TWQYWUXBZHPIIV-UHFFFAOYSA-N,O=C(NCC1CCOCC1)c1cnc(Nc2ccc(Cl)cc2Cl)nc1C(F)(F)F,CHEMBL225411,GW842166X
LRFLWCZMTGTUEP-UHFFFAOYSA-N,Br.CS(=O)(=O)Nc1c(O)ccc2c1CCCC2C1=NCCN1,CHEMBL2261346,
WGZOTBUYUFBEPZ-UHFFFAOYSA-N,Cc1cccc(-c2[nH]c(C(C)(C)C)nc2-c2ccc3c(c2)OCO3)n1,CHEMBL226838,
MRAUNPAHJZDYCK-BYPYZUCNSA-N,N=C(NCCC[C@H](N)C(=O)O)N[N+](=O)[O-],CHEMBL227744,NITROARGININE
BYYQYXVAWXAYQC-IBGZPJMESA-N,CC(=O)N[C@@H](Cc1c[nH]c2ccccc12)C(=O)OCc1cc(C(F)(F)F)cc(C(F)(F)F)c1,CHEMBL22870,L-732138
YUTIXVXZQIQWGY-UHFFFAOYSA-N,CC(=O)Nc1nc2c(Oc3cc(-c4ccc(C(F)(F)F)cc4)ncn3)cccc2s1,CHEMBL229430,AMG-517
HSUGRBWQSSZJOP-RTWAWAEBSA-N,COc1ccc([C@@H]2Sc3ccccc3N(CCN(C)C)C(=O)[C@@H]2OC(C)=O)cc1,CHEMBL23,DILTIAZEM
MPDGHEJMBKOTSU-YKLVYJNSSA-N,CC1(C)[C@@H](O)CC[C@]2(C)[C@H]3C(=O)C=C4[C@@H]5C[C@@](C)(C(=O)O)CC[C@]5(C)CC[C@@]4(C)[C@]3(C)CC[C@@H]12,CHEMBL230006,ENOXOLONE
UJGTUKMAJVCBIS-UHFFFAOYSA-N,Cc1cc(OCc2nnc(SC3CCCC3)n2-c2cccnc2)ccc1-c1ccc(S(C)(=O)=O)cc1,CHEMBL2311578,
TZKBVRDEOITLRB-UHFFFAOYSA-N,Cc1ccc(C(=O)Nc2ccc(CN3CCN(C)CC3)c(C(F)(F)F)c2)cc1C#Cc1cnc2[nH]ncc2c1,CHEMBL2316582,OLVEREMBATINIB
QNZCBYKSOIHPEH-UHFFFAOYSA-N,COc1ccc(-n2nc(C(N)=O)c3c2C(=O)N(c2ccc(N4CCCCC4=O)cc2)CC3)cc1,CHEMBL231779,APIXABAN
BBAWEDCPNXPBQM-GDEBMMAJSA-N,CCC[C@H](NC(=O)[C@@H]1[C@H]2CCC[C@H]2CN1C(=O)[C@@H](NC(=O)[C@@H](NC(=O)c1cnccn1)C1CCCCC1)C(C)(C)C)C(=O)C(=O)NC1CC1,CHEMBL231813,TELAPREVIR
PFNFFQXMRSDOHW-UHFFFAOYSA-N,NCCCNCCCCNCCCN,CHEMBL23194,SPERMINE
RVNOANDLZIIFHB-UHFFFAOYSA-N,CC(C)(C)c1cc(C(C)(C)C)c2c(c1)C(O)(C(F)(F)F)C(=O)O2,CHEMBL2322946,
IHYZMEAZAIFMTN-UHFFFAOYSA-N,CC(C)NCCN(C(C)C)S(=O)(=O)c1ccc(Cl)cc1Cl,CHEMBL2324347,
ZKDXRFMOHZVXSG-HNNXBMFYSA-N,CC(C)[C@H](CO)Nc1nc(Nc2ccc(C(=O)O)c(Cl)c2)c2ncn(C(C)C)c2n1,CHEMBL23254,PURVALANOL B
JDUBGYFRJFOXQC-KRWDZBQOSA-N,NC1(C(=O)N[C@@H](CCO)c2ccc(Cl)cc2)CCN(c2nc[nH]c3nccc2-3)CC1,CHEMBL2325741,CAPIVASERTIB
UVPBFECAUWNWJG-IBGZPJMESA-N,CC(=O)Nc1cccc(-c2ccc(Cc3ocnc3C(=O)NC[C@H](C)c3ccccc3)cc2)c1,CHEMBL232578,
SIEMFXMJGAMFQR-INIZCTEOSA-N,CC(C)(C)[C@@H](NC(=O)c1c[nH]c2ncc(C3CC3)nc12)C(=O)N1CC(C#N)C1,CHEMBL2325895,
GACQNUHFDBEIQH-HNNXBMFYSA-N,Cc1ccc(-c2ccc3ncc4c(c3n2)n(C2CCN(C(=O)[C@H](C)O)CC2)c(=O)n4C)cn1,CHEMBL2331664,
PMXCMJLOPOFPBT-HNNXBMFYSA-N,CC(C)[C@H](CO)Nc1nc(Nc2cccc(Cl)c2)c2ncn(C(C)C)c2n1,CHEMBL23327,PURVALANOLA
MEWSBKJAUCDJSK-KRWDZBQOSA-N,Cc1c(-c2ccc(C[C@H](NC(=O)c3c(Cl)cccc3Cl)C(=O)O)cc2)c(=O)n(C)c(=O)n1C,CHEMBL2333168,
MJQMRGWYPNIERM-HNNXBMFYSA-N,C[C@@]1(c2cc(-c3cncnc3)c(F)cc2F)CCSC(N)=N1,CHEMBL2333941,LY-2811376
JUSFANSTBFGBAF-IRXDYDNUSA-N,CNC(=O)c1cccc(-c2ccc3c(N4CCOC[C@@H]4C)nc(N4CCOC[C@@H]4C)nc3n2)c1,CHEMBL2336325,VISTUSERTIB
QSYLKMKIVWJAAK-UHFFFAOYSA-N,Cc1cc(Nc2ccc(NC(=O)c3ccc(Nc4ccnc5ccccc45)cc3)cc2)nc(N)n1,CHEMBL2336409,
XLYVQVWMTOLDNL-ZROIWOOFSA-N,O=C1Nc2ccccc2/C1=C/c1c[nH]nc1-c1ccccc1[N+](=O)[O-],CHEMBL2347053,
VVZZZUNCWSTIOI-KRWDZBQOSA-N,C[C@@]1(c2cc(NC(=O)c3ccc(Cl)cn3)ccc2F)CCSC(N)=N1,CHEMBL2347211,
JODCQKTVDXZQEP-UHFFFAOYSA-N,Cc1cccc(Nc2ccccc2C(=O)O)c1,CHEMBL23479,
KQCZCINJGIRLCD-CYBMUJFWSA-N,COc1cc(Br)c(S(=O)(=O)Nc2ccc(Cl)c(O[C@@H]3CCN(C)C3)c2)cc1OC,CHEMBL2348501,
LOSWDIGGZMWFHV-CYBMUJFWSA-N,CC(C)C[C@H](CO)Nc1nc(SCc2ccccc2)nc2[nH]c(=O)sc12,CHEMBL2349321,
IVRXNBXKWIJUQB-UHFFFAOYSA-N,Cc1cccc(-c2nn3c(c2-c2ccnc4ccc(C(N)=O)cc24)CCC3)n1,CHEMBL2364611,GALUNISERTIB
LTXREWYXXSTFRX-QGZVFWFLSA-N,CC#CCn1c(N2CCC[C@@H](N)C2)nc2c1c(=O)n(Cc1nc(C)c3ccccc3n1)c(=O)n2C,CHEMBL237500,LINAGLIPTIN
KBVFRXIGQQRMEF-UHFFFAOYSA-N,c1ccc(NCc2ccc(CNc3ccccn3)cc2)nc1,CHEMBL237830,
KJPHTXTWFHVJIG-UHFFFAOYSA-N,CCN(Cc1cccnc1)C(=O)CN(c1ccc(OC)nc1)S(=O)(=O)c1ccccc1C,CHEMBL2385132,
GMIZZEXBPRLVIV-SECBINFHSA-N,Cn1cc(-c2cnn3c(N)c(Br)c([C@@H]4CCCNC4)nc23)cn1,CHEMBL2386889,SCH-900776
BAVKHKJJAGWXBX-UHFFFAOYSA-N,CN1CCC(NC(=O)c2ccc(Nc3ncc4c(n3)N(C3CCCC3)CC(F)(F)C(=O)N4C)cc2)CC1,CHEMBL2392548,
DJNZZLZKAXGMMC-UHFFFAOYSA-N,COc1cc(C(=O)NC2CCN(C)CC2)ccc1Nc1ncc2c(n1)N(C1CCCC1)CC(F)(F)C(=O)N2C,CHEMBL2392553,
STUWGJZDJHPWGZ-LBPRGKRZSA-N,Cc1nc(NC(=O)N2CCC[C@H]2C(N)=O)sc1-c1ccnc(C(C)(C)C(F)(F)F)c1,CHEMBL2396661,ALPELISIB
NIDRNVHMMDAAIK-YPMLDQLKSA-N,NC1=N[C@@]2(c3cc(NC(=O)c4ccc(F)cn4)ccc3F)COC[C@H]2CS1,CHEMBL2396989,LY-2886721
XXHHOTZUJIXPJX-UHFFFAOYSA-N,COc1cc(N2CCOCC2)ccc1Nc1ncc(F)c(Nc2ccccc2NS(C)(=O)=O)n1,CHEMBL2397014,
KBJZPNMDKSNLIZ-UHFFFAOYSA-N,NC(CC(=O)c1cccc([N+](=O)[O-])c1)C(=O)O,CHEMBL23983,
METKIMKYRPQLGS-UHFFFAOYSA-N,CC(C)NCC(O)COc1ccc(CC(N)=O)cc1,CHEMBL24,ATENOLOL
XLLVCULLOGKYOO-UHFFFAOYSA-N,COc1ccc(S(=O)(=O)Nc2ccc(NS(=O)(=O)c3ccc(OC)cc3)c3ccccc23)cc1,CHEMBL2402207,
DFJSJLGUIXFDJP-UHFFFAOYSA-N,CNC(=O)CN1CCC(Oc2cc3c(Nc4cccc(Cl)c4F)ncnc3cc2OC)CC1,CHEMBL2408045,SAPITINIB
MUSVYQMQNAIUDU-UHFFFAOYSA-N,O=c1c(O)ccccc1-c1ccccc1,CHEMBL2408237,
IEKSMUSSYJUQMY-UHFFFAOYSA-N,Cc1cc(NC(=O)Nc2ccc(F)c(F)c2)n(-c2ccccc2)n1,CHEMBL2409106,
KPACBFJTZSMBKD-OAQYLSRUSA-N,COc1ccc(-c2ccc(C(=O)N[C@H](CO)C(C)(C)C)cc2C(=O)O)c(C(=O)Nc2ccc(C(=N)N)cc2)n1,CHEMBL2417904,
QDZQDIUUJDAORK-UHFFFAOYSA-N,COc1ccc(-c2cc(=O)c3ccc4ccccc4c3o2)cc1OC,CHEMBL2420083,
HKQYGTCOTHHOMP-UHFFFAOYSA-N,COc1ccc(-c2coc3cc(O)ccc3c2=O)cc1,CHEMBL242341,FORMONONETIN
NXWXUDHOUKWAQU-MEMLXQNLSA-N,CS(=O)(=O)CCCOc1cccc2c1ccn2-c1ccnc(N[C@H]2CC[C@H](C(=O)N3CCC(O)CC3)CC2)n1,CHEMBL2425628,
PQOOIERVZAXHBP-UHFFFAOYSA-N,O=C(c1ccc(C(=O)N2CCC(N3CCCC3)CC2)c(Nc2ccccc2)c1)N1CCC(N2CCCC2)CC1,CHEMBL2426364,
FRKXOBMDEXCHHD-SFHVURJKSA-N,Cc1nc2ccc(Oc3ccc(F)cc3)cc2c(=O)n1C[C@H]1CCCN(C(C)C)C1,CHEMBL243001,
CUYNEHGBVHUQQW-UHFFFAOYSA-N,COc1cccc(OC)c1-c1cc(C(=O)NC2(C(=O)O)C3CC4CC(C3)CC2C4)nn1-c1ccc(C(=O)N(C)CCCN(C)C)cc1C(C)C.Cl,CHEMBL2431105,
STAFRSGTRKNXHF-UHFFFAOYSA-N,CC(C)NC(=O)c1ccc(C#Cc2ccncc2)cn1,CHEMBL2431212,
DANYIYRPLHHOCZ-UHFFFAOYSA-N,COc1ccc(-c2cc(=O)c3c(O)cc(O)cc3o2)cc1,CHEMBL243664,ACACETIN
NAGGAAHTUXEGFG-UHFFFAOYSA-N,CCc1cc2c(c(CC)n1)CCC(=O)N2Cc1ccc(-c2ccccc2-c2nnn[nH]2)cc1.Cl,CHEMBL2440454,
UOORQSPLBHUQDQ-UHFFFAOYSA-N,Nc1nc(N)c2nc(-c3cccc(O)c3)cnc2n1,CHEMBL244559,
NFFXEUUOMTXWCX-UHFFFAOYSA-N,COc1ccc(CC2SC(=O)NC2=O)cc1C(=O)NCc1ccc(C(F)(F)F)cc1,CHEMBL24458,
ATEFPOUAMCWAQS-UHFFFAOYSA-N,O=c1ccc2ccc(O)c(O)c2o1,CHEMBL244948,DAPHNETIN
IOUVKUPGCMBWBT-QNDFHXLGSA-N,O=C(CCc1ccc(O)cc1)c1c(O)cc(O)cc1O[C@@H]1O[C@H](CO)[C@@H](O)[C@H](O)[C@H]1O,CHEMBL245067,PHLORIZIN
DGMPVYSXXIOGJY-UHFFFAOYSA-N,CCCCc1ccc(C(=O)O)nc1,CHEMBL24510,FUSARIC ACID
NBHPRWLFLUBAIE-UHFFFAOYSA-N,O=C(NCCN1CCC(n2c(=O)[nH]c3cc(Cl)ccc32)CC1)c1ccc(F)cc1,CHEMBL245621,HALOPEMIDE
NHFIAAAMCYVRIW-UHFFFAOYSA-N,COc1ccc(C2CC(c3c(O)cc(C)oc3=O)=NCCS2)c(OC)c1,CHEMBL246957,
UHTHHESEBZOYNR-UHFFFAOYSA-N,COc1cc2/c(=N/c3ccc(Br)cc3F)nc[nH]c2cc1OCC1CCN(C)CC1,CHEMBL24828,VANDETANIB
WQBIOEFDDDEARX-CHWSQXEVSA-N,CN1C(=O)CC[C@@H]2c3ccc(Cl)cc3CC[C@H]21,CHEMBL24955,BEXLOSTERIDE
PSPFQEBFYXJZEV-UHFFFAOYSA-N,Cc1ccc2nc(NCCN)c3ncc(C)n3c2c1,CHEMBL249697,BMS-345541
ILNRQFBVVQUOLP-UHFFFAOYSA-N,O=C(O)Cn1c(C(=O)Nc2nc(-c3ccccc3Cl)cs2)cc2ccccc21,CHEMBL249973,LINTITRIPT
BSYNRYMUTXBXSQ-UHFFFAOYSA-N,CC(=O)Oc1ccccc1C(=O)O,CHEMBL25,ASPIRIN
VHKBTPQDHDSBSP-UHFFFAOYSA-N,COc1cc(NC(=O)c2ccc(-c3ccc(Cl)cc3)o2)cc(OC)c1,CHEMBL250699,
MUTNCGKQJGXKEM-UHFFFAOYSA-N,CC1(C)CCC(C)(C)c2cc(NC(=O)c3ccc(C(=O)O)cc3)ccc21,CHEMBL25202,TAMIBAROTENE
JXPCDMPJCKNLBY-UHFFFAOYSA-N,CCNC(=O)c1noc(-c2cc(Cl)c(O)cc2O)c1-c1ccc(OC)cc1,CHEMBL252124,
UHFICAKXFHFOCN-UHFFFAOYSA-N,CC1(C)CCC(C)(C)c2cc(-c3ccc4cc(C(=O)O)ccc4c3)ccc21,CHEMBL25361,
QASFUMOKHFSJGL-LAFRSMQTSA-N,CC1=C2C[C@H]3[C@@H](CC=C4C[C@@H](O)CC[C@@]43C)[C@@H]2CC[C@]12O[C@@H]1C[C@H](C)CN[C@H]1[C@H]2C,CHEMBL254129,CYCLOPAMINE
WDJUZGPOPHTGOT-XUDUSOBPSA-N,C[C@H]1O[C@@H](O[C@H]2[C@@H](O)C[C@H](O[C@H]3[C@@H](O)C[C@H](O[C@H]4CC[C@@]5(C)[C@H](CC[C@@H]6[C@@H]5CC[C@]5(C)[C@@H](C7=CC(=O)OC7)CC[C@]65O)C4)O[C@@H]3C)O[C@@H]2C)C[C@H](O)[C@@H]1O,CHEMBL254219,DIGITOXIN
LOBCDGHHHHGHFA-LBPRGKRZSA-N,CCOC(=O)C1=C(C)NC(=S)N[C@H]1c1cccc(O)c1,CHEMBL254432,S-MENASTROL
JFRYYGVYCWYIDQ-UHFFFAOYSA-N,O=C(Nc1ccc(C(F)(F)F)cn1)N1CCN(c2ncccc2C(F)(F)F)CC1,CHEMBL254778,
GYSZUJHYXCZAKI-UHFFFAOYSA-N,COc1cccc(OC)c1OCCNCC1COc2ccccc2O1,CHEMBL25554,
PUHSRMSFDASMAE-UHFFFAOYSA-N,COc1ccc(CC(=O)NC(N/C(=N/C#N)Nc2cccc3ncccc23)C(C)(C)C)cc1OC,CHEMBL255787,
HHZIURLSWUIHRB-UHFFFAOYSA-N,Cc1cn(-c2cc(NC(=O)c3ccc(C)c(Nc4nccc(-c5cccnc5)n4)c3)cc(C(F)(F)F)c2)cn1,CHEMBL255863,NILOTINIB
NIOOKXAMJQVDGB-UHFFFAOYSA-N,Nc1ccccc1S(=O)(=O)Nc1cccc2cccnc12,CHEMBL256062,
RCEFMOGVOYEGJN-UHFFFAOYSA-N,O=C1NC(c2cccc([N+](=O)[O-])c2)=CCN1c1ccccc1O,CHEMBL258405,ICILLIN
LCFVJGUPQDGYKZ-UHFFFAOYSA-N,CC(C)(c1ccc(OCC2CO2)cc1)c1ccc(OCC2CO2)cc1,CHEMBL258558,
QNUKRWAIZMBVCU-WCIBSUBMSA-N,COc1ccc2c(c1)/C(=C/c1cnc[nH]1)C(=O)N2,CHEMBL258805,SU-9516
HHFBDROWDBDFBR-UHFFFAOYSA-N,O=C(O)c1ccc(Nc2ncc3c(n2)-c2ccc(Cl)cc2C(c2c(F)cccc2F)=NC3)cc1,CHEMBL259084,MLN-8054
DWHVZCLBMTZRQM-UHFFFAOYSA-N,Nc1n[nH]c2nc3ccccc3nc12,CHEMBL259389,QUINOXALINE1
BGRJTUBHPOOWDU-UHFFFAOYSA-N,CCN1CCCC1CNC(=O)c1cc(S(N)(=O)=O)ccc1OC,CHEMBL26,SULPIRIDE
DBWQRFKXNBVPGA-UHFFFAOYSA-N,CCCn1c(=O)c2[nH]c(-c3cc(OCC(=O)Nc4ccc5c(c4)OCO5)nn3C)nc2n(CCC)c1=O,CHEMBL260331,
QKDDJDBFONZGBW-UHFFFAOYSA-N,S=C(NC1CCCCC1)N1CCC(c2cnc[nH]2)CC1,CHEMBL260374,THIOPERAMIDE
JLOXTZFYJNCPIS-FYWRMAATSA-N,N#C/C(=C(/N)Sc1ccc(N)cc1)c1ccccc1C(F)(F)F,CHEMBL261237,
WBWFIUAVMCNYPG-BQYQJAHWSA-N,Cn1c(=O)c2c(nc(/C=C/c3cccc(Cl)c3)n2C)n(C)c1=O,CHEMBL26138,
UMGQVUWXNOJOSJ-DGGAMASNSA-N,C[C@H](NC(=O)/C(C#N)=C/c1ccc(O)c(O)c1)c1ccccc1,CHEMBL261557,
MYQAUKPBNJWPIE-UHFFFAOYSA-N,COc1ccc(COc2ccc(Cc3cnc(N)nc3N)cc2OC)cc1,CHEMBL261849,GW632580X
LXANPKRCLVQAOG-NSHDSACASA-N,O=C1NC(=O)[C@@]2(CCOc3ccc(F)cc32)N1,CHEMBL266497,SORBINIL
ULYONBAOIMCNEH-HNNXBMFYSA-N,COc1ccc(Cl)cc1[C@]1(F)C(=O)Nc2cc(C(F)(F)F)ccc21,CHEMBL266510,FLINDOKALNER
OGJGQVFWEPNYSB-UHFFFAOYSA-N,Clc1ccc(N2CCN(Cc3c[nH]c4ncccc34)CC2)cc1,CHEMBL267014,L-745870
PRQROPMIIGLWRP-BZSNNMDCSA-N,CSCC[C@H](NC=O)C(=O)N[C@@H](CC(C)C)C(=O)N[C@@H](Cc1ccccc1)C(=O)O,CHEMBL267179,N-FORMYLMETHIONYL-LEUCYLPHENYLALANINE
DKGZKTPJOSAWFA-UHFFFAOYSA-N,O=C(CCCN1CCC2(CC1)C(=O)NCN2c1ccccc1)c1ccc(F)cc1,CHEMBL267930,SPIPERONE
KAJXOWFGKYKMMZ-UHFFFAOYSA-N,O=C1NC(=O)c2c1c1c3ccccc3[nH]c1c1[nH]c3ccccc3c21,CHEMBL268368,STAUROSPORINE AGLYCON
QJJXYPPXXYFBGM-LFZNUXCKSA-N,C=CC[C@@H]1/C=C(\C)C[C@H](C)C[C@H](OC)[C@H]2O[C@@](O)(C(=O)C(=O)N3CCCC[C@H]3C(=O)O[C@H](/C(C)=C/[C@@H]3CC[C@@H](O)[C@H](OC)C3)[C@H](C)[C@@H](O)CC1=O)[C@H](C)C[C@@H]2OC,CHEMBL269732,TACROLIMUS ANHYDROUS
AFNHHLILYQEHKK-BDAKNGLRSA-N,O=c1[nH]cnc2c(CN3C[C@H](CO)[C@@H](O)C3)c[nH]c12,CHEMBL269864,ULODESINE
XFMPGBXLGWZMQP-UHFFFAOYSA-N,CC1NC(N)=Nc2cccc(Cl)c21,CHEMBL270177,
QGXBDMJGAMFCBF-LUJOEAJASA-N,C[C@]12CC[C@H](O)C[C@@H]1CC[C@@H]1[C@@H]2CC[C@]2(C)C(=O)CC[C@@H]12,CHEMBL272195,EPIANDROSTERONE
HRNLUBSXIHFDHP-UHFFFAOYSA-N,Nc1ccccc1NC(=O)c1ccc(CNc2nccc(-c3cccnc3)n2)cc1,CHEMBL272980,MOCETINOSTAT
FIQGIOAELHTLHM-UHFFFAOYSA-N,CCCn1c(=O)c2[nH]c(-c3ccc(OCC(=O)NCCN)cc3)nc2n(CCC)c1=O,CHEMBL273094,XANTHINE AMINE CONGENER
ILLGYRJAYAAAEW-QMMMGPOBSA-N,Cc1cc([C@@H]2CCCN2C)on1,CHEMBL274525,ABT-418
JHBIMJKLBUMNAU-UHFFFAOYSA-N,CS(=O)(=O)c1ccc(-n2nc(C(F)(F)F)cc2-c2ccc(F)cc2)cc1,CHEMBL274990,SC-58125
LFBZZHVSGAHQPP-UHFFFAOYSA-N,CC1=NN=C(c2ccc(N)cc2)c2cc3c(cc2C1)OCO3,CHEMBL275006,GYKI-52466
VLSMHEGGTFMBBZ-OOZYFLPDSA-N,C=C(C)[C@H]1CN[C@H](C(=O)O)[C@H]1CC(=O)O,CHEMBL275040,KAINIC ACID
YASVRZWVUGJELU-MDASVERJSA-N,N[C@@]1(C(=O)O)CO[C@H]2[C@H](C(=O)O)[C@H]21,CHEMBL275079,LY-379268
GIXWDMTZECRIJT-UHFFFAOYSA-N,O=C(O)C1=CC(=C(c2ccc(O)c(C(=O)O)c2)c2ccc(O)c(C(=O)O)c2)C=CC1=O,CHEMBL275938,AURINTRICARBOXYLIC ACID
OQZOXHCRSXYSPM-UHFFFAOYSA-N,CSc1cc2c(cc1C(F)(F)F)N(C(=O)Nc1cccnc1)CC2,CHEMBL276140,
UAHGNXFYLAJDIN-IZZDOVSWSA-N,O=C(/C=C/c1ccccc1)c1ccc(O)cc1,CHEMBL276473,4'-HYDROXYCHALCONE
WUWDLXZGHZSWQZ-WQLSENKSSA-N,Cc1cc(C)c(/C=C2\C(=O)Nc3ccccc32)[nH]1,CHEMBL276711,SEMAXANIB
WZBWBNCQUTXYEL-UHFFFAOYSA-N,FC(F)(F)c1ccccc1-n1ccnc1,CHEMBL277525,
INVTYAOGFAGBOE-UHFFFAOYSA-N,Nc1ccccc1NC(=O)c1ccc(CNC(=O)OCc2cccnc2)cc1,CHEMBL27759,ENTINOSTAT
BQJRUJTZSGYBEZ-YVQNUNKESA-N,CCCC(=O)O[C@@H]1[C@@H](C)[C@@]2(O)[C@@H](C=C(CO)C[C@]3(O)C(=O)C(C)=C[C@@H]23)[C@@H]2C(C)(C)[C@]12OC(=O)CCC,CHEMBL27768,
QHKYPYXTTXKZST-UHFFFAOYSA-N,Oc1ccc(-c2nc(-c3ccc(F)cc3)c(-c3ccncc3)[nH]2)cc1,CHEMBL278041,SB-202190
DFDGRKNOFOJBAJ-UHFFFAOYSA-N,CC1(c2ccccc2)OC(C(=O)O)=CC1=O,CHEMBL278488,ACIFRAN
DRZDMSPFGPTPER-UHFFFAOYSA-N,Nc1ccc(N2C(=O)c3ccccc3C2=O)c(Cl)c1,CHEMBL278755,
PHEDXBVPIONUQT-RGYGYFBISA-N,CCCCCCCCCCCCCC(=O)O[C@@H]1[C@@H](C)[C@@]2(O)[C@@H](C=C(CO)C[C@]3(O)C(=O)C(C)=C[C@@H]23)[C@@H]2C(C)(C)[C@]12OC(C)=O,CHEMBL279115,PHORBOL MYRISTATE ACETATE
XFILPEOLDIKJHX-QYZOEREBSA-N,CNC(=O)[C@H](Cc1ccccc1)NC(=O)[C@H](CC(C)C)[C@H](CSc1cccs1)C(=O)NO,CHEMBL279786,BATIMASTAT
ASNFTDCKZKHJSW-REOHCLBHSA-N,N[C@@H](Cn1oc(=O)[nH]c1=O)C(=O)O,CHEMBL279956,QUISQUALATE
KOZFSFOOLUUIGY-SOLYNIJKSA-N,COC(=O)[C@@]1(O)C[C@H]2O[C@]1(C)n1c3ccccc3c3c4c(c5c6ccccc6n2c5c31)C(=O)NC4,CHEMBL281948,K-252A
OPNUROKCUBTKLF-UHFFFAOYSA-N,Cc1ccccc1NC(=N)Nc1ccccc1C,CHEMBL282433,DITOLYLGUANIDINE
CXGTZJYQWSUFET-IBGZPJMESA-N,CCO[C@@H](Cc1ccc(OCCc2ccc(OS(C)(=O)=O)cc2)cc1)C(=O)O,CHEMBL282686,TESAGLITAZAR
VFMMPHCGEFXGIP-UHFFFAOYSA-N,O=c1cc(-c2ccccc2)oc2c1ccc1ccccc12,CHEMBL283196,ALPHA-NAPHTHOFLAVONE
RJVLFQBBRSMWHX-DHUJRADRSA-N,CN([C@@H](Cc1ccc(OS(=O)(=O)c2cccc3cnccc23)cc1)C(=O)N1CCN(c2ccccc2)CC1)S(=O)(=O)c1cccc2cnccc12,CHEMBL28324,
BZMKNPGKXJAIDV-VAWYXSNFSA-N,CCC(CC)(CC(=O)Nc1cccc(/C=C/c2nc(C3CCC3)cs2)c1)C(=O)O,CHEMBL283754,CINALUKAST
CWVRJTMFETXNAD-JUHZACGLSA-N,O=C(/C=C/c1ccc(O)c(O)c1)O[C@@H]1C[C@](O)(C(=O)O)C[C@@H](O)[C@H]1O,CHEMBL284616,CHLOROGENIC ACID
JDSJDASOXWCHPN-UHFFFAOYSA-N,Cn1sc(=O)n(Cc2ccccc2)c1=O,CHEMBL284861,
GGUSQTSTQSHJAH-UHFFFAOYSA-N,OC(CN1CCC(Cc2ccc(F)cc2)CC1)c1ccc(Cl)cc1,CHEMBL28564,ELIPRODIL
DDOQBQRIEWHWBT-UHFFFAOYSA-N,NC(CCP(=O)(O)O)C(=O)O,CHEMBL285843,
RVFIAQAAZUEPPE-UHFFFAOYSA-N,COc1cc(N)c(Cl)cc1C(=O)OCCN1CCCCC1,CHEMBL286136,
PUMYFTJOWAJIKF-UHFFFAOYSA-N,CN1C(=O)CN=C(c2ccc(Cl)cc2)c2cc(Cl)ccc21,CHEMBL286346,RO-54864
RAMROQQYRRQPDL-HNNXBMFYSA-N,CC(C)[C@H](CO)Nc1nc(Nc2cc(N)cc(Cl)c2)c2ncn(C(C)C)c2n1,CHEMBL286721,AMINOPURVALANOL
WFPUBEDBBOGGIQ-UHFFFAOYSA-N,Clc1ccc2c(c1Cl)CNCC2,CHEMBL287837,
SLXTWXQUEZSSTJ-UHFFFAOYSA-N,Cc1cc2c(cc1C1(c3ccc(C(=O)O)cn3)CC1)C(C)(C)CCC2(C)C,CHEMBL288436,
UBPYILGKFZZVDX-UHFFFAOYSA-N,COc1cc(Nc2c(C#N)cnc3cc(OCCCN4CCN(C)CC4)c(OC)cc23)c(Cl)cc1Cl,CHEMBL288441,BOSUTINIB
PLHJCIYEEKOWNM-HHHXNRCGSA-N,Cn1cncc1[C@@](N)(c1ccc(Cl)cc1)c1ccc2c(c1)c(-c1cccc(Cl)c1)cc(=O)n2C,CHEMBL289228,TIPIFARNIB
BFYOJKDRJIERJF-UHFFFAOYSA-N,NC(CCc1ccccc1)[PH](=O)O,CHEMBL289824,
HFPLHASLIOXVGS-UHFFFAOYSA-N,Cc1ccc(NC2=CC(=O)c3sc(C)nc3C2=O)cc1,CHEMBL290904,
QAOAOVKBIIKRNL-UHFFFAOYSA-N,CC(C)c1ccc2c(c1)c(SC(C)(C)C)c(CC(C)(C)C(=O)O)n2Cc1ccc(Cl)cc1,CHEMBL29097,
AKMNUCBQGHFICM-UHFFFAOYSA-N,Cc1nc2ccc(NC(=O)Nc3ccnc4cccnc34)cc2o1,CHEMBL291536,
LSPANGZZENHZNJ-UHFFFAOYSA-N,COc1cc2ncnc(Nc3cccc(Br)c3)c2cc1OC,CHEMBL29197,
VGGGPCQERPFHOB-RDBSUJKOSA-N,CC(C)C[C@H](NC(=O)[C@@H](O)[C@H](N)Cc1ccccc1)C(=O)O,CHEMBL29292,UBENIMEX
OPAHEYNNJWPQPX-RCDICMHDSA-N,C[C@@H](c1nc(-c2ccc(C#N)cc2)cs1)[C@](O)(Cn1cncn1)c1ccc(F)cc1F,CHEMBL294029,RAVUCONAZOLE
JARNORYOPMINDY-UHFFFAOYSA-N,COc1ccccc1N1CCN(CCCCNC(=O)c2ccc(-c3ccc(C(C)=O)cc3)cc2)CC1,CHEMBL294747,
LCAWNFIFMLXZPQ-UHFFFAOYSA-N,O=c1cc(-c2ccc(O)cc2)oc2cc(O)ccc12,CHEMBL294878,
GDHNBPHYVRHYCC-SNAWJCMRSA-N,COc1ccc(/C=C/c2cc(OC)cc(OC)c2)cc1,CHEMBL296411,TRISMETHOXYRESVERATROL
IOSAAWHGJUZBOG-WDEREUQCSA-N,CCCCCC[C@H]([C@H](C)O)n1cnc2c(N)ncnc21,CHEMBL296435,(+)-EHNA
OUSFTKFNBAZUKL-UHFFFAOYSA-N,CC(C)(C)c1cnc(CSc2cnc(NC(=O)C3CCNCC3)s2)o1,CHEMBL296468,BMS-387032
KSNUCNRMDYJBKT-UHFFFAOYSA-N,CC(=O)NCCCOc1ccc(C(=O)N2CCC(N3C(=O)CCc4ccccc43)CC2)cc1,CHEMBL296908,
DHMTURDWPRKSOA-RUZDIDTESA-N,NC(=O)N1CCC(CC(=O)N2CCC([C@H]3c4ncc(Br)cc4CCc4cc(Cl)cc(Br)c43)CC2)CC1,CHEMBL298734,LONAFARNIB
VBHKTXLEJZIDJF-UHFFFAOYSA-N,O=C1c2ccc(O)c(O)c2C(=O)c2c(O)ccc(O)c21,CHEMBL29898,QUINALIZARIN
NHJSWORVNIOXIT-UHFFFAOYSA-N,COc1cc(OC)cc(-c2cc3cnc(N)nc3nc2NC(=O)NC(C)(C)C)c1,CHEMBL299763,
SNICXCGAKADSCV-JTQLQIEISA-N,CN1CCC[C@H]1c1cccnc1,CHEMBL3,NICOTINE
IYNDTACKOAXKBJ-UHFFFAOYSA-N,OCCCNc1cc(-c2ccnc(Nc3cccc(Cl)c3)n2)ccn1,CHEMBL300389,
JVGBTTIJPBFLTE-UHFFFAOYSA-N,O=C1NCN(c2ccccc2)C12CCN(CC1COc3ccccc3O1)CC2,CHEMBL300555,SPIROXATRINE
AQASGOHUMGAWJJ-UHFFFAOYSA-N,COc1ccccc1N1CCN(CCn2c(=O)[nH]c3c([nH]c4ccccc43)c2=O)CC1,CHEMBL301707,
FMYKJLXRRQTBOR-BZSNNMDCSA-N,CCCC[C@@H](C=O)NC(=O)[C@H](CC(C)C)NC(=O)[C@H](CC(C)C)NC(C)=O,CHEMBL304784,
UYNVMODNBIQBMV-UHFFFAOYSA-N,CC(C(O)c1ccc(O)cc1)N1CCC(Cc2ccccc2)CC1,CHEMBL305187,IFENPRODIL
WVMANZPBOBRWCB-UHFFFAOYSA-N,CCCCc1c(-c2ccc(OC)cc2)[nH]c2nccnc12,CHEMBL306498,ALOISINE
ZZIALNLLNHEQPJ-UHFFFAOYSA-N,O=c1oc2cc(O)ccc2c2oc3cc(O)ccc3c12,CHEMBL30707,COUMESTROL
NBLBCGUCPBXKOV-UHFFFAOYSA-N,COCc1nc2c([nH]1)c(=O)n(C)c(=O)n2CC(C)C,CHEMBL307639,
PGKXDIMONUAMFR-AREMUKBSSA-N,CC(=O)NC1(c2ccccc2)CCN(CC[C@H](CN(C)C(=O)c2ccccc2)c2ccc(Cl)c(Cl)c2)CC1,CHEMBL308148,SAREDUTANT
XJLATMLVMSFZBN-VYDXJSESSA-N,CCCCC[C@H](CC(=O)NO)C(=O)N[C@H](C(=O)N1CCC[C@H]1CO)C(C)C,CHEMBL308333,ACTINONIN
HTOYBIILVCHURC-UHFFFAOYSA-N,CCOC(=O)NCCCC(=O)NCCc1ccccc1,CHEMBL3086767,
CLSNATLUIXZPMV-UHFFFAOYSA-N,O=C(N1CCC(C(c2ccc3c(c2)OCO3)c2ccc3c(c2)OCO3)CC1)n1cncn1,CHEMBL3087181,
IQCKJUKAQJINMK-HUBRGWSESA-N,CC(C)N(CCCNC(=O)Nc1ccc(C(C)(C)C)cc1)C[C@H]1O[C@@H](n2cc(Br)c3c(N)ncnc32)[C@H](O)[C@@H]1O,CHEMBL3087498,
DDKHTWASHUKHLD-UHFFFAOYSA-N,Nc1n[nH]c2nc(-c3ccc(NS(=O)(=O)c4cc(Cl)ccc4F)cc3)cnc12,CHEMBL3092468,
QIHBWVVVRYYYRO-ZDUSSCGKSA-N,C[C@H](NC(=O)CCc1nc2ccccc2c(=O)[nH]1)c1ccccc1,CHEMBL3092537,
NBGRERFNOKZQLO-AWEZNQCLSA-N,O=C(O)c1cc(C(F)(F)F)ccc1N1CC[C@H](OCc2ccccn2)C1,CHEMBL3093392,
HUHILCONUOLGIC-UHFFFAOYSA-N,O=S(=O)(Cc1ccccc1)N(CC(F)(F)F)c1ccc(C(O)(C(F)(F)F)C(F)(F)F)cc1,CHEMBL3094372,
FSJACRPWMBPHIT-CXUHLZMHSA-N,O=C(N/N=C/c1ccccc1O)c1ccc(Br)cc1,CHEMBL3104348,
NWVOYLYQWIHTSN-RTBURBONSA-N,COCCOc1ncc(C(=O)N[C@@H]2CCCC[C@H]2O)cc1-c1ccc(Cl)cc1,CHEMBL3109772,
JDVVGAQPNNXQDW-TVNFTVLESA-N,O[C@H]1[C@H](O)[C@@H](O)CN2CC[C@H](O)[C@H]12,CHEMBL311226,CASTANOSPERMINE
FXHHASJVTYRJHH-UHFFFAOYSA-N,O=C(O)c1cnn(-c2nc3cc(OC(F)(F)F)c(Cl)cc3[nH]2)c1,CHEMBL3115312,
CLPFFLWZZBQMAO-AWEZNQCLSA-N,N#Cc1ccc([C@@H]2CCCc3cncn32)cc1,CHEMBL31215,S-FADROZOLE
ZPPUMAMZIMPJGP-UHFFFAOYSA-N,CNc1nc(Nc2cn(C(C)(C)C#N)nc2C)ncc1C(F)(F)F,CHEMBL3122113,DNL-201
OJFKUJDRGJSAQB-UHFFFAOYSA-N,N#Cc1c(Oc2ccc(F)c(NC(=O)Cc3cccc(C(F)(F)F)c3)c2)ccc2nc(NC(=O)C3CC3)sc12,CHEMBL3125890,
AYCPARAPKDAOEN-LJQANCHMSA-N,Cc1nc(Nc2n[nH]c3c2CN(C(=O)N[C@H](CN(C)C)c2ccccc2)C3(C)C)c2sccc2n1,CHEMBL3128043,PF-03758309
XMGYGDOAQMLZAW-UHFFFAOYSA-N,O=C1C(=O)N(CCc2ccccc2)c2ccc(Br)cc21,CHEMBL3128207,
NPUXORBZRBIOMQ-RUZDIDTESA-N,Cc1cc(CS(=O)(=O)c2ccccc2)cc(OCc2ccc(CN3CCC[C@@H]3CO)cc2)c1,CHEMBL3134157,
HSGYYWSMLDCHQO-UHFFFAOYSA-N,CC(C)Cn1c(=O)n(C)c(=O)c2cn(Cc3cccc4ccccc34)cc21,CHEMBL315970,
FLVRDMUHUXVRET-UHFFFAOYSA-N,O=c1[nH]c2cc(Cl)ccc2c(O)c1-c1cccc(Oc2ccccc2)c1,CHEMBL31741,
BYTNEISLBIENSA-MDZDMXLPSA-N,CC(C)c1onc(-c2c(Cl)cccc2Cl)c1COc1ccc(/C=C/c2cccc(C(=O)O)c2)c(Cl)c1,CHEMBL318457,
YQOMHBIWKFONOC-WLRTZDKTSA-N,NC(=S)N/N=C/c1coc2ccccc2c1=O,CHEMBL3191466,
BHZFZYLBVSWUMT-ZCFIWIBFSA-N,C[C@@H]1C(=O)NC2=Nc3cccc(Cl)c3CN21,CHEMBL320341,QUAZINONE
GDVRVPIXWXOKQO-UHFFFAOYSA-N,O=C(NCc1cccc(O)c1)Nc1nc(-c2ccncc2)cs1,CHEMBL3218011,
GSHQRYRMPNCEPF-UHFFFAOYSA-N,Cc1cc(C)c2nc(NC(=O)c3sccc3C)sc2c1,CHEMBL3218919,
MCAJNOMQZFSKQR-QHCPKHFHSA-N,O=C(O)[C@@H]1CCS(=O)(=O)N1Cc1cccc(COc2ccc(-c3cc(F)c(F)cc3F)cc2)c1,CHEMBL3219430,
IYAYHZZWYNXHEQ-UHFFFAOYSA-N,O=C(Nc1cccc(Br)c1)c1cccc(S(=O)(=O)N2CCCCCC2)c1,CHEMBL3222141,
PQCXVIPXISBFPN-UHFFFAOYSA-N,O=C1NC(=O)C(c2ccccc2[N+](=O)[O-])=C1Nc1ccc(O)c(Cl)c1,CHEMBL322970,
WKRLQDKEXYKHJB-HFTRVMKXSA-N,C[C@]12CC[C@H]3C(=CCc4cc(O)ccc43)[C@@H]1CCC2=O,CHEMBL323533,EQUILIN
QCOQJYRPDUMCNP-UHFFFAOYSA-N,CC(C)(NS(=O)(=O)c1ccc(Oc2ccc(F)cc2)cc1)C(=O)NO,CHEMBL323612,
ODXQFEWQSHNQNI-UHFFFAOYSA-N,O=C(O)C(=O)c1cn(Cc2ccccc2)c2ccc(-c3ccc(OC(F)(F)F)cc3)cc12,CHEMBL325441,TIPLASININ
DXEATJQGQHDURZ-DEDYPNTBSA-N,CC(C)(C)c1cc(C(=O)/C(C#N)=N/Nc2cccc(Cl)c2)no1,CHEMBL3260990,
BAVSGDZAGDONMG-QGZVFWFLSA-N,C[C@]1(c2cc(NC(=O)c3ccc(Cl)cn3)ccc2F)N=C(N)COCC1(F)F,CHEMBL3261062,
BPTCJGVNSUEYAM-UHFFFAOYSA-N,O=C(COc1ccc2ccccc2c1)N1CCN(C(=O)Cc2ccccc2)CC1,CHEMBL3262876,
GGQCIOOSELPMBB-UHFFFAOYSA-N,COc1ccccc1-c1cc(Nc2cccc(CS(N)(=O)=O)c2)ncn1,CHEMBL3263773,
XSMSNFMDVXXHGJ-UHFFFAOYSA-N,c1cn2cc(-c3ccc4cn[nH]c4c3)nc(Nc3ccc(N4CCOCC4)cc3)c2n1,CHEMBL3265032,ENTOSPLETINIB
KSEBMYQBYZTDHS-HWKANZROSA-N,COc1cc(/C=C/C(=O)O)ccc1O,CHEMBL32749,FERULATE
NGGMYCMLYOUNGM-CSDLUJIJSA-N,CO[C@@H]1[C@H](OC(=O)/C=C/C=C/C=C/C=C/C(=O)O)CC[C@]2(CO2)[C@H]1[C@@]1(C)O[C@@H]1CC=C(C)C,CHEMBL32838,FUMAGILLIN
BXYDVWIAGDJBEC-UHFFFAOYSA-N,CN(C)CCNC(=O)c1cccn2c(=O)c3cc4ccccc4cc3nc12,CHEMBL3289398,
YNXYTOJEFCKHEM-UHFFFAOYSA-N,COCCNC(=O)c1cccc(-c2cccc3cc(Cc4cc(F)cc(Cl)c4)sc23)c1,CHEMBL3298233,
HSRFCCJTFOZWIG-UHFFFAOYSA-N,O=C(NCCO)c1cccc(-c2cccc3cc(Cc4cccc(C(F)(F)F)c4)sc23)c1,CHEMBL3299122,
JUSKTBCBJMYXCI-UHFFFAOYSA-N,Cc1ccc(Cn2c(=N)n(CC(=O)c3cc(C(C)(C)C)c(O)c(C(C)(C)C)c3)c3ccccc32)cc1,CHEMBL330204,
OZCQEUZTOAAWDK-UHFFFAOYSA-N,Cc1ccc(S(=O)(=O)NC2c3ccccc3Oc3ccccc32)cc1,CHEMBL3311302,
FQUAFMNPXPXOJE-UHFFFAOYSA-N,COc1ccc(S(=O)(=O)Nc2c(C)cc(C)cc2C)cc1,CHEMBL3311308,
NVUGEQAEQJTCIX-UHFFFAOYSA-N,CC(=O)NCCc1c[nH]c2ccccc12,CHEMBL33171,NB-ACETYLTRYPTAMINE
KUWBXRGRMQZCSS-HSZRJFAPSA-N,NC(N)=NCCC[C@@H](NC(=O)C(c1ccccc1)c1ccccc1)C(=O)NCc1ccc(O)cc1,CHEMBL332347,
CEHQLKSLMFIHBF-UHFFFAOYSA-N,Clc1cccc(Nc2nnc(-c3ccccc3)c3ccccc23)c1,CHEMBL332898,
HJSSPYJVWLTYHG-UHFFFAOYSA-N,COc1cc(Nc2nc3ccccc3nc2NS(=O)(=O)c2ccc(NC(=O)c3ccc(C)c(OC)c3)cc2)cc(OC)c1,CHEMBL3349370,
CBMYJHIOYJEBSB-KHOSGYARSA-N,C[C@]12CC[C@@H](O)C[C@@H]1CC[C@@H]1[C@@H]2CC[C@]2(C)[C@@H](O)CC[C@@H]12,CHEMBL335062,ANDROSTANDIOL
BMKPVDQDJQWBPD-UHFFFAOYSA-N,O=C1C(Cl)=C(NCCN2CCOCC2)C(=O)c2ncccc21,CHEMBL337173,
YRCWQPVGYLYSOX-UHFFFAOYSA-N,CNCC(O)c1ccc(O)cc1,CHEMBL33720,OXEDRINE
AGBQKNBQESQNJD-UHFFFAOYSA-N,O=C(O)CCCCC1CCSS1,CHEMBL33864,"LIPOIC ACID, ALPHA"
MOZPSIXKYJUTKI-UHFFFAOYSA-N,Cn1cc(C(=O)OCC2CCN(CCNS(C)(=O)=O)CC2)c2ccccc21,CHEMBL33884,
JUJPKFNFCWJBCX-UHFFFAOYSA-N,Nc1nc(OCc2cc(Br)cs2)c2[nH]cnc2n1,CHEMBL339133,LOMEGUATRIB
BOWCRFQTJJGHST-UHFFFAOYSA-N,Cc1nc(Nc2ncc(C)s2)cc(C2CCCN(C(=O)c3ccccc3)C2)n1,CHEMBL3393308,
RERZNCLIYCABFS-UHFFFAOYSA-N,COc1ccc2c3c([nH]c2c1)C(C)=NCC3,CHEMBL340807,HARMALINE
LBFYQISQYCGDDW-UHFFFAOYSA-N,Cn1cc(-c2ccc(-c3cncc(Cl)c3N3CCC4(CCNC4=O)CC3)cc2)cn1,CHEMBL3408213,
GOHCTCOGYKAJLZ-UHFFFAOYSA-N,Cc1nc(C#Cc2ccnc(Cl)c2)c(C)n1-c1ccc(OC(F)(F)F)cc1,CHEMBL3410223,
PNFMZAHWOASGJC-UHFFFAOYSA-N,CCN(CC)C(=O)Cc1csc(NS(=O)(=O)c2cccc(Cl)c2C)n1,CHEMBL341324,
NSQSAUGJQHDYNO-UHFFFAOYSA-N,CCN(c1cc(-c2ccc(CN3CCOCC3)cc2)cc(C(=O)NCc2c(C)cc(C)[nH]c2=O)c1C)C1CCOCC1,CHEMBL3414621,TAZEMETOSTAT
LXFOLMYKSYSZQS-LURJZOHASA-N,CC(C)N(C[C@H]1O[C@@H](n2cnc3c(N)ncnc32)[C@H](O)[C@@H]1O)[C@H]1C[C@@H](CCc2nc3cc(C(C)(C)C)ccc3[nH]2)C1,CHEMBL3414626,PINOMETOSTAT
FBOZXECLQNJBKD-ZDUSSCGKSA-N,CN(Cc1cnc2nc(N)nc(N)c2n1)c1ccc(C(=O)N[C@@H](CCC(=O)O)C(=O)O)cc1,CHEMBL34259,METHOTREXATE
METKIMKYRPQLGS-LBPRGKRZSA-N,CC(C)NC[C@H](O)COc1ccc(CC(N)=O)cc1,CHEMBL343633,ESATENOLOL
ZUQBAQVRAURMCL-DOMZBBRYSA-N,Nc1nc2c(c(=O)[nH]1)C[C@@H](CCc1ccc(C(=O)N[C@@H](CCC(=O)O)C(=O)O)cc1)CN2,CHEMBL34412,LOMETREXOL
UIAYVIIHMORPSJ-UHFFFAOYSA-N,CN(C(=O)CCCOc1ccc2[nH]c(=O)ccc2c1)C1CCCCC1,CHEMBL34431,CILOSTAMIDE
DZOJBGLFWINFBF-UMSFTDKQSA-N,CC(=O)N(C)C1(c2ccccc2)CCN(CCC[C@]2(c3ccc(Cl)c(Cl)c3)CCCN(C(=O)c3ccccc3)C2)CC1,CHEMBL346178,OSANETANT
LGGHDPFKSSRQNS-UHFFFAOYSA-N,COc1cc2c(cc1OC)CN(CCc1ccc(NC(=O)c3cc(OC)c(OC)cc3NC(=O)c3cnc4ccccc4c3)cc1)CC2,CHEMBL348475,TARIQUIDAR
ZZUFCTLCJUWOSV-UHFFFAOYSA-N,NS(=O)(=O)c1cc(C(=O)O)c(NCc2ccco2)cc1Cl,CHEMBL35,FUROSEMIDE
LDCYZAJDBXYCGN-VIFPVBQESA-N,N[C@@H](Cc1c[nH]c2ccc(O)cc12)C(=O)O,CHEMBL350221,OXITRIPTAN
HHBOWXZOLYQFNY-UHFFFAOYSA-N,CCCOc1ccc(Br)cc1-c1cc(-c2ccc(Cl)cc2)[nH]c1-c1ccncc1,CHEMBL351772,
VQCDZFWRGXFUMS-UHFFFAOYSA-N,COc1cc2c(Oc3ccc(Nc4ccc(C(C)(C)C)cc4)cc3)ccnc2cc1OCCNCCO,CHEMBL352308,
HSWPZIDYAHLZDD-UHFFFAOYSA-N,CCC1(c2c[nH]cn2)Cc2ccccc2C1,CHEMBL353972,ATIPAMEZOLE
MBBCVAKAJPKAKM-UHFFFAOYSA-N,O=C(NC1CCN(CCCCC2(C(=O)NCC(F)(F)F)c3ccccc3-c3ccccc32)CC1)c1ccccc1-c1ccc(C(F)(F)F)cc1,CHEMBL354541,LOMITAPIDE
QFWCYNPOPKQOKV-UHFFFAOYSA-N,COc1cccc(-c2cc(=O)c3ccccc3o2)c1N,CHEMBL35482,
YBSDQTBCNYWBMX-ONEGZZNKSA-N,Fc1ccc2c(/C=C/c3cccnc3)c[nH]c2c1,CHEMBL355606,
WKSAUQYGYAYLPV-UHFFFAOYSA-N,CCc1nc(N)nc(N)c1-c1ccc(Cl)cc1,CHEMBL36,PYRIMETHAMINE
YSSPGXCFFITNCE-OAQYLSRUSA-N,CCN(CC)CCN1C(=O)[C@@](O)(c2ccccc2Cl)c2c1cc(C(N)=O)cc2C(F)(F)F,CHEMBL360227,
PFPSFENQCNMITC-MRXNPFEDSA-N,COc1cc(C)[nH]c(=O)c1CNC(=O)c1c(C)n([C@H](C)C2CCOCC2)c2ccccc12,CHEMBL3605456,
SGTNSNPWRIOYBX-MHZLTWQESA-N,COc1ccc(CCN(C)CCC[C@@](C#N)(c2ccc(OC)c(OC)c2)C(C)C)cc1OC,CHEMBL36148,(S)-VERAPAMIL
LLIFMNUXGDHTRO-UHFFFAOYSA-N,Cc1noc(-c2ccc(CSCCC(=O)O)cc2)c1NC(=O)OC(C)c1ccccc1Cl,CHEMBL361501,
LDXDSHIEDAPSSA-OAHLLOKOSA-N,O=C(O)CCn1c2c(c3ccccc31)C[C@H](NS(=O)(=O)c1ccc(F)cc1)CC2,CHEMBL361812,RAMATROBAN
OBWNXGOQPLDDPS-UHFFFAOYSA-N,CCc1cccc(CC)c1NC(=O)N1Cc2[nH]nc(NC(=O)c3ccc(N4CCN(C)CC4)cc3)c2C1,CHEMBL363160,PHA-680632
HEKAIDKUDLCBRU-UHFFFAOYSA-N,CCc1nc(-c2cccc(C)c2)c(-c2ccnc(NC(=O)c3ccccc3)c2)s1,CHEMBL363648,TAK-715
TVWOUPGUUIDZET-UHFFFAOYSA-N,Cc1nc2cc(-n3ncc(C(=O)c4cc5ccc(CN6CCOCC6)cc5[nH]4)c3N)ccc2[nH]1,CHEMBL3681278,
FNTYYRMQLQQXEI-UHFFFAOYSA-N,CCc1nc2cc(-n3ncc(C(=O)c4cc5ccccc5[nH]4)c3N)ccc2[nH]1,CHEMBL3681287,
MYTWFJKBZGMYCS-NQIIRXRSSA-N,COc1ccc(Cc2nc(O)c3c(C)nc([C@@H](CCCc4ccccc4)[C@@H](C)O)n3n2)cc1OC,CHEMBL370962,
YYMCVDNIIFNDJK-BEQMOXJMSA-N,Fc1cccc(/C=N/N=C/c2cccc(F)c2)c1,CHEMBL371811,
WDZVWDXOIGQJIO-UJKQEGAGSA-N,O=S(=O)(N[C@H]1CC[C@@](c2cc(F)ccc2F)(S(=O)(=O)c2ccc(Cl)cc2)CC1)C(F)(F)F,CHEMBL372199,
JJFJQFJFFVLMCX-UHFFFAOYSA-N,O=C1CC(N2CCN(c3ccc(O)cc3)CC2)C(=O)N1c1ccccc1,CHEMBL372408,
KGRJPLRFGLMQMV-UHFFFAOYSA-N,O=C1C(=O)N(Cc2ccc(Cl)c(Cl)c2)c2ccccc21,CHEMBL375126,
AVDUGNCTZRCAHH-MDASVERJSA-N,N[C@@]1(C(=O)O)CS(=O)(=O)[C@H]2[C@H](C(=O)O)[C@H]21,CHEMBL375611,LY404039
VEBLIIOSJXGVAW-UHFFFAOYSA-N,O=C1C(=O)N(Cc2ccc(Cl)cc2)c2ccccc21,CHEMBL376291,
HPLNQCPCUACXLM-PGUFJCEWSA-N,CN(C)CC[C@H](CSc1ccccc1)Nc1ccc(S(=O)(=O)NC(=O)c2ccc(N3CCN(Cc4ccccc4-c4ccc(Cl)cc4)CC3)cc2)cc1[N+](=O)[O-],CHEMBL376408,ABT 737
YZZAIQOVMHVWBS-UHFFFAOYSA-N,CN1c2cc3c(cc2N=C(c2ccc(C(=O)O)cc2)c2ccccc21)C(C)(C)CCC3(C)C,CHEMBL37708,
CKMMBAAXWKCPHN-UHFFFAOYSA-N,Cc1ccc2[nH]c(NC(=O)c3cccc([N+](=O)[O-])c3)nc2c1,CHEMBL377259,
WCWUXEGQKLTGDX-LLVKDONJSA-N,Cc1cc2c(F)c(Oc3ncnn4cc(OC[C@@H](C)O)c(C)c34)ccc2[nH]1,CHEMBL377300,BRIVANIB
XTJVNDMNVIYGHY-QDMVCWPOSA-N,CN(C)C(=O)[C@@H]1N[C@H](CC(C)(C)C)[C@]2(C(=O)Nc3cc(Cl)ccc32)[C@H]1c1cccc(Cl)c1,CHEMBL378100,
NYSZJNUIVUBQMM-BQYQJAHWSA-N,COc1cc(O)cc(O)c1C(=O)/C=C/c1ccccc1,CHEMBL378104,CARDAMOMIN
VPNIQGRFZCTBEZ-SPTGULJVSA-N,C[C@@H](NC(=O)c1cc(C(=O)N[C@@H](Cc2ccccc2)[C@H](O)CNC2CC2)cc(N(C)S(C)(=O)=O)c1)c1ccccc1,CHEMBL378225,
OLMPAYQFDVALIH-ZDUSSCGKSA-N,COC(=O)N[C@@H](C)C#Cc1cnc(Oc2ccc(OC(C)C)cc2)s1,CHEMBL378997,
IZQSVPBOUDKVDZ-UHFFFAOYSA-N,COc1cc(-c2oc3cc(O)cc(O)c3c(=O)c2O)ccc1O,CHEMBL379064,ISORHAMNETIN
OYYVWNDMOQPMGE-SDQBBNPISA-N,O=C1NC(=O)/C(=C/c2ccc(-c3ccc(F)cc3O)o2)S1,CHEMBL379156,
YTBYOWZWBDYLQF-BGLPIVGWSA-N,CC(C)(C)C[C@H]1N[C@@H](C(=O)NCCN2CCOCC2)[C@H](c2cccc(Cl)c2F)[C@@]12C(=O)Nc1cc(Cl)ccc12,CHEMBL379173,
BKOSUQLHRCLSLJ-UHFFFAOYSA-N,O=S(=O)(Nc1nc2cc(Cl)ccc2o1)c1cccc(Cl)c1,CHEMBL379604,
PAEBEUZTAPIOIO-UHFFFAOYSA-N,CC(C)c1c(NC(=O)Nc2ccc(Cl)cc2)c(=O)n(-c2ccccc2)n1C,CHEMBL379761,
SHGAZHPCJJPHSC-YCNIQYBTSA-N,CC1=C(/C=C/C(C)=C/C=C/C(C)=C/C(=O)O)C(C)(C)CCC1,CHEMBL38,TRETINOIN
VXQCCZHCFBHTTD-HNNXBMFYSA-N,O=C(c1ccc(F)cc1)N1CCC[C@H](c2nc(-c3ccc(F)cc3)no2)C1,CHEMBL381055,
RUTVRAJKELSHCC-UHFFFAOYSA-N,CC(C)n1nnc2cc(C(=O)O)ccc21,CHEMBL381638,
SUGVYNSRNKFXQM-XRHWURSXSA-N,Cc1ccc(Cn2nc(C(=O)N[C@@H]3C(C)(C)[C@@H]4CC[C@@]3(C)C4)cc2-c2ccc(Cl)c(C)c2)cc1,CHEMBL381791,
BXNMTOQRYBFHNZ-UHFFFAOYSA-N,CCOCc1nc2c(N)nc3ccccc3c2n1CC(C)(C)O,CHEMBL383322,RESIQUIMOD
UREBDLICKHMUKA-CXSFZGCWSA-N,C[C@@H]1C[C@H]2[C@@H]3CCC4=CC(=O)C=C[C@]4(C)[C@@]3(F)[C@@H](O)C[C@]2(C)[C@@]1(O)C(=O)CO,CHEMBL384467,DEXAMETHASONE
XVZSXNULHSIRCQ-UHFFFAOYSA-N,O=C(O)c1cc(-c2ccccc2)cc(Br)c1O,CHEMBL387536,
WHQCHUCQKNIQEC-UHFFFAOYSA-N,CCc1oc2ccccc2c1C(=O)c1cc(Br)c(O)c(Br)c1,CHEMBL388590,BENZBROMARONE
HKSZLNNOFSGOKW-FYTWVXJKSA-N,CN[C@@H]1C[C@H]2O[C@@](C)([C@@H]1OC)n1c3ccccc3c3c4c(c5c6ccccc6n2c5c31)C(=O)NC4,CHEMBL388978,STAUROSPORINE
YDBLKRPLXZNVNB-UHFFFAOYSA-N,Cc1cc(SCc2sc(-c3ccc(C(F)(F)F)cc3)nc2C)ccc1OCC(=O)O,CHEMBL38943,GW501516
UGFHIPBXIWJXNA-UHFFFAOYSA-N,Clc1cccc(C(c2ccc3[nH]cnc3c2)n2ccnc2)c1,CHEMBL389433,LIAROZOLE
QZAYGJVTTNCVMB-UHFFFAOYSA-N,NCCc1c[nH]c2ccc(O)cc12,CHEMBL39,SEROTONIN
ULSSJYNJIZWPSB-CVRXJBIPSA-N,C[C@H](NC(=O)[C@@H](O)c1cc(F)cc(F)c1)C(=O)N[C@@H]1C(=O)N(C)c2ccccc2-c2ccccc21,CHEMBL392068,
GSGVDKOCBKBMGG-UHFFFAOYSA-N,CSc1nc(NC2CCCC2)c([N+](=O)[O-])c(NC2CCCC2)n1,CHEMBL392394,GS-39783
ORDAZKGHSNRHTD-UXHICEINSA-N,COc1cc2c(cc1OC)[C@@H]1C(=O)c3ccc4c(c3O[C@@H]1CO2)C=CC(C)(C)O4,CHEMBL393417,DEGUELIN
QTHCAAFKVUWAFI-DJKKODMXSA-N,Cc1ccc([N+](=O)[O-])cc1S(=O)(=O)N(C)/N=C/c1cnc2ccc(Br)cn12,CHEMBL393525,
KZJSFIXQWRHEAE-QPEQYQDCSA-N,CC(=O)Nc1ccc2c(c1)/C(=C/c1ccc[nH]1)C(=O)N2,CHEMBL393902,
LPMRCCNDNGONCD-RITPCOANSA-N,O=C(O)[C@@H]1C[C@H](CP(=O)(O)O)CCN1,CHEMBL39664,SELFOTEL
NEMGRZFTLSKBAP-LBPRGKRZSA-N,C[C@H](NCc1ccc(OCc2cccc(F)c2)cc1)C(N)=O,CHEMBL396778,SAFINAMIDE
OEKWJQXRCDYSHL-FNOIDJSQSA-N,CCCSc1nc(N[C@@H]2C[C@H]2c2ccc(F)c(F)c2)c2nnn([C@@H]3C[C@H](OCCO)[C@@H](O)[C@H]3O)c2n1,CHEMBL398435,TICAGRELOR
LSFLAQVDISHMNB-AFARHQOCSA-N,Nc1ncnc2c1c(-c1cccc(OCc3ccccc3)c1)cn2[C@H]1C[C@H](CN2CCCC2)C1,CHEMBL399021,
SIIPNDKXZOTLEA-UHFFFAOYSA-N,COc1ccc(-c2ccccc2)cc1NS(=O)(=O)c1cc(Cl)cc(Cl)c1O,CHEMBL399379,
QCKTZIBCJPYKHO-UHFFFAOYSA-N,COc1ccc(-c2cc3onc(-c4ccccc4)c3c(=O)n2C)cc1,CHEMBL399602,
HMJIYCCIJYRONP-INIZCTEOSA-N,COC(=O)C1=C(C)NC(C)=C(C(=O)OC(C)C)[C@H]1c1cccc2nonc12,CHEMBL400875,(S)-ISRADIPINE
DKPQHFZUICCZHF-UHFFFAOYSA-N,Cc1cccc(-c2[nH]c(C(C)(C)C)nc2-c2ccc3nccnc3c2)n1,CHEMBL401570,
ZWVZORIKUNOTCS-OAQYLSRUSA-N,Cc1cc(N2CCOCC2)cc2[nH]c(-c3c(NC[C@@H](O)c4cccc(Cl)c4)cc[nH]c3=O)nc12,CHEMBL401930,
DOEWDSDBFRHVAP-KRXBUXKQSA-N,Cc1ccc(S(=O)(=O)/C=C/C#N)cc1,CHEMBL403183,
HIQWWDCRULXYDF-SWROZOJRSA-N,COc1cccc(CNC[C@@H](O)[C@H](Cc2ccccc2)NC(=O)c2cc(C(=O)N[C@H](C)c3ccccc3)cc(N(C)S(C)(=O)=O)c2)c1,CHEMBL403268,
OGYZYOKAXYFLIU-PPUGGXLSSA-N,F[C@H]1C[C@](c2ccc(Cl)cc2)(c2nnc(C3CC3)n2C2CC2)C1,CHEMBL404095,
HQHSJJZIICGOIX-UHFFFAOYSA-N,Nc1nccc(-c2c[nH]c3ncccc23)n1,CHEMBL405665,MERIOLIN 1
VPVLEBIVXZSOMQ-UHFFFAOYSA-N,Nc1cccc(-c2cc3c(Oc4cccc(O)c4)ncnc3[nH]2)c1,CHEMBL405759,
SCTZUZTYRMOMKT-UHFFFAOYSA-N,NC(=O)C(c1ccccc1)(c1ccc(F)cc1)c1ccc(F)cc1,CHEMBL405821,SENICAPOC
KGQZGCIVHYLPBH-UHFFFAOYSA-N,Cc1nc2c([nH]1)c(=O)n(C)c(=O)n2Cc1ccco1,CHEMBL405845,FURAFYLLINE
NDDAHWYSQHTHNT-UHFFFAOYSA-N,CC1Cc2ccccc2N1NC(=O)c1ccc(Cl)c(S(N)(=O)=O)c1,CHEMBL406,INDAPAMIDE
PBBRWFOVCUAONR-UHFFFAOYSA-N,CC(C)(C)n1nc(-c2ccc(Cl)cc2)c2c(N)ncnc21,CHEMBL406845,
OFBIFZUFASYYRE-UHFFFAOYSA-N,CCOC(=O)c1ncn2c1CN(C)C(=O)c1cc(F)ccc1-2,CHEMBL407,FLUMAZENIL
KRWMERLEINMZFT-UHFFFAOYSA-N,Nc1nc(OCc2ccccc2)c2nc[nH]c2n1,CHEMBL407874,6-O-BENZYLGUANINE
RFTSSZJZXOSICM-GRSHGNNSSA-N,COC1=CC(c2cc3ccccc3[nH]2)=N/C1=C\c1[nH]c(C)cc1C,CHEMBL408194,OBATOCLAX
BGVLELSCIHASRV-QPEQYQDCSA-N,CCN1/C(=C/C(C)=O)Sc2ccc(OC)cc21,CHEMBL408982,
LKJPYSCBVHEWIU-UHFFFAOYSA-N,CC(O)(CS(=O)(=O)c1ccc(F)cc1)C(=O)Nc1ccc(C#N)c(C(F)(F)F)c1,CHEMBL409,BICALUTAMIDE
DDLZLOKCJHBUHD-WAVHTBQISA-N,O=C1Nc2cc(Br)ccc2/C1=C1/Nc2ccccc2/C1=N\O,CHEMBL409450,6BIO
OZYQIQVPUZANTM-UHFFFAOYSA-N,CC(C)c1cc(Oc2c(Cl)cc(CC(=O)O)cc2Cl)ccc1O,CHEMBL41036,
DPDZHVCKYBCJHW-UHFFFAOYSA-N,NC(=O)c1ccc(-c2nc(-c3ccc4c(c3)OCCO4)c(-c3ccccn3)[nH]2)cc1,CHEMBL410456,
RYNSGDFWBJWWSZ-UHFFFAOYSA-N,COc1ccc(-c2oc3cc(OC)ccc3c2C(=O)c2ccc(C#N)cc2)cc1,CHEMBL411481,
AQGNHMOJWBZFQQ-UHFFFAOYSA-N,Cc1cnc(-c2cnc(NCCNc3ccc(C#N)cn3)nc2-c2ccc(Cl)cc2Cl)[nH]1,CHEMBL412142,LADUVIGLUSIB
NZHGWWWHIYHZNX-CSKARUKUSA-N,COc1ccc(/C=C/C(=O)Nc2ccccc2C(=O)O)cc1OC,CHEMBL415324,TRANILAST
UOWZUVNAGUAEQC-UHFFFAOYSA-N,O=C(O)Cc1cc(I)c(Oc2ccc(O)c(I)c2)c(I)c1,CHEMBL41632,TIRATRICOL
JQNWPWUJMRAASQ-UHFFFAOYSA-N,O=C(c1ccc(Cl)cc1)N1CCC(=Cc2ccc(C3=NCCO3)cc2)CC1,CHEMBL417571,
ZJUKTBDSGOFHSH-WFMPWKQPSA-N,Nc1ncnc2c1ncn2[C@@H]1O[C@H](CSCC[C@H](N)C(=O)O)[C@@H](O)[C@H]1O,CHEMBL418052,S-ADENOSYLHOMOCYSTEINE
DYCJFJRCWPVDHY-LSCFUAHRSA-N,O=[N+]([O-])c1ccc(CSc2ncnc3c2ncn3[C@@H]2O[C@H](CO)[C@@H](O)[C@H]2O)cc1,CHEMBL418509,NITROBENZYLMERCAPTOPURINE RIBONUCLEOSIDE
IISBACLAFKSPIT-UHFFFAOYSA-N,CC(C)(c1ccc(O)cc1)c1ccc(O)cc1,CHEMBL418971,BISPHENOL A
TYMRLRRVMHJFTF-UHFFFAOYSA-N,NCc1ccc(S(N)(=O)=O)cc1,CHEMBL419,MAFENIDE
QZUDBNBUXVUHMW-UHFFFAOYSA-N,CN1CCN(C2=Nc3cc(Cl)ccc3Nc3ccccc32)CC1,CHEMBL42,CLOZAPINE
UMQUQWCJKFOUGV-UHFFFAOYSA-N,CC(C)(C)NCC(O)COc1cccc2[nH]c(=O)[nH]c12,CHEMBL420746,CGP-12177
NCEXYHBECQHGNR-QZQOTICOSA-N,O=C(O)c1cc(/N=N/c2ccc(S(=O)(=O)Nc3ccccn3)cc2)ccc1O,CHEMBL421,SULFASALAZINE
RRRUXBQSQLKHEL-UHFFFAOYSA-N,COc1ccc(C(=O)Nc2c(Cl)cncc2Cl)cc1OC1CCCC1,CHEMBL42126,PICLAMILAST
WTNCKLVOKCXDAU-CYBMUJFWSA-N,C[C@@](O)(C(=O)Nc1ccc(S(=O)(=O)N2CCNCC2)cc1Cl)C(F)(F)F,CHEMBL421689,
PNHFDVSKDSLUFH-UHFFFAOYSA-N,Cc1ccc(Cn2nc(CCCc3ccc(OC(C)(C)C(=O)O)cc3)nc2O)cc1,CHEMBL424133,LY-518674
AMXPCCCIUNIREO-UHFFFAOYSA-N,CS(=O)(=O)c1ccc(CNc2ccc(-c3c(N)nc(N)nc3COCc3ccccc3)cc2)cc1,CHEMBL425594,
CAINJQZABOHLSW-MRXNPFEDSA-N,Cc1cc(NC(=O)[C@@H](CC(C)C)NC(=O)c2ccc(Cl)s2)ccc1N1CCOCC1=O,CHEMBL427333,
RCINICONZNJXQF-MZXODVADSA-N,CC(=O)O[C@H]1C(=O)[C@@]2(C)[C@H]([C@H](OC(=O)c3ccccc3)[C@]3(O)C[C@H](OC(=O)[C@H](O)[C@@H](NC(=O)c4ccccc4)c4ccccc4)C(C)=C1C3(C)C)[C@]1(OC(C)=O)CO[C@@H]1C[C@@H]2O,CHEMBL428647,PACLITAXEL
BIIVYFLTOXDAOV-YVEFUNNKSA-N,CN1CC[C@H](c2c(O)cc(O)c3c(=O)cc(-c4ccccc4Cl)oc23)[C@H](O)C1,CHEMBL428690,ALVOCIDIB
IMZMKUWMOSJXDT-UHFFFAOYSA-N,O=C(O)c1cc(=O)c2c(OCC(O)COc3cccc4oc(C(=O)O)cc(=O)c34)cccc2o1,CHEMBL428880,CROMOLYN
MAASHDQFQDDECQ-UHFFFAOYSA-N,O=C1C(SCCO)=C(SCCO)C(=O)c2ccccc21,CHEMBL429095,
AMLYAMJWYAIXIA-VWNVYAMZSA-N,CC(C)[C@H]1C(=O)N[C@@H](CCCNC(=N)N)C(=O)NCC(=O)N[C@@H](CC(=O)O)C(=O)N[C@H](Cc2ccccc2)C(=O)N1C,CHEMBL429876,CILENGITIDE
JVHXJTBJCFBINQ-ADAARDCZSA-N,CCOc1ccc(Cc2cc([C@@H]3O[C@H](CO)[C@@H](O)[C@H](O)[C@H]3O)ccc2Cl)cc1,CHEMBL429910,DAPAGLIFLOZIN
XCPGHVQEEXUHNC-UHFFFAOYSA-N,COc1cc(NS(C)(=O)=O)ccc1Nc1c2ccccc2nc2ccccc12,CHEMBL43,AMSACRINE
BOZRFEQDOFSZBV-DHIUTWEWSA-N,O=C(Nc1ccccc1)Nc1ccc(-c2ccc(C(=O)[C@@H]3CCC[C@H]3C(=O)O)cc2)cc1,CHEMBL430405,
IPSYPUKKXMNCNQ-PFHKOEEOSA-N,CNC(=O)[C@H]1O[C@@H](n2cnc3c(NCc4cccc(I)c4)nc(Cl)nc32)[C@H](O)[C@@H]1O,CHEMBL431733,NAMODENOSON
IQVRBWUUXZMOPW-PKNBQFBNSA-N,CCn1c(=O)c2c(nc(/C=C/c3ccc(OC)c(OC)c3)n2C)n(CC)c1=O,CHEMBL431770,ISTRADEFYLLINE
VLZBRVJVCCNPRJ-KPHUOKFYSA-N,N[C@](CC1c2ccccc2Oc2ccccc21)(C(=O)O)[C@H]1C[C@@H]1C(=O)O,CHEMBL432038,
DUHQBKLTAVUXFF-FERBBOLQSA-N,CN(C)C[C@@H]1CCn2cc(c3ccccc32)C2=C(C(=O)NC2=O)c2cn(c3ccccc23)CCO1.CS(=O)(=O)O,CHEMBL432130,
JZUFKLXOESDKRF-UHFFFAOYSA-N,NS(=O)(=O)c1cc2c(cc1Cl)NCNS2(=O)=O,CHEMBL435,HYDROCHLOROTHIAZIDE
KXVAICSRMHXLJN-UHFFFAOYSA-N,CC(C)(C)c1nc(N2CCN(CCCSc3nccc(O)n3)CC2)cc(C(F)(F)F)n1,CHEMBL439338,ABT-925
TZBJGXHYKVUXJN-UHFFFAOYSA-N,O=c1c(-c2ccc(O)cc2)coc2cc(O)cc(O)c12,CHEMBL44,GENISTEIN
FHYUGAJXYORMHI-UHFFFAOYSA-N,NC(=O)c1ccc(-c2nc(-c3ccccn3)c(-c3ccc4c(c3)OCO4)[nH]2)cc1,CHEMBL440084,SB-431542
ROSNVSQTEGHUKU-UHFFFAOYSA-N,O=C(NO)C1(CS(=O)(=O)c2ccc(Oc3ccc(Cl)cc3)cc2)CCOCC1,CHEMBL440498,CTS-1027
YEWGIGCYIAMFMA-UHFFFAOYSA-N,CN1CCc2ccccc2Cc2[nH]c3ccccc3c2CC1,CHEMBL441618,
KINMYBBFQRSVLL-UHFFFAOYSA-N,O=c1ccc2c(OCCCCOc3ccccc3)c3ccoc3cc2o1,CHEMBL444449,
YBUNMPDOPJOUFZ-UHFFFAOYSA-N,CCc1c(C)nc2sc3c(N)ncnc3c2c1C,CHEMBL444981,
PHVGLTMQBUFIQQ-UHFFFAOYSA-N,CNCCC=C1c2ccccc2CCc2ccccc21,CHEMBL445,NORTRIPTYLINE
OVPNQJVDAFNBDN-UHFFFAOYSA-N,O=C(NC1CCNCC1)c1n[nH]cc1NC(=O)c1c(Cl)cccc1Cl,CHEMBL445813,AT-7519
SJAPSPJRTQCDNO-UHFFFAOYSA-N,Oc1noc2cc(Cl)ccc12,CHEMBL445990,
WIUTZMQRXHUOSJ-UHFFFAOYSA-N,CN1C(=O)CCc2cc(-c3cccnc3)ccc21,CHEMBL446083,
VJJPUSNTGOMMGY-MRVIYFEKSA-N,COc1cc([C@@H]2c3cc4c(cc3[C@@H](O[C@@H]3O[C@@H]5CO[C@@H](C)O[C@H]5[C@H](O)[C@H]3O)[C@H]3COC(=O)[C@H]23)OCO4)cc(OC)c1O,CHEMBL44657,ETOPOSIDE
WZBNEZWCNKUOSM-VOTSOKGWSA-N,O=C(/C=C/c1c(C(=O)O)[nH]c2cc(Cl)cc(Cl)c12)Nc1ccccc1,CHEMBL44793,GAVESTINEL
FODHWOBAQBTTFS-UHFFFAOYSA-N,Cc1ccccc1C#Cc1ccc(CCC(=O)O)cc1,CHEMBL449588,
VCWLZDVWHQVAJU-NEPJUHHUSA-N,C=C1C(=O)O[C@H](CCCCCCCC)[C@H]1C(=O)O,CHEMBL449993,
QLMRJHFAGVFUAC-UHFFFAOYSA-N,Cl.NCCc1cc(O)c(O)cc1O,CHEMBL451197,OXIDOPAMINE HYDROCHLORIDE
KJEBULYHNRNJTE-DHZHZOJOSA-N,COCCOC(=O)C1=C(C)NC(C)=C(C(=O)OC/C=C/c2ccccc2)C1c1cccc([N+](=O)[O-])c1,CHEMBL452076,CILNIDIPINE
NHUHCSRWZMLRLA-UHFFFAOYSA-N,Cc1noc(NS(=O)(=O)c2ccc(N)cc2)c1C,CHEMBL453,SULFISOXAZOLE
DKMACHNQISHMDN-RPLLCQBOSA-N,CNC(=O)[C@@H](c1ccccc1)N1CCc2cc(OC)c(OC)cc2[C@@H]1CCc1ccc(C(F)(F)F)cc1,CHEMBL455136,ALMOREXANT
AVOLMBLBETYQHX-UHFFFAOYSA-N,C=C(CC)C(=O)c1ccc(OCC(=O)O)c(Cl)c1Cl,CHEMBL456,ETHACRYNIC ACID
HEMJJKBWTPKOJG-UHFFFAOYSA-N,Cc1ccc(C)c(OCCCC(C)(C)C(=O)O)c1,CHEMBL457,GEMFIBROZIL
BKBOLZATQOJKKM-CQJMVLFOSA-N,CCCCCCCCCCC[C@@H](C[C@@H]1OC(=O)[C@H]1CCCCCC)OC(=O)[C@@H](NC=O)C(C)C,CHEMBL457232,
HBNPJJILLOYFJU-VMPREFPWSA-N,COCC(=O)O[C@]1(CCN(C)CCCc2nc3ccccc3[nH]2)CCc2cc(F)ccc2[C@@H]1C(C)C,CHEMBL45816,MIBEFRADIL
BHBOSTKQCZEAJM-UHFFFAOYSA-N,O=C(Nc1ccccc1)N1CCN(c2nc(-c3ccccc3)ns2)CC1,CHEMBL460273,
GUMBZKISKUIHJB-UHFFFAOYSA-N,O=[N+]([O-])c1ccc(NCCNc2ncc(-c3ncc[nH]3)c(-c3ccc(Cl)cc3Cl)n2)nc1,CHEMBL461262,
IOMUQUARDGBTGZ-UHFFFAOYSA-N,Cc1cccc(S(=O)(=O)NC(=O)NCc2ccc(CNC(=O)NS(=O)(=O)c3cccc(C)c3)cc2)c1,CHEMBL462979,
HZTYDQRUAWIZRE-UHFFFAOYSA-N,CNC(=O)c1c(F)cccc1Nc1nc(Nc2cc3c(cc2OC)CCN3C(=O)CN(C)C)nc2[nH]ccc12,CHEMBL464552,
JADDQZYHOWSFJD-FLNNQWSLSA-N,CCNC(=O)[C@H]1O[C@@H](n2cnc3c(N)ncnc32)[C@H](O)[C@@H]1O,CHEMBL464859,NECA
MOSKATHMXWSZTQ-UHFFFAOYSA-N,CCc1cc(Nc2nccc(-c3c(-c4ccc(OC)c(C(=O)Nc5c(F)cccc5F)c4)nc4ccccn34)n2)c(OC)cc1N1CCC(N2CCN(S(C)(=O)=O)CC2)CC1,CHEMBL466397,
QULDDKSCVCJTPV-UHFFFAOYSA-N,COc1c(C)cnc(Cn2cnc3c(Cl)nc(N)nc32)c1C,CHEMBL467399,BIIB021
JDBCWSHYEQUBLW-AATRIKPKSA-N,COc1cc(/C=C/c2ccc(OC)cc2OC)cc(OC)c1,CHEMBL46909,
ZXGGCBQORXDVTE-UMCMBGNQSA-N,N#Cc1ccc(COC[C@H]2O[C@@H](n3c(NCc4ccc(Cl)c(Cl)c4)nc4c(N)ncnc43)[C@H](O)[C@@H]2O)cc1,CHEMBL470334,
ZNNLBTZKUZBEKO-UHFFFAOYSA-N,COc1ccc(Cl)cc1C(=O)NCCc1ccc(S(=O)(=O)NC(=O)NC2CCCCC2)cc1,CHEMBL472,GLYBURIDE
YCADIXLLWMXYKW-CMDGGOBGSA-N,CC1(C)CC=C(C#Cc2ccccc2)c2cc(/C=C/c3ccc(C(=O)O)cc3)ccc21,CHEMBL472172,
IXTMWRCNAAVVAI-UHFFFAOYSA-N,CN(CCOc1ccc(NS(C)(=O)=O)cc1)CCc1ccc(NS(C)(=O)=O)cc1,CHEMBL473,DOFETILIDE
ZZZQXCUPAJFVBN-UHFFFAOYSA-N,CC(C)c1cc(-c2ccc(F)c3ccccc23)nc(N)n1,CHEMBL473186,
FUIYMYNYUHVDPT-HDJSIYSDSA-N,CC1(C)Oc2ncnc(N)c2N=C1c1ccc([C@H]2CC[C@H](CC(=O)O)CC2)cc1,CHEMBL473967,
NHHQJBCNYHBUSI-UHFFFAOYSA-N,COc1cc(Nc2ncc(F)c(Nc3ccc4c(n3)NC(=O)C(C)(C)O4)n2)cc(OC)c1OC,CHEMBL475251,R-406
PYKJFEPAUKAXNN-UHFFFAOYSA-N,Cc1nc2c(OCc3ccccc3)cccn2c1CC#N,CHEMBL47529,
PVHUJELLJLJGLN-UHFFFAOYSA-N,CCOC(=O)C1=C(C)NC(C)=C(C(=O)OC)C1c1cccc([N+](=O)[O-])c1,CHEMBL475534,NITRENDIPINE
ZWDLBNCJWNENFF-UHFFFAOYSA-N,CCCCN(CC)c1nc(C)nc2c1c(C)cn2-c1c(C)cc(C)cc1C.Cl,CHEMBL475903,
CUIHSIWYWATEQL-UHFFFAOYSA-N,Cc1ccc(Nc2nccc(N(C)c3ccc4c(C)n(C)nc4c3)n2)cc1S(N)(=O)=O,CHEMBL477772,PAZOPANIB
HWNUSGNZBAISFM-UHFFFAOYSA-N,Cc1ccc(S(=O)(=O)OCC(=O)Nc2ccc(C(=O)O)c(O)c2)cc1,CHEMBL477936,
MLSAQOINCGAULQ-QFMPWRQOSA-N,CN(C)CCOc1ccc(-c2nc(-c3ccncc3)c(-c3ccc4c(c3)CC/C4=N\O)[nH]2)cc1,CHEMBL477989,SB590885
XFZJGFIKQCCLGK-UHFFFAOYSA-M,C[N+]1(C)CCN(c2ccccc2)CC1.[I-],CHEMBL47814,DIMETHYLPHENYLPIPERAZINIUM IODIDE
XHBVYDAKJHETMP-UHFFFAOYSA-N,c1cc(-c2cnn3cc(-c4ccc(OCCN5CCCCC5)cc4)cnc23)ccn1,CHEMBL478629,DORSOMORPHIN
MJIHNNLFOKEZEW-UHFFFAOYSA-N,Cc1c(OCC(F)(F)F)ccnc1C[S+]([O-])c1nc2ccccc2[nH]1,CHEMBL480,LANSOPRAZOLE
RAVIZVQZGXBOQO-UHFFFAOYSA-N,CCC(C)N(C)C(=O)c1cc2ccccc2c(-c2ccccc2Cl)n1,CHEMBL481537,PK-11195
FWIVDMJALNEADT-SFTDATJTSA-N,CC(C)(F)C[C@H](N[C@@H](c1ccc(-c2ccc(S(C)(=O)=O)cc2)cc1)C(F)(F)F)C(=O)NC1(C#N)CC1,CHEMBL481611,ODANACATIB
MGXGEFQCJBBKND-UNZYHPAISA-N,O=C1/C(=C/c2ccc(O)cc2)CCC/C1=C\c1ccc(O)cc1,CHEMBL482409,
WPDWUPQOYHNKGO-UHFFFAOYSA-N,CCCCCCOC(Cc1ccc(OCCc2nc(-c3ccccc3)oc2C)c2ccsc12)C(=O)O,CHEMBL482740,
LLVZBTWPGQVVLW-SNAWJCMRSA-N,COCC(=O)NC/C=C/c1ccc2ncnc(Nc3ccc(Oc4ccc(C)nc4)c(C)c3)c2c1,CHEMBL483321,CP-724714
DHZBEENLJMYSHQ-XCVPVQRUSA-N,C[C@@]12C(=O)OC(=O)[C@]1(C)[C@H]1CC[C@@H]2O1,CHEMBL48449,CANTHARIDIN
BSAXWMSAVVOOHO-UHFFFAOYSA-N,O=C1NS(=O)(=O)Nc2nc[nH]c21,CHEMBL484860,
IFIUFCJFLGCQPH-UHFFFAOYSA-N,Cc1ccc([N+](=O)[O-])cc1S(=O)(=O)N(C)C,CHEMBL484928,
YUMYYTORLYHUFW-MSKIIMLESA-N,CC(C)C[C@H](NC(=O)N1CCOCC1)C(=O)N[C@H](/C=C/S(=O)(=O)c1ccccc1)CCc1ccccc1,CHEMBL486232,
TXUZVZSFRXZGTL-QPLCGJKRSA-N,CC/C(=C(\c1ccc(O)cc1)c1ccc(OCCN(C)C)cc1)c1ccccc1,CHEMBL489,AFIMOXIFENE
QKQJCKAXFJBYKJ-UHFFFAOYSA-N,Cn1cc(C2=C(c3coc4ccccc34)C(=O)NC2=O)c2cc(Br)ccc21,CHEMBL489422,
DRIMIUYGTDAQOX-KRWDZBQOSA-N,C[C@@H](CN1CCC(n2c(=O)[nH]c3cc(Cl)ccc32)CC1)NC(=O)c1ccc2ccccc2c1,CHEMBL492572,
MMAIBGHDBYQYDI-UHFFFAOYSA-N,O=C(O)c1cc2occc2[nH]1,CHEMBL492591,
PAYROHWFGZADBR-UHFFFAOYSA-N,COc1cc(C(C)C)c(Oc2cnc(NC(CO)CO)nc2N)cc1I,CHEMBL494161,
PPHTXRNHTVLQED-UHFFFAOYSA-N,Cc1ccc(F)cc1C(=O)Nc1ccc(C(=O)N2Cc3cccn3Cc3ccccc32)c(Cl)c1,CHEMBL49429,LIXIVAPTAN
GMVPRGQOIOIIMI-DWKJAMRDSA-N,CCCCC[C@H](O)/C=C/[C@H]1[C@H](O)CC(=O)[C@@H]1CCCCCCC(=O)O,CHEMBL495,ALPROSTADIL
HHZLKORDNNRTRS-UHFFFAOYSA-N,Cc1ccn2cc(-c3ccc(OCCCN4CCCCC4)cc3)nc2c1,CHEMBL49532,
LOLPPWBBNUVNQZ-UHFFFAOYSA-N,O=C(Nc1c[nH]nc1-c1nc2ccc(CN3CCOCC3)cc2[nH]1)NC1CC1,CHEMBL495727,AT-9283
REFJWTPEDVJJIY-UHFFFAOYSA-N,O=c1c(O)c(-c2ccc(O)c(O)c2)oc2cc(O)cc(O)c12,CHEMBL50,QUERCETIN
JZQKKSLKJUAGIC-UHFFFAOYSA-N,CC(C)NCC(O)COc1cccc2[nH]ccc12,CHEMBL500,PINDOLOL
HELCSESNNDZLFM-UHFFFAOYSA-N,O=C(NC1CCN(Cc2ccccc2)CC1)c1ccc(I)cc1,CHEMBL50112,
XHGLVMDBZZZXDP-UHFFFAOYSA-N,CC1(C(=O)O)NCCc2cc(O)c(O)cc21,CHEMBL502044,
AKSIZPIFQAYJGF-UHFFFAOYSA-N,CCN1CCN(C(=O)Cc2ccc(Nc3ncc(F)c(Nc4ccc(C(=O)Nc5ccccc5Cl)cc4)n3)cc2)CC1,CHEMBL502124,
FVRYPYDPKSZGNS-UHFFFAOYSA-N,COc1ccc(-c2cnc3c(-c4cccc5ncccc45)cnn3c2)cc1,CHEMBL502351,
XZXHXSATPCNXJR-ZIADKAODSA-N,COC(=O)c1ccc2c(c1)NC(=O)/C2=C(\Nc1ccc(N(C)C(=O)CN2CCN(C)CC2)cc1)c1ccccc1,CHEMBL502835,NINTEDANIB
PCZOHLXUXFIOCF-BXMDZJJMSA-N,CC[C@H](C)C(=O)O[C@H]1C[C@@H](C)C=C2C=C[C@H](C)[C@H](CC[C@@H]3C[C@@H](O)CC(=O)O3)[C@H]21,CHEMBL503,LOVASTATIN
INDBQLZJXZLFIT-UHFFFAOYSA-N,COc1cc(NC(C)CCCN)c2ncccc2c1,CHEMBL506,PRIMAQUINE
JNAHVYVRKWKWKQ-CYBMUJFWSA-N,C[C@]1(c2nc3c(C(N)=O)cccc3[nH]2)CCCN1,CHEMBL506871,VELIPARIB
DYLJVOXRWLXDIG-UHFFFAOYSA-N,COc1cccc(OC)c1-c1cc(C(=O)NC2(C(=O)O)C3CC4CC(C3)CC2C4)nn1-c1ccnc2cc(Cl)ccc12,CHEMBL506981,REMINERTANT
MUDRLQRJCGJJTB-UHFFFAOYSA-N,O=c1onc2n1-c1cc(Br)ccc1OC2,CHEMBL507122,
SUDAHWBOROXANE-SECBINFHSA-N,O=C(NOC[C@H](O)CO)c1ccc(F)c(F)c1Nc1ccc(I)cc1F,CHEMBL507361,MIRDAMETINIB
QKKGSTFAKMXWFE-UHFFFAOYSA-N,O=C(Nc1nc(-c2ccncc2)cs1)C1COc2ccccc2O1,CHEMBL510515,
FRPJSHKMZHWJBE-UHFFFAOYSA-N,O=C(Nc1ccncc1)c1cc([N+](=O)[O-])ccc1Cl,CHEMBL510698,
DYEFUKCXAQOFHX-UHFFFAOYSA-N,O=c1c2ccccc2[se]n1-c1ccccc1,CHEMBL51085,EBSELEN
NVFAURZVYMEWBH-UHFFFAOYSA-N,CCOC(=O)C1=CN(C(=O)c2ccc(F)c(F)c2)CC(C)(C)c2c1[nH]c1ccccc21,CHEMBL510862,
CFBUZOUXXHZCFB-OYOVHJISSA-N,COc1ccc([C@]2(C#N)CC[C@@H](C(=O)O)CC2)cc1OC1CCCC1,CHEMBL511115,CILOMILAST
WWGBHDIHIVGYLZ-UHFFFAOYSA-N,CC(C)(C)OC(=O)Nc1ccc(-c2cc(C(=O)NCCCCCCC(=O)NO)no2)cc1,CHEMBL511749,
UORHIBXCPUHXFY-UHFFFAOYSA-N,CC(C)c1n[nH]c2c(=O)[nH]c(Cc3cccc(Cl)c3)nc12,CHEMBL512790,
DLGOEMSEDOSKAD-UHFFFAOYSA-N,O=NN(CCCl)C(=O)NCCCl,CHEMBL513,CARMUSTINE
XQVVPGYIWAGRNI-JOCHJYFZSA-N,CC[C@@H]1C(=O)N(C)c2cnc(Nc3ccc(C(=O)NC4CCN(C)CC4)cc3OC)nc2N1C1CCCC1,CHEMBL513909,BI-2536
JSKUWFIZUALZLX-UHFFFAOYSA-N,COc1cc2ncn(-c3cc(OCc4ccccc4C(F)(F)F)c(C(N)=O)s3)c2cc1OC,CHEMBL514499,GW843682X
QWEWGXUTRTXFRF-KBPBESRZSA-N,O=C([C@@H]1C[C@H](N2CCN(c3ncccn3)CC2)CN1)N1CCC(F)(F)C1,CHEMBL515387,GOSOGLIPTIN
FAIIFDPAEUKBEP-UHFFFAOYSA-N,COC(=O)C1=C(C#N)NC(C)=C(C(=O)OC(C)C)C1c1cccc([N+](=O)[O-])c1,CHEMBL517427,NILVADIPINE
KMNLXCBYBKHKSK-BKMJKUGQSA-N,O=C(O)C1(c2ccc3c(c2)OC[C@H](Cc2ccc(-c4ccccc4)cc2)[C@H]3O)CCCC1,CHEMBL51770,
QDERNBXNXJCIQK-UHFFFAOYSA-N,CCN(c1nc(N)c(C(=O)NC(=N)N)nc1Cl)C(C)C,CHEMBL517986,5-(N-ETHYL-N-ISOPROPYL)AMILORIDE
MUVPBAIVOHJDOC-VBKFSLOCSA-N,C/C(O)=C(\C#N)C(=O)Nc1ccc(-c2ccccc2)cc1,CHEMBL519160,
HCZKYJDFEPMADG-UHFFFAOYSA-N,CC(Cc1ccc(O)c(O)c1)C(C)Cc1ccc(O)c(O)c1,CHEMBL52,NORDIHYDROGUAIARETIC ACID
TXLGPGWHIIHRHH-UHFFFAOYSA-N,Cc1c(-c2ccc(O)cc2)nn(-c2ccc(O)cc2)c1-c1ccc(OCCN2CCCCC2)cc1,CHEMBL520107,
PKXWXXPNHIWQHW-RCBQFDQVSA-N,CC(C)[C@H](O)C(=O)N[C@@H](C)C(=O)N[C@@H]1C(=O)N(C)CCc2ccccc21,CHEMBL520733,SEMAGACESTAT
FHYWNBUFNGHNCP-UHFFFAOYSA-N,Br.Cc1cccc(C2CN(C)CCc3c2cc(O)c(O)c3Cl)c1,CHEMBL520992,
FDLYAMZZIXQODN-UHFFFAOYSA-N,O=C(c1cc(Cc2n[nH]c(=O)c3ccccc23)ccc1F)N1CCN(C(=O)C2CC2)CC1,CHEMBL521686,OLAPARIB
LHNIIDJUOCFXAP-UHFFFAOYSA-N,CS(=O)(=O)N1CCN(Cc2cc3nc(-c4cccc5[nH]ncc45)nc(N4CCOCC4)c3s2)CC1,CHEMBL521851,PICTILISIB
BPOWQJYAMDEAFF-CYBMUJFWSA-N,COc1cc(Br)c(S(=O)(=O)Nc2ccc(C(F)(F)F)c(O[C@@H]3CCN(C)C3)c2)cc1OC,CHEMBL522770,
DCYOADKBABEMIQ-OWMUPTOHSA-N,C[C@@H]1O[C@@H](Oc2c(-c3cc(O)c(O)c(O)c3)oc3cc(O)cc(O)c3c2=O)[C@H](O)[C@H](O)[C@H]1O,CHEMBL522983,
PJBFVWGQFLYWCB-UHFFFAOYSA-N,CCCn1c(=O)c2nc(C34CC5CC(CC3C5)C4)[nH]c2n(CCC)c1=O,CHEMBL52333,ROLOFYLLINE
DEZZLWQELQORIU-RELWKKBWSA-N,OCCn1cc(-c2ccc3c(c2)CC/C3=N\O)c(-c2ccncc2)n1,CHEMBL525191,
OHCQJHSOBUTRHG-KGGHGJDLSA-N,C=C[C@@]1(C)CC(=O)[C@]2(O)[C@@]3(C)[C@@H](O)CCC(C)(C)[C@@H]3[C@H](O)[C@H](OC(C)=O)[C@@]2(C)O1,CHEMBL52606,COLFORSIN
AATPYXMXFBBKFO-UHFFFAOYSA-N,COc1cc(C(C)C)c(Oc2cnc(N)nc2N)cc1I,CHEMBL526307,
ULGZDMOVFRHVEP-RWJQBGPGSA-N,CC[C@H]1OC(=O)[C@H](C)[C@@H](O[C@H]2C[C@@](C)(OC)[C@@H](O)[C@H](C)O2)[C@H](C)[C@@H](O[C@@H]2O[C@H](C)C[C@H](N(C)C)[C@H]2O)[C@](C)(O)C[C@@H](C)C(=O)[C@H](C)[C@@H](O)[C@]1(C)O,CHEMBL532,ERYTHROMYCIN
WINHZLLDWRZWRT-ATVHPVEESA-N,CCN(CC)CCNC(=O)c1c(C)[nH]c(/C=C2\C(=O)Nc3ccc(F)cc32)c1C,CHEMBL535,SUNITINIB
CHILCFMQWMQVAL-UHFFFAOYSA-N,O=C(Nc1cc(C(F)(F)F)cc(C(F)(F)F)c1)c1cc(Cl)ccc1O,CHEMBL536151,IMD-0354
KFHMLBXBRCITHF-UHFFFAOYSA-N,CNc1cc2c(Nc3cccc(Br)c3)ncnc2cn1,CHEMBL53753,
GSQOBTOAOGXIFL-LFIBNONCSA-N,N#C/C(=C\c1ccc(O)c(O)c1)C(=O)NCCCc1ccccc1,CHEMBL53898,
LNEPOXFFQSENCJ-UHFFFAOYSA-N,O=C(CCCN1CCC(O)(c2ccc(Cl)cc2)CC1)c1ccc(F)cc1,CHEMBL54,HALOPERIDOL
LFVPBERIVUNMGV-UHFFFAOYSA-N,Cl.O=S(=O)(c1cccc2cnccc12)N1CCCNCC1,CHEMBL541388,FASUDIL HYDROCHLORIDE
RMXZRJYGJMSDQK-UHFFFAOYSA-N,COc1ccc(NS(=O)(=O)c2sc3ccc(Cl)cc3c2C)cc1N1CCNCC1.Cl,CHEMBL542139,
VAHMWGICKYTGSY-UHFFFAOYSA-N,Cl.Fc1ccc(C(OCCN2CCN(CCCc3ccccc3)CC2)c2ccc(F)cc2)cc1,CHEMBL542933,
SWZTYAVBMYWFGS-UHFFFAOYSA-N,CCCCCCCCc1ccc(CCC(N)(CO)CO)cc1.Cl,CHEMBL544665,FINGOLIMOD HYDROCHLORIDE
XEYBRNLFEZDVAW-ARSRFYASSA-N,CCCCC[C@H](O)/C=C/[C@H]1[C@H](O)CC(=O)[C@@H]1C/C=C\CCCC(=O)O,CHEMBL548,DINOPROSTONE
ZOZCOBFRWRSKQM-UHFFFAOYSA-N,O=C(CCc1ccc(Cl)cc1Cl)Nc1c(Cl)ccc2nc(N3CCNCC3)ccc12,CHEMBL551767,
BCFGMOOMADDAQU-UHFFFAOYSA-N,CS(=O)(=O)CCNCc1ccc(-c2ccc3ncnc(Nc4ccc(OCc5cccc(F)c5)c(Cl)c4)c3c2)o1,CHEMBL554,LAPATINIB
RGCKGOZRHPZPFP-UHFFFAOYSA-N,O=C1c2ccccc2C(=O)c2c1ccc(O)c2O,CHEMBL55814,ATHRAQUINONES A
WVSBGSNVCDAMCF-UHFFFAOYSA-N,O=C(O)c1ccc(-c2c[nH]c3ncc(-c4ccccc4)cc23)cc1C1CCCC1,CHEMBL558642,GSK-650394
YABJJWZLRMPFSI-UHFFFAOYSA-N,Cn1c(Nc2ccc(C(F)(F)F)cc2)nc2cc(Oc3ccnc(-c4ncc(C(F)(F)F)[nH]4)c3)ccc21,CHEMBL558752,RAF-265
LJBVKRYJJZQKGE-UHFFFAOYSA-N,CS(=O)(=O)c1ccccc1-c1ccc(NC(=O)c2cc(C(F)(F)F)nn2-c2cccc(CN)c2)c(F)c1.Cl,CHEMBL559015,
IYOZTVGMEWJPKR-IJLUTSLNSA-N,C[C@@H](N)[C@H]1CC[C@H](C(=O)Nc2ccncc2)CC1,CHEMBL559147,Y-27632
ASXGJMSKWNBENU-UHFFFAOYSA-N,CCCN(CCC)C1CCc2cccc(O)c2C1,CHEMBL56,8-OH-DPAT
UTXKLVJJPSLQCP-UHFFFAOYSA-N,Cc1cc(-c2ccc(Cl)c(C(=O)NCC3(O)CCCCCC3)c2)nn1CC(=O)NCCN(C)C,CHEMBL560563,
BIODYGOZWZNCAG-UHFFFAOYSA-N,O=C(Nc1ccccc1)N1CCC(Cc2cnc3ccccc3c2)CC1,CHEMBL560590,
ZFVRYNYOPQZKDG-MQMHXKEQSA-N,CC1(C)CC(=O)c2c(C(F)(F)F)nn(-c3ccc(C(N)=O)c(N[C@H]4CC[C@H](O)CC4)c3)c2C1,CHEMBL560895,SNX-2112
FATGTHLOZSXOBC-UHFFFAOYSA-N,Cc1c(Cc2ccc3ccccc3n2)c2cc(F)ccc2n1CC(=O)O,CHEMBL560993,TIMAPIPRANT
AZEXWHKOMMASPA-UHFFFAOYSA-N,Cn1cc(-c2ccncc2)c(-c2ccc(OCc3ccc4ccccc4n3)cc2)n1,CHEMBL562318,MARDEPODECT
RCOBWVAGWYRNHZ-UHFFFAOYSA-N,Cc1c[nH]c(=O)n(CCCN2CCN(c3ccccc3OCC(F)(F)F)CC2)c1=O,CHEMBL56331,
CHNUOJQWGUIOLD-NFZZJPOKSA-N,CC(/C=C1\SC(=S)N(CC(=O)O)C1=O)=C\c1ccccc1,CHEMBL56337,EPALRESTAT
TUCIOBMMDDOEMM-RIYZIHGNSA-N,N#C/C(=C\c1ccc(O)c(O)c1)C(=O)NCc1ccccc1,CHEMBL56543,
OAVGBZOFDPFGPJ-UHFFFAOYSA-N,CN1CCN(c2nc(C3=C(c4c[nH]c5ccccc45)C(=O)NC3=O)c3ccccc3n2)CC1,CHEMBL565612,SOTRASTAURIN
KPBNHDGDUADAGP-VAWYXSNFSA-N,O=C(/C=C/c1cccnc1)NCCCCC1CCN(C(=O)c2ccccc2)CC1,CHEMBL566757,DAPORINAD
RGCVKNLCSQQDEP-UHFFFAOYSA-N,OCCN1CCN(CCCN2c3ccccc3Sc3ccc(Cl)cc32)CC1,CHEMBL567,PERPHENAZINE
HKHOVJYOELRGMV-XYOKQWHBSA-N,N#C/C(=C\c1ccc(O)c(O)c1)C(=O)Nc1ccccc1,CHEMBL56731,
VHSVKVWHYFBIFJ-HKZYLEAXSA-N,CC(=O)c1ccc2c(c1)[C@@H]1C=CC[C@@H]1[C@H](c1cc3c(cc1Br)OCO3)N2,CHEMBL569766,
GCIKSSRWRFVXBI-UHFFFAOYSA-N,Cc1cc(Nc2cc(N3CCN(C)CC3)nc(Sc3ccc(NC(=O)C4CC4)cc3)n2)n[nH]1,CHEMBL572878,TOZASERTIB
RAHBGWKEPAQNFF-UHFFFAOYSA-N,CC1(C)CNc2cc(NC(=O)c3cccnc3NCc3ccncc3)ccc21,CHEMBL572881,MOTESANIB
PVNIIMVLHYAWGP-UHFFFAOYSA-N,O=C(O)c1cccnc1,CHEMBL573,NIACIN
TUVCWJQQGGETHL-UHFFFAOYSA-N,Oc1cccc(-c2nc(N3CCOCC3)c3oc4ncccc4c3n2)c1,CHEMBL573339,PI-103
TZQGXAHOROZEKN-UHFFFAOYSA-N,c1ccc(C(OC2CCN(CCCc3nnn[nH]3)CC2)c2ccccc2)cc1,CHEMBL574003,
SLCFEJAMCRLYRG-UHFFFAOYSA-N,Cc1cc(Nc2ncc3cc(-c4c(Cl)cccc4Cl)c(=O)n(C)c3n2)ccc1F,CHEMBL574058,
ODPGGGTTYSGTGO-UHFFFAOYSA-N,CCN1CCN(Cc2ccc(NC(=O)Nc3ccc(Oc4cc(NC)ncn4)cc3)cc2C(F)(F)F)CC1,CHEMBL574738,AST-487
XIVUGRBSBIXXJE-UHFFFAOYSA-N,COc1cc2c(NC3CCN(C)CC3)nc(N3CCCN(C)CC3)nc2cc1OCCCN(C)C,CHEMBL576781,
CVWXJKQAOSCOAB-UHFFFAOYSA-N,CC(C)(C)c1cc(NC(=O)Nc2ccc(-c3cn4c(n3)sc3cc(OCCN5CCOCC5)ccc34)cc2)no1,CHEMBL576982,QUIZARTINIB
FYHKPZFIVNTTHR-ZZWVMVCISA-N,CC(C)(C)C[C@H]1N[C@@H](C(=O)NCC[C@H](O)CO)[C@H](c2cccc(Cl)c2F)[C@@]12C(=O)Nc1cc(Cl)ccc12,CHEMBL578028,
PAGZCEHLFCJSPV-UHFFFAOYSA-N,Nc1ccc(-c2nc3ccc(-c4nc5ccc(N)cc5[nH]4)cc3[nH]2)cc1,CHEMBL578741,
BAQXWJQSUXZVIP-UHFFFAOYSA-N,CC1(C)C(=O)N=C2C1=C(O)C(=O)c1ccccc12,CHEMBL580421,
HGXSLPIXNPASGZ-UHFFFAOYSA-N,Nc1nonc1/C(=N/O)Nc1ccc(F)c(Cl)c1,CHEMBL584991,
HGVNLRPZOWWDKD-UHFFFAOYSA-N,FC(F)c1nc2ccccc2n1-c1nc(N2CCOCC2)nc(N2CCOCC2)n1,CHEMBL586702,ZSTK-474
OONFNUWBHFSNBT-HXUWFJFHSA-N,CCN1CCN(Cc2ccc(-c3cc4c(N[C@H](C)c5ccccc5)ncnc4[nH]3)cc2)CC1,CHEMBL587723,AEE-788
JNODQFNWMXFMEV-UHFFFAOYSA-N,Cc1ccc2c(c1)c1c(n2CCc2ccc(C)nc2)CCN(C)C1,CHEMBL589390,LATREPIRDINE
YQNRVGJCPCNMKT-LFVJCYFKSA-N,C=CCc1cccc(/C=N/NC(=O)CN2CCN(Cc3ccccc3)CC2)c1O,CHEMBL591429,PAC-1
MNLNAGRCHNMKKJ-UHFFFAOYSA-N,CCCOCCn1c(=O)c(N2CCN(CCO)CC2)nc2cnc(-c3ccc(OC)nc3)cc21,CHEMBL591501,PF-03049423
DWZAEMINVBZMHQ-UHFFFAOYSA-N,CN(C)C1CCN(C(=O)c2ccc(NC(=O)Nc3ccc(-c4nc(N5CCOCC5)nc(N5CCOCC5)n4)cc3)cc2)CC1,CHEMBL592445,GEDATOLISIB
JNENSSREQFBZGT-UHFFFAOYSA-N,N=C1Sc2ccccc2C2=NCCCN12,CHEMBL595227,
CGIGDMFJXJATDK-UHFFFAOYSA-N,COc1ccc2c(c1)c(CC(=O)O)c(C)n2C(=O)c1ccc(Cl)cc1,CHEMBL6,INDOMETHACIN
KTEIFNKAUNYNJU-GFCCVEGCSA-N,C[C@@H](Oc1cc(-c2cnn(C3CCNCC3)c2)cnc1N)c1c(Cl)ccc(F)c1Cl,CHEMBL601719,CRIZOTINIB
JOSHOGBFUULHNI-LYKFAKFTSA-N,CC1=C(/C=C/C(C)=C/C=C/C(C)=C/C(=O)NCCO)C(C)(C)CCC1,CHEMBL60405,
GQJVOVBBBZRUBH-UHFFFAOYSA-N,CCCc1cc(=O)oc2cc(O)ccc12,CHEMBL605407,
BZBBTGCKPRSPGF-UHFFFAOYSA-N,COc1ccc(Cn2cc(C(=O)O)c(=O)c3ccccc32)cc1,CHEMBL608112,
MUTBJZVSRNUIHA-UHFFFAOYSA-N,O=C(NO)c1cnc(N2CCN(S(=O)(=O)c3ccc4ccccc4c3)CC2)nc1,CHEMBL609583,R-306465
YJGVMLPVUAXIQN-XVVDYKMHSA-N,COc1cc([C@@H]2c3cc4c(cc3[C@H](O)[C@H]3COC(=O)[C@H]23)OCO4)cc(OC)c1OC,CHEMBL61,PODOFILOX
BOCUKUHCLICSIY-UHFFFAOYSA-N,NS(=O)(=O)c1cc2c(cc1Cl)NC(C1CC3C=CC1C3)NS2(=O)=O,CHEMBL61593,CYCLOTHIAZIDE
SOBIQASFWVQIRM-LSCFUAHRSA-N,OC[C@H]1O[C@@H](n2cnc3c(SCc4ccc(Cl)cc4Cl)ncnc32)[C@H](O)[C@@H]1O,CHEMBL61741,
BYUCSFWXCMTYOI-ZRDIBKRKSA-N,O=C1O/C(=C/Br)CCC1c1cccc2ccccc12,CHEMBL6206,BROMOENOL LACTONE
PJFMAVHETLRJHJ-UHFFFAOYSA-N,Cn1c(=O)c2nc(-c3ccccc3)[nH]c2n(C)c1=O,CHEMBL62350,8-PHENYL THEOPHYLLINE
KRMDCWKBEZIMAB-UHFFFAOYSA-N,CN(C)CCC=C1c2ccccc2CCc2ccccc21,CHEMBL629,AMITRIPTYLINE
BCEHBSKCWLPMDN-MGPLVRAMSA-N,C[C@@H](c1ncncc1F)[C@](O)(Cn1cncn1)c1ccc(F)cc1F,CHEMBL638,VORICONAZOLE
XRYLGRGAWQSVQW-UHFFFAOYSA-N,CN1CCN(C2Cc3ccccc3Sc3ccc(Cl)cc32)CC1,CHEMBL64249,CLOROTEPINE
UEQUQVLFIPOEMF-UHFFFAOYSA-N,CN1CCN2c3ccccc3Cc3ccccc3C2C1,CHEMBL6437,MIANSERIN
ZYGHJZDHTFUPRJ-UHFFFAOYSA-N,O=c1ccc2ccccc2o1,CHEMBL6466,COUMARIN
VSJKWCGYPAHWDS-FQEVSTJZSA-N,CC[C@@]1(O)C(=O)OCc2c1cc1n(c2=O)Cc2cc3ccccc3nc2-1,CHEMBL65,CAMPTOTHECIN
RQCXKDWOCUJWQZ-UHFFFAOYSA-N,Nc1ncnc2nc(-c3ccc(N4CCOCC4)nc3)cc(-c3cccc(Br)c3)c12,CHEMBL66089,
NTXUAWGNGBSCRS-TZQXKBMNSA-N,C[C@H]1O[C@@H](n2cc(I)c3c(N)ncnc32)[C@H](O)[C@@H]1O,CHEMBL66280,"5-IODO,5'-DEOXYTUBERCIDIN"
HVXBOLULGPECHP-WAYWQWQTSA-N,COc1ccc(/C=C\c2cc(OC)c(OC)c(OC)c2)cc1O,CHEMBL67,COMBRETASTATIN A4
WWUZIQQURGPMPG-KRWOKUGFSA-N,CCCCCCCCCCCCC/C=C/[C@@H](O)[C@@H](N)CO,CHEMBL67166,SPHINGOSINE
YMTINGFKWWXKFG-UHFFFAOYSA-N,CC(C)OC(=O)C(C)(C)Oc1ccc(C(=O)c2ccc(Cl)cc2)cc1,CHEMBL672,FENOFIBRATE
GEFQWZLICWMTKF-CDUCUWFYSA-N,C[C@H](N)[C@H](O)c1ccc(O)c(O)c1,CHEMBL677,LEVONORDEFRIN
BFPYWIDHMRZLRN-SLHNCBLASA-N,C#C[C@]1(O)CC[C@H]2[C@@H]3CCc4cc(O)ccc4[C@H]3CC[C@@]21C,CHEMBL691,ETHINYL ESTRADIOL
SZWKGOZKRMMLAJ-UHFFFAOYSA-N,CC1(C)CCC(C)(C)c2cc(C(=O)Nc3ccc(C(=O)O)cc3)ccc21,CHEMBL69367,
MVWVFYHBGMAFLY-UHFFFAOYSA-N,O=C1Cc2cc(CCN3CCN(c4nsc5ccccc45)CC3)c(Cl)cc2N1,CHEMBL708,ZIPRASIDONE
ZPEIMTDSQAKGNT-UHFFFAOYSA-N,CN(C)CCCN1c2ccccc2Sc2ccc(Cl)cc21,CHEMBL71,CHLORPROMAZINE
DBEPLOCGEIEOCV-WSBQPABSSA-N,CC(C)(C)NC(=O)[C@H]1CC[C@H]2[C@@H]3CC[C@H]4NC(=O)C=C[C@]4(C)[C@H]3CC[C@]12C,CHEMBL710,FINASTERIDE
NDAUXUAQIAJITI-UHFFFAOYSA-N,CC(C)(C)NCC(O)c1ccc(O)c(CO)c1,CHEMBL714,ALBUTEROL
DDNCQMVWWZOMLN-IRLDBZIGSA-N,CCOC(=O)C1=C[C@]2(CC)CCCN3CCc4c(n1c1ccccc41)[C@@H]32,CHEMBL71752,VINPOCETINE
OGHNVEJMJSYVRP-UHFFFAOYSA-N,COc1ccccc1OCCNCC(O)COc1cccc2[nH]c3ccccc3c12,CHEMBL723,CARVEDILOL
LMXYVLFTZRPNRV-KMKOMSMNSA-N,O=C1Nc2ccc(I)cc2/C1=C/c1cc(Br)c(O)c(Br)c1,CHEMBL72365,
KJHKTHWMRKYKJE-SUGCFTRWSA-N,Cc1cccc(C)c1OCC(=O)N[C@@H](Cc1ccccc1)[C@@H](O)C[C@H](Cc1ccccc1)NC(=O)[C@H](C(C)C)N1CCCNC1=O,CHEMBL729,LOPINAVIR
AKJHMTWEGVYYSE-FXILSDISSA-N,CC1=C(/C=C/C(C)=C/C=C/C(C)=C/C(=O)Nc2ccc(O)cc2)C(C)(C)CCC1,CHEMBL7301,FENRETINIDE
CFJMRBQWBDQYMK-UHFFFAOYSA-N,CCN(CC)CCOCCOC(=O)C1(c2ccccc2)CCCC1,CHEMBL73234,CARBETAPENTANE
ULSUXBXHSYSGDT-UHFFFAOYSA-N,COc1ccc(-c2cc(=O)c3c(OC)c(OC)c(OC)c(OC)c3o2)cc1,CHEMBL73930,TANGERETIN
XMAYWYJOQHXEEK-OZXSUGGESA-N,CC(=O)N1CCN(c2ccc(OC[C@H]3CO[C@](Cn4ccnc4)(c4ccc(Cl)cc4Cl)O3)cc2)CC1,CHEMBL75,
UBQNRHZMVUUOMG-UHFFFAOYSA-N,NS(=O)(=O)Cc1noc2ccccc12,CHEMBL750,ZONISAMIDE
UPTYCYWTFGTCCG-UHFFFAOYSA-N,O=S(=O)(c1cccc2cnccc12)N1CCNCC1,CHEMBL75773,
WHTVZRBIWZFKQO-UHFFFAOYSA-N,CCN(CC)CCCC(C)Nc1ccnc2cc(Cl)ccc12,CHEMBL76,CHLOROQUINE
VTJXFTPMFYAJJU-UHFFFAOYSA-N,N#CC(C#N)=Cc1ccc(O)c(O)c1,CHEMBL76904,TYRPHOSTIN 23
CMHQDSBIBSKHFP-UHFFFAOYSA-N,O=C(O)C1=CCCN(CCOC(c2ccc(C(F)(F)F)cc2)c2ccc(C(F)(F)F)cc2)C1,CHEMBL77287,
SETFNECMODOHTO-UHFFFAOYSA-N,NS(=O)(=O)c1ccc(S(=O)(=O)Nc2cccc3c(Cl)c[nH]c23)cc1,CHEMBL77517,INDISULAM
WOXKDUGGOYFFRN-IIBYNOLFSA-N,CN1CC(=O)N2[C@H](c3ccc4c(c3)OCO4)c3[nH]c4ccccc4c3C[C@@H]2C1=O,CHEMBL779,TADALAFIL
JKNOYWVMHPMBEL-UNXLUWIOSA-N,N#CC(C#N)=C(N)/C(C#N)=C/c1cc(O)c(O)c(O)c1,CHEMBL78257,TYRPHOSTIN 51
UCHDWCPVSPXUMX-TZIWLTJVSA-N,CC(C)(O)c1ccccc1CC[C@@H](SCC1(CC(=O)O)CC1)c1cccc(/C=C/c2ccc3ccc(Cl)cc3n2)c1,CHEMBL787,MONTELUKAST
NNJVILVZKWQKPM-UHFFFAOYSA-N,CCN(CC)CC(=O)Nc1c(C)cccc1C,CHEMBL79,LIDOCAINE
JZRMBDHPALEPDM-UHFFFAOYSA-N,O=C(Nc1cc(Cl)cc2c1[nH]c1cnccc12)c1cccnc1,CHEMBL79004,
RONQPWQYDRPRGG-UHFFFAOYSA-N,O=C1NC(=O)c2cc(Nc3ccc(F)cc3)c(Nc3ccc(F)cc3)cc21,CHEMBL7939,CGP-53353
RRGUKTPIGVIEKM-UHFFFAOYSA-N,O=C1CCc2cc(OCCCCc3nnnn3C3CCCCC3)ccc2N1,CHEMBL799,CILOSTAZOL
ORZXYSPOAVJYRU-HOTGVXAUSA-N,O=C[C@@H]1CCCN1C(=O)[C@@H]1CCCN1C(=O)OCc1ccccc1,CHEMBL79993,Z-PRO-PROLINAL
MYSWGUAQZAJSOK-UHFFFAOYSA-N,O=C(O)c1cn(C2CC2)c2cc(N3CCNCC3)c(F)cc2c1=O,CHEMBL8,CIPROFLOXACIN
GZUITABIAKMVPG-UHFFFAOYSA-N,O=C(c1ccc(OCCN2CCCCC2)cc1)c1c(-c2ccc(O)cc2)sc2cc(O)ccc12,CHEMBL81,RALOXIFENE
VNYBTNPBYXSMOO-UHFFFAOYSA-M,CN(C)C(=O)Oc1ccc[n+](C)c1.[Br-],CHEMBL812,PYRIDOSTIGMINE BROMIDE
FUSNMLFNXJSCDI-UHFFFAOYSA-N,Cc1cccc(N(C)C(=S)Oc2ccc3ccccc3c2)c1,CHEMBL83668,TOLNAFTATE
FJHBVJOVLFPMQE-QFIPXVFZSA-N,CCc1c2c(nc3ccc(O)cc13)-c1cc3c(c(=O)n1C2)COC(=O)[C@]3(O)CC,CHEMBL837,7-ETHYL-10-HYDROXYCAMPTOTHECIN
GMRQFYUYWCNGIN-NKMMMXOESA-N,C=C1/C(=C\C=C2/CCC[C@]3(C)[C@@H]([C@H](C)CCCC(C)(C)O)CC[C@@H]23)C[C@@H](O)C[C@@H]1O,CHEMBL846,CALCITRIOL
XEFQLINVKFYRCS-UHFFFAOYSA-N,Oc1cc(Cl)ccc1Oc1ccc(Cl)cc1Cl,CHEMBL849,TRICLOSAN
JBHLYIVFFLNISJ-UHFFFAOYSA-N,CCCCN1CCC(CCC(=O)c2cc(Cl)c(N)cc2OC)CC1,CHEMBL85251,
WREGKURFCTUGRC-POYBYMJQSA-N,Nc1ccn([C@H]2CC[C@@H](CO)O2)c(=O)n1,CHEMBL853,ZALCITABINE
HXNFUBHNUDHIGC-UHFFFAOYSA-N,Oc1nc(O)c2cn[nH]c2n1,CHEMBL859,OXYPURINOL
LNPDTQAFDNKSHK-UHFFFAOYSA-N,Cc1onc(-c2ccccc2)c1-c1ccc(S(N)(=O)=O)cc1,CHEMBL865,VALDECOXIB
ISFPDBUKMJDAJH-UHFFFAOYSA-N,O=C1CCc2c(ccc3ccccc23)O1,CHEMBL86537,SPLITOMICIN
HPNSFSBZBAHARI-RUDMXATFSA-N,COc1c(C)c2c(c(O)c1C/C=C(\C)CCC(=O)O)C(=O)OC2,CHEMBL866,MYCOPHENOLIC ACID
OGSPWJRAVKPPFI-UHFFFAOYSA-N,NCCCC(O)(P(=O)(O)O)P(=O)(O)O,CHEMBL870,ALENDRONIC ACID
AQCHWTWZEMGIFD-UHFFFAOYSA-N,Cc1ccccc1N1C(=O)c2cc(S(N)(=O)=O)c(Cl)cc2NC1C,CHEMBL878,METOLAZONE
WAOQONBSWFLFPE-VIFPVBQESA-N,CCN1CCC[C@H]1CNC(=O)c1c(O)c(Cl)cc(Cl)c1OC,CHEMBL8809,RACLOPRIDE
TWWFAXQOKNBUCR-UHFFFAOYSA-N,O=C(Cc1ccccc1)Nc1nc2ccc(Cl)cc2c2nc(-c3ccco3)nn12,CHEMBL88147,
XQSPYNMVSIKCOC-NTSWFWBYSA-N,Nc1nc(=O)n([C@@H]2CS[C@H](CO)O2)cc1F,CHEMBL885,EMTRICITABINE
ZCYOBMASPXQBSZ-UHFFFAOYSA-N,COc1cc(C(=O)NCC2(N(C)C)CCCC2)cc(OC)c1OCc1ccccc1,CHEMBL88588,
RUOKEQAAGRXIBM-GFCCVEGCSA-N,C#CCN[C@@H]1CCc2ccccc21,CHEMBL887,RASAGILINE
XUFQPHANEAPEMJ-UHFFFAOYSA-N,NC(N)=Nc1nc(CSCC/C(N)=N/S(N)(=O)=O)cs1,CHEMBL902,FAMOTIDINE
MBNGWHIJMBWFHU-UHFFFAOYSA-N,COc1ccc(-c2cc(=O)c3c(O)cc(O)cc3o2)cc1O,CHEMBL90568,DIOSMETIN
FMGSKLZLMKYGDP-USOAJAOKSA-N,C[C@]12CC[C@H](O)CC1=CC[C@@H]1[C@@H]2CC[C@]2(C)C(=O)CC[C@@H]12,CHEMBL90593,PRASTERONE
OTKUTGIVEREJLL-UHFFFAOYSA-N,CN1CCN(C2=Cc3ccccc3Oc3ccc(Cl)cc32)CC1,CHEMBL90882,
RWTNPBWLLIMQHL-UHFFFAOYSA-N,CC(C)(C(=O)O)c1ccc(C(O)CCCN2CCC(C(O)(c3ccccc3)c3ccccc3)CC2)cc1,CHEMBL914,FEXOFENADINE
DRSJLVGDSNWQBI-SFHVURJKSA-N,COc1cccc(OC)c1-c1ccc(C[C@H](NC(=O)c2c(Cl)cccc2Cl)C(=O)O)cc1,CHEMBL91485,
COKMIXFXJJXBQG-NRFANRHFSA-N,CCCCS(=O)(=O)N[C@@H](Cc1ccc(OCCCCC2CCNCC2)cc1)C(=O)O,CHEMBL916,TIROFIBAN
QISLMXIYRQCLIR-FUMNGEBKSA-N,CSCC[C@H](NC(=O)[C@H](Cc1ccccc1)NC[C@@H](NC[C@@H](N)CS)C(C)C)C(=O)O,CHEMBL91722,
IIDJRNMFWXDHID-UHFFFAOYSA-N,O=P(O)(O)C(O)(Cc1cccnc1)P(=O)(O)O,CHEMBL923,RISEDRONIC ACID
XRASPMIURGNCCH-UHFFFAOYSA-N,O=P(O)(O)C(O)(Cn1ccnc1)P(=O)(O)O,CHEMBL924,ZOLEDRONIC ACID ANHYDROUS
MWLSOWXNZPKENC-UHFFFAOYSA-N,CC(c1cc2ccccc2s1)N(O)C(N)=O,CHEMBL93,ZILEUTON
ZQAQXZBSGZUUNL-UHFFFAOYSA-N,CNc1ccc(-c2nc3ccc(O)cc3s2)cc1,CHEMBL93124,PITTSBURGH COMPOUND B UNLABELLED
MDMWHKZANMNXTF-UHFFFAOYSA-N,COC(=O)c1c(C)[nH]c(C)c1C(=O)c1ccccc1Cc1ccccc1,CHEMBL93655,
KDFQABSFVYLGPM-QFIPXVFZSA-N,Cc1cccc(NC(=O)N[C@@H]2N=C(c3ccccc3)c3ccccc3N(C)C2=O)c1,CHEMBL9387,L-365260
XGALLCVXEZPNRQ-UHFFFAOYSA-N,COc1cc2ncnc(Nc3ccc(F)c(Cl)c3)c2cc1OCCCN1CCOCC1,CHEMBL939,GEFITINIB
PIJVFDBKTWXHHD-HIFRSBDPSA-N,CNC(=O)Oc1ccc2c(c1)[C@]1(C)CCN(C)[C@@H]1N2C,CHEMBL94,PHYSOSTIGMINE
UGJMXCAKCUNAIE-UHFFFAOYSA-N,NCC1(CC(=O)O)CCCCC1,CHEMBL940,GABAPENTIN
XSDQTOBWRPYKKA-UHFFFAOYSA-N,N=C(N)NC(=O)c1nc(Cl)c(N)nc1N,CHEMBL945,AMILORIDE
JRURYQJSLYLRLN-BJMVGYQFSA-N,CCN(CC)C(=O)/C(C#N)=C/c1cc(O)c(O)c([N+](=O)[O-])c1,CHEMBL953,ENTACAPONE
GKIRPKYJQBWNGO-OCEACIFDSA-N,CCN(CC)CCOc1ccc(/C(=C(/Cl)c2ccccc2)c2ccccc2)cc1,CHEMBL954,ENCLOMIPHENE
PDTYLGXVBIWRIM-UHFFFAOYSA-N,COc1nccc(-c2c(-c3ccc(F)cc3)ncn2C2CCNCC2)n1,CHEMBL95692,SB-242235
DVEXZJFMOKTQEZ-WHYMJUELSA-N,N#CC(=C(\N)Sc1ccccc1N)/C(C#N)=C(/N)Sc1ccccc1N,CHEMBL95758,
IXFPJGBNCFXKPI-FSIHEZPISA-N,C/C=C(/C)C(=O)O[C@H]1C(C)=C2[C@H]([C@@H]1OC(=O)CCCCCCC)[C@@](C)(OC(C)=O)C[C@H](OC(=O)CCC)[C@@]1(O)[C@H]2OC(=O)[C@@]1(C)O,CHEMBL96926,THAPSIGARGIN
VPARRMQGLNFBBR-UHFFFAOYSA-N,O=C(CCC(=O)N1CCN(C2CCCC2)CC1)c1ccc(Cl)cc1,CHEMBL97170,
WAEXFXRVDQXREF-UHFFFAOYSA-N,O=C(CCCCCCC(=O)Nc1ccccc1)NO,CHEMBL98,VORINOSTAT
CZQHHVNHHHRRDU-UHFFFAOYSA-N,O=c1cc(N2CCOCC2)oc2c(-c3ccccc3)cccc12,CHEMBL98350,LY-294002
RTKIYFITIVXBLE-QEQCGCAPSA-N,CC(/C=C/C(=O)NO)=C\[C@@H](C)C(=O)c1ccc(N(C)C)cc1,CHEMBL99,TRICHOSTATIN
