uniprot_id,target_key,hgnc,species
Q8N5Z0,AADAT,AADAT,Homo sapiens
Q2M2I8,AAK1,AAK1,Homo sapiens
P08183,ABCB1,ABCB1,Homo sapiens
O95342,ABCB11,ABCB11,Homo sapiens
P33527,ABCC1,ABCC1,Homo sapiens
Q92887,ABCC2,ABCC2,Homo sapiens
O15439,ABCC4,ABCC4,Homo sapiens
Q09428,ABCC8/KCNJ11,ABCC8,Homo sapiens
Q14654,ABCC8/KCNJ11,KCNJ11,Homo sapiens
O60706,ABCC9,ABCC9,Homo sapiens
Q9UNQ0,ABCG2,ABCG2,Homo sapiens
Q8N2K0,ABHD12,ABHD12,Homo sapiens
Q9BV23,ABHD6,ABHD6,Homo sapiens
P00519,ABL1,ABL1,Homo sapiens
P42684,ABL2,ABL2,Homo sapiens
P00519,ABL2/ABL1,ABL1,Homo sapiens
P42684,ABL2/ABL1,ABL2,Homo sapiens
Q13085,ACACA,ACACA,Homo sapiens
O00763,ACACB,ACACB,Homo sapiens
P12821,ACE,ACE,Homo sapiens
P22303,ACHE,ACHE,Homo sapiens
P53396,ACLY,ACLY,Homo sapiens
Q04771,ACVR1,ACVR1,Homo sapiens
P36896,ACVR1B,ACVR1B,Homo sapiens
P27037,ACVR2A,ACVR2A,Homo sapiens
Q13705,ACVR2B,ACVR2B,Homo sapiens
P37023,ACVRL1,ACVRL1,Homo sapiens
P78536,ADAM17,ADAM17,Homo sapiens
O75173,ADAMTS4,ADAMTS4,Homo sapiens
Q9UNA0,ADAMTS5,ADAMTS5,Homo sapiens
P55263,ADK,ADK,Homo sapiens
P30542,ADORA1,ADORA1,Homo sapiens
P29274,ADORA2A,ADORA2A,Homo sapiens
P29274,ADORA2A/ADORA2B,ADORA2A,Homo sapiens
P29275,ADORA2A/ADORA2B,ADORA2B,Homo sapiens
P29275,ADORA2B,ADORA2B,Homo sapiens
P0DMS8,ADORA3,ADORA3,Homo sapiens
P25100,ADRA1A,ADRA1A,Homo sapiens
P25100,ADRA1A/ADRA1B/ADRA1D,ADRA1A,Homo sapiens
P35368,ADRA1A/ADRA1B/ADRA1D,ADRA1B,Homo sapiens
P25100,ADRA1A/ADRA1B/ADRA1D,ADRA1D,Homo sapiens
P35368,ADRA1B,ADRA1B,Homo sapiens
P25100,ADRA1D,ADRA1D,Homo sapiens
P08913,ADRA2A,ADRA2A,Homo sapiens
P18089,ADRA2B,ADRA2B,Homo sapiens
P18825,ADRA2C,ADRA2C,Homo sapiens
P25100,ADRA2C/ADRA2A/ADRA1B/ADRA1A/ADRA1D/ADRA2B,ADRA1A,Homo sapiens
P35368,ADRA2C/ADRA2A/ADRA1B/ADRA1A/ADRA1D/ADRA2B,ADRA1B,Homo sapiens
P25100,ADRA2C/ADRA2A/ADRA1B/ADRA1A/ADRA1D/ADRA2B,ADRA1D,Homo sapiens
P08913,ADRA2C/ADRA2A/ADRA1B/ADRA1A/ADRA1D/ADRA2B,ADRA2A,Homo sapiens
P18089,ADRA2C/ADRA2A/ADRA1B/ADRA1A/ADRA1D/ADRA2B,ADRA2B,Homo sapiens
P18825,ADRA2C/ADRA2A/ADRA1B/ADRA1A/ADRA1D/ADRA2B,ADRA2C,Homo sapiens
P08588,ADRB1,ADRB1,Homo sapiens
P07550,ADRB2,ADRB2,Homo sapiens
P13945,ADRB3,ADRB3,Homo sapiens
P30556,AGTR1,AGTR1,Homo sapiens
P35869,AHR,AHR,Homo sapiens
P14550,AKR1A1,AKR1A1,Homo sapiens
P15121,AKR1B1,AKR1B1,Homo sapiens
O60218,AKR1B10,AKR1B10,Homo sapiens
Q04828,AKR1C1,AKR1C1,Homo sapiens
P52895,AKR1C2,AKR1C2,Homo sapiens
P42330,AKR1C3,AKR1C3,Homo sapiens
P17516,AKR1C4,AKR1C4,Homo sapiens
P31749,AKT1,AKT1,Homo sapiens
P31751,AKT2,AKT2,Homo sapiens
Q9Y243,AKT3,AKT3,Homo sapiens
Q8TES7,ALB,ALB,Homo sapiens
P00352,ALDH1A1,ALDH1A1,Homo sapiens
P05091,ALDH2,ALDH2,Homo sapiens
P30838,ALDH3A1,ALDH3A1,Homo sapiens
Q9UM73,ALK,ALK,Homo sapiens
P18054,ALOX12,ALOX12,Homo sapiens
P16050,ALOX15,ALOX15,Homo sapiens
P09917,ALOX5,ALOX5,Homo sapiens
P20292,ALOX5AP,ALOX5AP,Homo sapiens
P05186,ALPL,ALPL,Homo sapiens
P10696,ALPPL2,ALPPL2,Homo sapiens
P0DUB6,AMY1A/AMY1B/AMY1C,AMY1A,Homo sapiens
P0DTE7,AMY1A/AMY1B/AMY1C,AMY1B,Homo sapiens
P0DTE8,AMY1A/AMY1B/AMY1C,AMY1C,Homo sapiens
Q8NFD2,ANKK1,ANKK1,Homo sapiens
P15144,ANPEP,ANPEP,Homo sapiens
Q06278,AOX1,AOX1,Homo sapiens
P27695,APEX1,APEX1,Homo sapiens
P31941,APOBEC3A,APOBEC3A,Homo sapiens
Q9HC16,APOBEC3G,APOBEC3G,Homo sapiens
P05067,APP,APP,Homo sapiens
P10275,AR,AR,Homo sapiens
P10398,ARAF,ARAF,Homo sapiens
Q9Y4P1,ATG4B,ATG4B,Homo sapiens
P31939,ATIC,ATIC,Homo sapiens
P05023,ATP1A1,ATP1A1,Homo sapiens
O14965,AURKA,AURKA,Homo sapiens
Q96GD4,AURKB,AURKB,Homo sapiens
Q9UQB9,AURKC,AURKC,Homo sapiens
P37288,AVPR1A,AVPR1A,Homo sapiens
P47901,AVPR1B,AVPR1B,Homo sapiens
P30518,AVPR2,AVPR2,Homo sapiens
Q9Y2T1,AXIN2,AXIN2,Homo sapiens
P30530,AXL,AXL,Homo sapiens
P25100,Adra1d/Adra1a,Adra1a,Homo sapiens
P25100,Adra1d/Adra1a,Adra1d,Homo sapiens
P56817,BACE1,BACE1,Homo sapiens
Q9Y5Z0,BACE2,BACE2,Homo sapiens
Q92934,BAD,BAD,Homo sapiens
O75936,BBOX1,BBOX1,Homo sapiens
P06276,BCHE,BCHE,Homo sapiens
P10415,BCL2,BCL2,Homo sapiens
Q16548,BCL2A1,BCL2A1,Homo sapiens
Q07817,BCL2L1,BCL2L1,Homo sapiens
Q9HD36,BCL2L10,BCL2L10,Homo sapiens
Q92843,BCL2L2,BCL2L2,Homo sapiens
P00519,BCR/ABL1,ABL1,Homo sapiens
P11274,BCR/ABL1,BCR,Homo sapiens
Q13490,BIRC2,BIRC2,Homo sapiens
Q13489,BIRC3,BIRC3,Homo sapiens
P51451,BLK,BLK,Homo sapiens
P54132,BLM,BLM,Homo sapiens
Q9NSY1,BMP2K,BMP2K,Homo sapiens
P36894,BMPR1A,BMPR1A,Homo sapiens
O00238,BMPR1B,BMPR1B,Homo sapiens
Q13873,BMPR2,BMPR2,Homo sapiens
P51813,BMX,BMX,Homo sapiens
P15056,BRAF,BRAF,Homo sapiens
P38398,BRCA1,BRCA1,Homo sapiens
P25440,BRD2,BRD2,Homo sapiens
Q15059,BRD3,BRD3,Homo sapiens
O60885,BRD4,BRD4,Homo sapiens
Q58F21,BRDT,BRDT,Homo sapiens
Q8TDC3,BRSK1,BRSK1,Homo sapiens
Q8IWQ3,BRSK2,BRSK2,Homo sapiens
Q9NSI6,BRWD1,BRWD1,Homo sapiens
Q06187,BTK,BTK,Homo sapiens
P00915,CA1,CA1,Homo sapiens
O43570,CA12,CA12,Homo sapiens
Q8N1Q1,CA13,CA13,Homo sapiens
Q9ULX7,CA14,CA14,Homo sapiens
P00918,CA2,CA2,Homo sapiens
P07451,CA3,CA3,Homo sapiens
P22748,CA4,CA4,Homo sapiens
P00915,CA4/CA14/CA5A/CA7/CA5B/CA3/CA2/CA13/CA1/CA12/CA6/CA9,CA1,Homo sapiens
O43570,CA4/CA14/CA5A/CA7/CA5B/CA3/CA2/CA13/CA1/CA12/CA6/CA9,CA12,Homo sapiens
Q8N1Q1,CA4/CA14/CA5A/CA7/CA5B/CA3/CA2/CA13/CA1/CA12/CA6/CA9,CA13,Homo sapiens
Q9ULX7,CA4/CA14/CA5A/CA7/CA5B/CA3/CA2/CA13/CA1/CA12/CA6/CA9,CA14,Homo sapiens
P00918,CA4/CA14/CA5A/CA7/CA5B/CA3/CA2/CA13/CA1/CA12/CA6/CA9,CA2,Homo sapiens
P07451,CA4/CA14/CA5A/CA7/CA5B/CA3/CA2/CA13/CA1/CA12/CA6/CA9,CA3,Homo sapiens
P22748,CA4/CA14/CA5A/CA7/CA5B/CA3/CA2/CA13/CA1/CA12/CA6/CA9,CA4,Homo sapiens
P35218,CA4/CA14/CA5A/CA7/CA5B/CA3/CA2/CA13/CA1/CA12/CA6/CA9,CA5A,Homo sapiens
Q9Y2D0,CA4/CA14/CA5A/CA7/CA5B/CA3/CA2/CA13/CA1/CA12/CA6/CA9,CA5B,Homo sapiens
P23280,CA4/CA14/CA5A/CA7/CA5B/CA3/CA2/CA13/CA1/CA12/CA6/CA9,CA6,Homo sapiens
P43166,CA4/CA14/CA5A/CA7/CA5B/CA3/CA2/CA13/CA1/CA12/CA6/CA9,CA7,Homo sapiens
Q16790,CA4/CA14/CA5A/CA7/CA5B/CA3/CA2/CA13/CA1/CA12/CA6/CA9,CA9,Homo sapiens
P35218,CA5A,CA5A,Homo sapiens
P35218,CA5A/CA5B,CA5A,Homo sapiens
Q9Y2D0,CA5A/CA5B,CA5B,Homo sapiens
Q9Y2D0,CA5B,CA5B,Homo sapiens
P23280,CA6,CA6,Homo sapiens
P43166,CA7,CA7,Homo sapiens
Q16790,CA9,CA9,Homo sapiens
Q00975,CACNA1B,CACNA1B,Homo sapiens
Q13936,CACNA1C,CACNA1C,Homo sapiens
Q01668,CACNA1D,CACNA1D,Homo sapiens
O43497,CACNA1G,CACNA1G,Homo sapiens
O95180,CACNA1H,CACNA1H,Homo sapiens
P54289,CACNA2D1,CACNA2D1,Homo sapiens
Q13936,CACNB2/CACNA1C,CACNA1C,Homo sapiens
Q08289,CACNB2/CACNA1C,CACNB2,Homo sapiens
P0DP23,CALM1/CALM3/CALM2,CALM1,Homo sapiens
P0DP24,CALM1/CALM3/CALM2,CALM2,Homo sapiens
P0DP25,CALM1/CALM3/CALM2,CALM3,Homo sapiens
Q14012,CAMK1,CAMK1,Homo sapiens
Q8IU85,CAMK1D,CAMK1D,Homo sapiens
Q96NX5,CAMK1G,CAMK1G,Homo sapiens
Q9UQM7,CAMK2A,CAMK2A,Homo sapiens
Q13554,CAMK2B,CAMK2B,Homo sapiens
Q13557,CAMK2D,CAMK2D,Homo sapiens
Q9UQM7,CAMK2D/CAMK2B/CAMK2G/CAMK2A,CAMK2A,Homo sapiens
Q13554,CAMK2D/CAMK2B/CAMK2G/CAMK2A,CAMK2B,Homo sapiens
Q13557,CAMK2D/CAMK2B/CAMK2G/CAMK2A,CAMK2D,Homo sapiens
Q13555,CAMK2D/CAMK2B/CAMK2G/CAMK2A,CAMK2G,Homo sapiens
Q13555,CAMK2G,CAMK2G,Homo sapiens
Q16566,CAMK4,CAMK4,Homo sapiens
Q8N5S9,CAMKK1,CAMKK1,Homo sapiens
Q96RR4,CAMKK2,CAMKK2,Homo sapiens
P07384,CAPN1/CAPNS1,CAPN1,Homo sapiens
P04632,CAPN1/CAPNS1,CAPNS1,Homo sapiens
Q86X55,CARM1,CARM1,Homo sapiens
P29466,CASP1,CASP1,Homo sapiens
P42574,CASP3,CASP3,Homo sapiens
P41180,CASR,CASR,Homo sapiens
P16152,CBR1,CBR1,Homo sapiens
P32238,CCKAR,CCKAR,Homo sapiens
P32239,CCKBR,CCKBR,Homo sapiens
P13500,CCL2,CCL2,Homo sapiens
P78396,CCNA1/CDK2,CCNA1,Homo sapiens
P24941,CCNA1/CDK2,CDK2,Homo sapiens
P20248,CCNA2/CDK1,CCNA2,Homo sapiens
P06493,CCNA2/CDK1,CDK1,Homo sapiens
P20248,CCNA2/CDK2,CCNA2,Homo sapiens
P24941,CCNA2/CDK2,CDK2,Homo sapiens
P14635,CCNB3/CDK1/CCNB1/CCNB2,CCNB1,Homo sapiens
O95067,CCNB3/CDK1/CCNB1/CCNB2,CCNB2,Homo sapiens
Q8WWL7,CCNB3/CDK1/CCNB1/CCNB2,CCNB3,Homo sapiens
P06493,CCNB3/CDK1/CCNB1/CCNB2,CDK1,Homo sapiens
P24385,CCND1/CDK4,CCND1,Homo sapiens
P11802,CCND1/CDK4,CDK4,Homo sapiens
P24385,CCND1/CDK6,CCND1,Homo sapiens
Q00534,CCND1/CDK6,CDK6,Homo sapiens
P24864,CCNE1/CDK2,CCNE1,Homo sapiens
P24941,CCNE1/CDK2,CDK2,Homo sapiens
P24864,CCNE1/CDK3,CCNE1,Homo sapiens
Q00526,CCNE1/CDK3,CDK3,Homo sapiens
P24864,CCNE2/CDK2/CCNE1,CCNE1,Homo sapiens
O96020,CCNE2/CDK2/CCNE1,CCNE2,Homo sapiens
P24941,CCNE2/CDK2/CCNE1,CDK2,Homo sapiens
O75909,CCNK/CDK9,CCNK,Homo sapiens
P50750,CCNK/CDK9,CDK9,Homo sapiens
P41597,CCR2,CCR2,Homo sapiens
P51679,CCR4,CCR4,Homo sapiens
P51681,CCR5,CCR5,Homo sapiens
P51686,CCR9,CCR9,Homo sapiens
P28907,CD38,CD38,Homo sapiens
P30304,CDC25A,CDC25A,Homo sapiens
P30305,CDC25B,CDC25B,Homo sapiens
P30307,CDC25C,CDC25C,Homo sapiens
Q5VT25,CDC42BPA,CDC42BPA,Homo sapiens
Q9Y5S2,CDC42BPB,CDC42BPB,Homo sapiens
Q6DT37,CDC42BPG,CDC42BPG,Homo sapiens
O00311,CDC7,CDC7,Homo sapiens
P06493,CDK1,CDK1,Homo sapiens
P14635,CDK1/CCNB1,CCNB1,Homo sapiens
P06493,CDK1/CCNB1,CDK1,Homo sapiens
Q9UQ88,CDK11A,CDK11A,Homo sapiens
P21127,CDK11B,CDK11B,Homo sapiens
O94921,CDK14,CDK14,Homo sapiens
Q00536,CDK16,CDK16,Homo sapiens
Q00537,CDK17,CDK17,Homo sapiens
Q07002,CDK18,CDK18,Homo sapiens
Q9BWU1,CDK19,CDK19,Homo sapiens
P24941,CDK2,CDK2,Homo sapiens
P78396,CDK2/CCNA1/CCNA2,CCNA1,Homo sapiens
P20248,CDK2/CCNA1/CCNA2,CCNA2,Homo sapiens
P24941,CDK2/CCNA1/CCNA2,CDK2,Homo sapiens
Q00526,CDK3,CDK3,Homo sapiens
P11802,CDK4,CDK4,Homo sapiens
Q00535,CDK5,CDK5,Homo sapiens
Q00535,CDK5R1/CDK5,CDK5,Homo sapiens
Q15078,CDK5R1/CDK5,CDK5R1,Homo sapiens
Q00534,CDK6,CDK6,Homo sapiens
P50613,CDK7,CDK7,Homo sapiens
P51946,CDK7/CCNH,CCNH,Homo sapiens
P50613,CDK7/CCNH,CDK7,Homo sapiens
P49336,CDK8,CDK8,Homo sapiens
P50750,CDK9,CDK9,Homo sapiens
O60563,CDK9/CCNT1,CCNT1,Homo sapiens
P50750,CDK9/CCNT1,CDK9,Homo sapiens
Q9UNI1,CELA1,CELA1,Homo sapiens
P23141,CES1,CES1,Homo sapiens
P23141,CES2,CES2,Homo sapiens
P13569,CFTR,CFTR,Homo sapiens
O14757,CHEK1,CHEK1,Homo sapiens
O96017,CHEK2,CHEK2,Homo sapiens
P11229,CHRM1,CHRM1,Homo sapiens
P08172,CHRM2,CHRM2,Homo sapiens
P20309,CHRM3,CHRM3,Homo sapiens
P08173,CHRM4,CHRM4,Homo sapiens
P08912,CHRM5,CHRM5,Homo sapiens
P02708,CHRNA1,CHRNA1,Homo sapiens
P32297,CHRNA3,CHRNA3,Homo sapiens
P32297,CHRNA3/CHRNB1/CHRNB4/CHRNB2/CHRNB3,CHRNA3,Homo sapiens
P11230,CHRNA3/CHRNB1/CHRNB4/CHRNB2/CHRNB3,CHRNB1,Homo sapiens
P17787,CHRNA3/CHRNB1/CHRNB4/CHRNB2/CHRNB3,CHRNB2,Homo sapiens
Q05901,CHRNA3/CHRNB1/CHRNB4/CHRNB2/CHRNB3,CHRNB3,Homo sapiens
P30926,CHRNA3/CHRNB1/CHRNB4/CHRNB2/CHRNB3,CHRNB4,Homo sapiens
P32297,CHRNA3/CHRNB4,CHRNA3,Homo sapiens
P30926,CHRNA3/CHRNB4,CHRNB4,Homo sapiens
P43681,CHRNA4,CHRNA4,Homo sapiens
P43681,CHRNA4/CHRNB2,CHRNA4,Homo sapiens
P17787,CHRNA4/CHRNB2,CHRNB2,Homo sapiens
P32297,CHRNA5/CHRNA3/CHRNB4/CHRNB2,CHRNA3,Homo sapiens
P30532,CHRNA5/CHRNA3/CHRNB4/CHRNB2,CHRNA5,Homo sapiens
P17787,CHRNA5/CHRNA3/CHRNB4/CHRNB2,CHRNB2,Homo sapiens
P30926,CHRNA5/CHRNA3/CHRNB4/CHRNB2,CHRNB4,Homo sapiens
P36544,CHRNA7,CHRNA7,Homo sapiens
P02708,CHRNB1/CHRNA1/CHRNG/CHRND,CHRNA1,Homo sapiens
P11230,CHRNB1/CHRNA1/CHRNG/CHRND,CHRNB1,Homo sapiens
Q07001,CHRNB1/CHRNA1/CHRNG/CHRND,CHRND,Homo sapiens
P07510,CHRNB1/CHRNA1/CHRNG/CHRND,CHRNG,Homo sapiens
P32297,CHRNB3/CHRNA6/CHRNB2/CHRNA3,CHRNA3,Homo sapiens
Q15825,CHRNB3/CHRNA6/CHRNB2/CHRNA3,CHRNA6,Homo sapiens
P17787,CHRNB3/CHRNA6/CHRNB2/CHRNA3,CHRNB2,Homo sapiens
Q05901,CHRNB3/CHRNA6/CHRNB2/CHRNA3,CHRNB3,Homo sapiens
P02708,CHRNB4/CHRNA1,CHRNA1,Homo sapiens
P30926,CHRNB4/CHRNA1,CHRNB4,Homo sapiens
P43681,CHRNB4/CHRNA4,CHRNA4,Homo sapiens
P30926,CHRNB4/CHRNA4,CHRNB4,Homo sapiens
P02708,CHRND/CHRNE/CHRNB1/CHRNG/CHRNA1,CHRNA1,Homo sapiens
P11230,CHRND/CHRNE/CHRNB1/CHRNG/CHRNA1,CHRNB1,Homo sapiens
Q07001,CHRND/CHRNE/CHRNB1/CHRNG/CHRNA1,CHRND,Homo sapiens
Q04844,CHRND/CHRNE/CHRNB1/CHRNG/CHRNA1,CHRNE,Homo sapiens
P07510,CHRND/CHRNE/CHRNB1/CHRNG/CHRNA1,CHRNG,Homo sapiens
O15111,CHUK,CHUK,Homo sapiens
O14578,CIT,CIT,Homo sapiens
P49759,CLK1,CLK1,Homo sapiens
P49760,CLK2,CLK2,Homo sapiens
P49761,CLK3,CLK3,Homo sapiens
Q9HAZ1,CLK4,CLK4,Homo sapiens
P23946,CMA1,CMA1,Homo sapiens
P21554,CNR1,CNR1,Homo sapiens
P34972,CNR2,CNR2,Homo sapiens
Q8NI60,COQ8A,COQ8A,Homo sapiens
Q96D53,COQ8B,COQ8B,Homo sapiens
Q92793,CREBBP,CREBBP,Homo sapiens
P34998,CRHR1,CRHR1,Homo sapiens
P07333,CSF1R,CSF1R,Homo sapiens
P41240,CSK,CSK,Homo sapiens
Q8N752,CSNK1A1L,CSNK1A1L,Homo sapiens
P48730,CSNK1D,CSNK1D,Homo sapiens
P49674,CSNK1E,CSNK1E,Homo sapiens
Q9HCP0,CSNK1G1,CSNK1G1,Homo sapiens
P78368,CSNK1G2,CSNK1G2,Homo sapiens
Q9Y6M4,CSNK1G3,CSNK1G3,Homo sapiens
P68400,CSNK2A1,CSNK2A1,Homo sapiens
P19784,CSNK2A2,CSNK2A2,Homo sapiens
P68400,CSNK2B/CSNK2A2/CSNK2A1,CSNK2A1,Homo sapiens
P19784,CSNK2B/CSNK2A2/CSNK2A1,CSNK2A2,Homo sapiens
P67870,CSNK2B/CSNK2A2/CSNK2A1,CSNK2B,Homo sapiens
P17538,CTRB1,CTRB1,Homo sapiens
P07858,CTSB,CTSB,Homo sapiens
P53634,CTSC,CTSC,Homo sapiens
P07339,CTSD,CTSD,Homo sapiens
P09668,CTSH,CTSH,Homo sapiens
P43235,CTSK,CTSK,Homo sapiens
P07711,CTSL,CTSL,Homo sapiens
P25774,CTSS,CTSS,Homo sapiens
O60911,CTSV,CTSV,Homo sapiens
P49238,CX3CR1,CX3CR1,Homo sapiens
P10145,CXCL8,CXCL8,Homo sapiens
P25024,CXCR1,CXCR1,Homo sapiens
P25025,CXCR2,CXCR2,Homo sapiens
P25024,CXCR2/CXCR1,CXCR1,Homo sapiens
P25025,CXCR2/CXCR1,CXCR2,Homo sapiens
P61073,CXCR4,CXCR4,Homo sapiens
P15538,CYP11B1,CYP11B1,Homo sapiens
P19099,CYP11B2,CYP11B2,Homo sapiens
P05093,CYP17A1,CYP17A1,Homo sapiens
P11511,CYP19A1,CYP19A1,Homo sapiens
P04798,CYP1A1,CYP1A1,Homo sapiens
P05177,CYP1A2,CYP1A2,Homo sapiens
Q16678,CYP1B1,CYP1B1,Homo sapiens
Q07973,CYP24A1,CYP24A1,Homo sapiens
O43174,CYP26A1,CYP26A1,Homo sapiens
Q16696,CYP2A13,CYP2A13,Homo sapiens
P11509,CYP2A6,CYP2A6,Homo sapiens
P20813,CYP2B6,CYP2B6,Homo sapiens
P33261,CYP2C19,CYP2C19,Homo sapiens
P10632,CYP2C8,CYP2C8,Homo sapiens
P11712,CYP2C9,CYP2C9,Homo sapiens
P10635,CYP2D6,CYP2D6,Homo sapiens
P51589,CYP2J2,CYP2J2,Homo sapiens
P08684,CYP3A4,CYP3A4,Homo sapiens
P20815,CYP3A5,CYP3A5,Homo sapiens
P78329,CYP4F2,CYP4F2,Homo sapiens
Q16850,CYP51A1,CYP51A1,Homo sapiens
Q9Y271,CYSLTR1,CYSLTR1,Homo sapiens
Q9NS75,CYSLTR2,CYSLTR2,Homo sapiens
Q9Y4D2,DAGLA,DAGLA,Homo sapiens
Q8NCG7,DAGLB,DAGLB,Homo sapiens
P14920,DAO,DAO,Homo sapiens
P53355,DAPK1,DAPK1,Homo sapiens
Q9UIK4,DAPK2,DAPK2,Homo sapiens
O43293,DAPK3,DAPK3,Homo sapiens
O15075,DCLK1,DCLK1,Homo sapiens
Q8N568,DCLK2,DCLK2,Homo sapiens
Q9C098,DCLK3,DCLK3,Homo sapiens
Q99489,DDO,DDO,Homo sapiens
Q08345,DDR1,DDR1,Homo sapiens
Q16832,DDR2,DDR2,Homo sapiens
O75907,DGAT1,DGAT1,Homo sapiens
P00374,DHFR,DHFR,Homo sapiens
Q02127,DHODH,DHODH,Homo sapiens
Q9BPW9,DHRS9,DHRS9,Homo sapiens
Q09013,DMPK,DMPK,Homo sapiens
P26358,DNMT1,DNMT1,Homo sapiens
Q9Y6K1,DNMT3A,DNMT3A,Homo sapiens
Q9UBC3,DNMT3B,DNMT3B,Homo sapiens
Q9Y6K1,DNMT3L/DNMT3A,DNMT3A,Homo sapiens
Q9UJW3,DNMT3L/DNMT3A,DNMT3L,Homo sapiens
Q8TEK3,DOT1L,DOT1L,Homo sapiens
P27487,DPP4,DPP4,Homo sapiens
Q9UHL4,DPP7,DPP7,Homo sapiens
Q6V1X1,DPP8,DPP8,Homo sapiens
Q86TI2,DPP9,DPP9,Homo sapiens
P21728,DRD1,DRD1,Homo sapiens
P14416,DRD2,DRD2,Homo sapiens
P35462,DRD3,DRD3,Homo sapiens
P21917,DRD4,DRD4,Homo sapiens
P21918,DRD5,DRD5,Homo sapiens
Q13627,DYRK1A,DYRK1A,Homo sapiens
Q9Y463,DYRK1B,DYRK1B,Homo sapiens
Q92630,DYRK2,DYRK2,Homo sapiens
P14416,Drd2,Drd2,Homo sapiens
Q13627,Dyrk1a,Dyrk1a,Homo sapiens
Q15125,EBP,EBP,Homo sapiens
O75530,EED/SUZ12/EZH2,EED,Homo sapiens
Q15910,EED/SUZ12/EZH2,EZH2,Homo sapiens
Q15022,EED/SUZ12/EZH2,SUZ12,Homo sapiens
O00418,EEF2K,EEF2K,Homo sapiens
P00533,EGFR,EGFR,Homo sapiens
Q9GZT9,EGLN1,EGLN1,Homo sapiens
Q9H9B1,EHMT1,EHMT1,Homo sapiens
Q96KQ7,EHMT2,EHMT2,Homo sapiens
P19525,EIF2AK2,EIF2AK2,Homo sapiens
Q9NZJ5,EIF2AK3,EIF2AK3,Homo sapiens
Q9P2K8,EIF2AK4,EIF2AK4,Homo sapiens
P08246,ELANE,ELANE,Homo sapiens
Q09472,EP300,EP300,Homo sapiens
P21709,EPHA1,EPHA1,Homo sapiens
P29317,EPHA2,EPHA2,Homo sapiens
P29320,EPHA3,EPHA3,Homo sapiens
P54764,EPHA4,EPHA4,Homo sapiens
P54756,EPHA5,EPHA5,Homo sapiens
Q9UF33,EPHA6,EPHA6,Homo sapiens
Q15375,EPHA7,EPHA7,Homo sapiens
P29322,EPHA8,EPHA8,Homo sapiens
P54762,EPHB1,EPHB1,Homo sapiens
P29323,EPHB2,EPHB2,Homo sapiens
P54753,EPHB3,EPHB3,Homo sapiens
P54760,EPHB4,EPHB4,Homo sapiens
P34913,EPHX2,EPHX2,Homo sapiens
P04626,ERBB2,ERBB2,Homo sapiens
P21860,ERBB3,ERBB3,Homo sapiens
P00533,ERBB4/ERBB3/ERBB2/EGFR,EGFR,Homo sapiens
P04626,ERBB4/ERBB3/ERBB2/EGFR,ERBB2,Homo sapiens
P21860,ERBB4/ERBB3/ERBB2/EGFR,ERBB3,Homo sapiens
Q15303,ERBB4/ERBB3/ERBB2/EGFR,ERBB4,Homo sapiens
P03372,ESR1,ESR1,Homo sapiens
P03372,ESR1/ESR2,ESR1,Homo sapiens
Q92731,ESR1/ESR2,ESR2,Homo sapiens
Q92731,ESR2,ESR2,Homo sapiens
P11474,ESRRA,ESRRA,Homo sapiens
O95718,ESRRB,ESRRB,Homo sapiens
P62508,ESRRG,ESRRG,Homo sapiens
Q92800,EZH1,EZH1,Homo sapiens
Q15910,EZH2,EZH2,Homo sapiens
P00742,F10,F10,Homo sapiens
P03951,F11,F11,Homo sapiens
P00734,F2,F2,Homo sapiens
P25116,F2R,F2R,Homo sapiens
P13726,F3,F3,Homo sapiens
P12259,F5,F5,Homo sapiens
P08709,F7,F7,Homo sapiens
P00740,F9,F9,Homo sapiens
O00519,FAAH,FAAH,Homo sapiens
Q12884,FAP,FAP,Homo sapiens
P49327,FASN,FASN,Homo sapiens
P09467,FBP1,FBP1,Homo sapiens
P14324,FDPS,FDPS,Homo sapiens
P39748,FEN1,FEN1,Homo sapiens
P16591,FER,FER,Homo sapiens
P07332,FES,FES,Homo sapiens
O14842,FFAR1,FFAR1,Homo sapiens
Q5NUL3,FFAR4,FFAR4,Homo sapiens
P11362,FGFR1,FGFR1,Homo sapiens
P21802,FGFR2,FGFR2,Homo sapiens
P11362,FGFR2/FGFR3/FGFR4/FGFR1,FGFR1,Homo sapiens
P21802,FGFR2/FGFR3/FGFR4/FGFR1,FGFR2,Homo sapiens
P22607,FGFR2/FGFR3/FGFR4/FGFR1,FGFR3,Homo sapiens
P22455,FGFR2/FGFR3/FGFR4/FGFR1,FGFR4,Homo sapiens
P22607,FGFR3,FGFR3,Homo sapiens
P22455,FGFR4,FGFR4,Homo sapiens
P09769,FGR,FGR,Homo sapiens
P62942,FKBP1A,FKBP1A,Homo sapiens
P62942,FKBP1A/MTOR,FKBP1A,Homo sapiens
P42345,FKBP1A/MTOR,MTOR,Homo sapiens
P68106,FKBP1B,FKBP1B,Homo sapiens
Q13451,FKBP5,FKBP5,Homo sapiens
P17948,FLT1,FLT1,Homo sapiens
P36888,FLT3,FLT3,Homo sapiens
P35916,FLT4,FLT4,Homo sapiens
P17948,FLT4/FLT1/KDR,FLT1,Homo sapiens
P35916,FLT4/FLT1/KDR,FLT4,Homo sapiens
P35968,FLT4/FLT1/KDR,KDR,Homo sapiens
P49354,FNTA/FNTB,FNTA,Homo sapiens
P49356,FNTA/FNTB,FNTB,Homo sapiens
Q04609,FOLH1,FOLH1,Homo sapiens
P15328,FOLR1,FOLR1,Homo sapiens
P14207,FOLR2,FOLR2,Homo sapiens
P21462,FPR1,FPR1,Homo sapiens
P25090,FPR2,FPR2,Homo sapiens
P42685,FRK,FRK,Homo sapiens
P06241,FYN,FYN,Homo sapiens
P11413,G6PD,G6PD,Homo sapiens
P10253,GAA,GAA,Homo sapiens
Q9UBS5,GABBR2/GABBR1,GABBR1,Homo sapiens
O75899,GABBR2/GABBR1,GABBR2,Homo sapiens
P14867,GABRA1,GABRA1,Homo sapiens
P14867,GABRA1/GABRB2/GABRG2,GABRA1,Homo sapiens
P47870,GABRA1/GABRB2/GABRG2,GABRB2,Homo sapiens
P18507,GABRA1/GABRB2/GABRG2,GABRG2,Homo sapiens
P47869,GABRA2/GABRB3/GABRG2,GABRA2,Homo sapiens
P28472,GABRA2/GABRB3/GABRG2,GABRB3,Homo sapiens
P18507,GABRA2/GABRB3/GABRG2,GABRG2,Homo sapiens
P14867,GABRA5/GABRB2/GABRA3/GABRA1/GABRB3/GABRA2/GABRA4/GABRA6/GABRB1,GABRA1,Homo sapiens
P47869,GABRA5/GABRB2/GABRA3/GABRA1/GABRB3/GABRA2/GABRA4/GABRA6/GABRB1,GABRA2,Homo sapiens
P34903,GABRA5/GABRB2/GABRA3/GABRA1/GABRB3/GABRA2/GABRA4/GABRA6/GABRB1,GABRA3,Homo sapiens
P48169,GABRA5/GABRB2/GABRA3/GABRA1/GABRB3/GABRA2/GABRA4/GABRA6/GABRB1,GABRA4,Homo sapiens
P31644,GABRA5/GABRB2/GABRA3/GABRA1/GABRB3/GABRA2/GABRA4/GABRA6/GABRB1,GABRA5,Homo sapiens
Q16445,GABRA5/GABRB2/GABRA3/GABRA1/GABRB3/GABRA2/GABRA4/GABRA6/GABRB1,GABRA6,Homo sapiens
P18505,GABRA5/GABRB2/GABRA3/GABRA1/GABRB3/GABRA2/GABRA4/GABRA6/GABRB1,GABRB1,Homo sapiens
P47870,GABRA5/GABRB2/GABRA3/GABRA1/GABRB3/GABRA2/GABRA4/GABRA6/GABRB1,GABRB2,Homo sapiens
P28472,GABRA5/GABRB2/GABRA3/GABRA1/GABRB3/GABRA2/GABRA4/GABRA6/GABRB1,GABRB3,Homo sapiens
P34903,GABRB3/GABRA3/GABRG2,GABRA3,Homo sapiens
P28472,GABRB3/GABRA3/GABRG2,GABRB3,Homo sapiens
P18507,GABRB3/GABRA3/GABRG2,GABRG2,Homo sapiens
P48169,GABRB3/GABRA4/GABRG2,GABRA4,Homo sapiens
P28472,GABRB3/GABRA4/GABRG2,GABRB3,Homo sapiens
P18507,GABRB3/GABRA4/GABRG2,GABRG2,Homo sapiens
P14867,GABRB3/GABRG2/GABRA1,GABRA1,Homo sapiens
P28472,GABRB3/GABRG2/GABRA1,GABRB3,Homo sapiens
P18507,GABRB3/GABRG2/GABRA1,GABRG2,Homo sapiens
O14976,GAK,GAK,Homo sapiens
Q14376,GALE,GALE,Homo sapiens
P51570,GALK1,GALK1,Homo sapiens
P04406,GAPDH,GAPDH,Homo sapiens
P22102,GART,GART,Homo sapiens
P02774,GC,GC,Homo sapiens
P47871,GCGR,GCGR,Homo sapiens
P35557,GCK,GCK,Homo sapiens
O95749,GGPS1,GGPS1,Homo sapiens
Q92847,GHSR,GHSR,Homo sapiens
P48546,GIPR,GIPR,Homo sapiens
P06280,GLA,GLA,Homo sapiens
Q04760,GLO1,GLO1,Homo sapiens
P43220,GLP1R,GLP1R,Homo sapiens
P23415,GLRA1,GLRA1,Homo sapiens
O75496,GMNN,GMNN,Homo sapiens
Q8TDU6,GPBAR1,GPBAR1,Homo sapiens
Q99527,GPER1,GPER1,Homo sapiens
Q8TDV5,GPR119,GPR119,Homo sapiens
Q13304,GPR17,GPR17,Homo sapiens
Q14330,GPR18,GPR18,Homo sapiens
P32249,GPR183,GPR183,Homo sapiens
Q9HC97,GPR35,GPR35,Homo sapiens
Q9Y2T5,GPR52,GPR52,Homo sapiens
Q9Y2T6,GPR55,GPR55,Homo sapiens
P42261,GRIA1,GRIA1,Homo sapiens
P42262,GRIA2,GRIA2,Homo sapiens
P42263,GRIA3,GRIA3,Homo sapiens
P48058,GRIA4,GRIA4,Homo sapiens
P39086,GRIK1,GRIK1,Homo sapiens
Q16478,GRIK2,GRIK2,Homo sapiens
Q13003,GRIK3,GRIK3,Homo sapiens
Q16478,GRIK5,GRIK5,Homo sapiens
Q05586,GRIN1/GRIN2B,GRIN1,Homo sapiens
Q13224,GRIN1/GRIN2B,GRIN2B,Homo sapiens
Q05586,GRIN2A/GRIN1,GRIN1,Homo sapiens
Q12879,GRIN2A/GRIN1,GRIN2A,Homo sapiens
Q13224,GRIN2B,GRIN2B,Homo sapiens
Q13255,GRM1,GRM1,Homo sapiens
Q14416,GRM2,GRM2,Homo sapiens
Q14832,GRM3,GRM3,Homo sapiens
P41594,GRM5,GRM5,Homo sapiens
O15303,GRM6,GRM6,Homo sapiens
O00222,GRM8,GRM8,Homo sapiens
P49840,GSK3A,GSK3A,Homo sapiens
P49841,GSK3B,GSK3B,Homo sapiens
P49840,GSK3B/GSK3A,GSK3A,Homo sapiens
P49841,GSK3B/GSK3A,GSK3B,Homo sapiens
P00390,GSR,GSR,Homo sapiens
P08263,GSTA1,GSTA1,Homo sapiens
P09211,GSTP1,GSTP1,Homo sapiens
P13807,GYS1,GYS1,Homo sapiens
Q13255,Grm1,Grm1,Homo sapiens
P68871,HBB,HBB,Homo sapiens
Q8TDS4,HCAR2,HCAR2,Homo sapiens
P49019,HCAR3,HCAR3,Homo sapiens
P08631,HCK,HCK,Homo sapiens
O60741,HCN1,HCN1,Homo sapiens
Q9Y3Q4,HCN4,HCN4,Homo sapiens
O43613,HCRTR1,HCRTR1,Homo sapiens
O43614,HCRTR2,HCRTR2,Homo sapiens
Q13547,HDAC1,HDAC1,Homo sapiens
Q13547,HDAC1/HDAC2,HDAC1,Homo sapiens
Q92769,HDAC1/HDAC2,HDAC2,Homo sapiens
Q969S8,HDAC10,HDAC10,Homo sapiens
Q96DB2,HDAC11,HDAC11,Homo sapiens
Q13547,HDAC11/HDAC6/HDAC2/HDAC1/HDAC9/HDAC5/HDAC7/HDAC4/HDAC3/HDAC10/HDAC8,HDAC1,Homo sapiens
Q969S8,HDAC11/HDAC6/HDAC2/HDAC1/HDAC9/HDAC5/HDAC7/HDAC4/HDAC3/HDAC10/HDAC8,HDAC10,Homo sapiens
Q96DB2,HDAC11/HDAC6/HDAC2/HDAC1/HDAC9/HDAC5/HDAC7/HDAC4/HDAC3/HDAC10/HDAC8,HDAC11,Homo sapiens
Q92769,HDAC11/HDAC6/HDAC2/HDAC1/HDAC9/HDAC5/HDAC7/HDAC4/HDAC3/HDAC10/HDAC8,HDAC2,Homo sapiens
O15379,HDAC11/HDAC6/HDAC2/HDAC1/HDAC9/HDAC5/HDAC7/HDAC4/HDAC3/HDAC10/HDAC8,HDAC3,Homo sapiens
P56524,HDAC11/HDAC6/HDAC2/HDAC1/HDAC9/HDAC5/HDAC7/HDAC4/HDAC3/HDAC10/HDAC8,HDAC4,Homo sapiens
Q9UQL6,HDAC11/HDAC6/HDAC2/HDAC1/HDAC9/HDAC5/HDAC7/HDAC4/HDAC3/HDAC10/HDAC8,HDAC5,Homo sapiens
Q9UBN7,HDAC11/HDAC6/HDAC2/HDAC1/HDAC9/HDAC5/HDAC7/HDAC4/HDAC3/HDAC10/HDAC8,HDAC6,Homo sapiens
Q9UKV0,HDAC11/HDAC6/HDAC2/HDAC1/HDAC9/HDAC5/HDAC7/HDAC4/HDAC3/HDAC10/HDAC8,HDAC7,Homo sapiens
Q9BY41,HDAC11/HDAC6/HDAC2/HDAC1/HDAC9/HDAC5/HDAC7/HDAC4/HDAC3/HDAC10/HDAC8,HDAC8,Homo sapiens
Q9UKV0,HDAC11/HDAC6/HDAC2/HDAC1/HDAC9/HDAC5/HDAC7/HDAC4/HDAC3/HDAC10/HDAC8,HDAC9,Homo sapiens
Q92769,HDAC2,HDAC2,Homo sapiens
O15379,HDAC3,HDAC3,Homo sapiens
P56524,HDAC4,HDAC4,Homo sapiens
Q9UQL6,HDAC5,HDAC5,Homo sapiens
Q9UBN7,HDAC6,HDAC6,Homo sapiens
Q9UKV0,HDAC7,HDAC7,Homo sapiens
Q9BY41,HDAC8,HDAC8,Homo sapiens
Q13547,HDAC8/HDAC5/HDAC3/HDAC1,HDAC1,Homo sapiens
O15379,HDAC8/HDAC5/HDAC3/HDAC1,HDAC3,Homo sapiens
Q9UQL6,HDAC8/HDAC5/HDAC3/HDAC1,HDAC5,Homo sapiens
Q9BY41,HDAC8/HDAC5/HDAC3/HDAC1,HDAC8,Homo sapiens
Q9UKV0,HDAC9,HDAC9,Homo sapiens
P06865,HEXA,HEXA,Homo sapiens
P07686,HEXB,HEXB,Homo sapiens
P06865,HEXB/HEXA,HEXA,Homo sapiens
P07686,HEXB/HEXA,HEXB,Homo sapiens
Q16665,HIF1A,HIF1A,Homo sapiens
Q9NWT6,HIF1AN,HIF1AN,Homo sapiens
Q9H422,HIPK3,HIPK3,Homo sapiens
Q2TB90,HKDC1,HKDC1,Homo sapiens
P04035,HMGCR,HMGCR,Homo sapiens
P09651,HNRNPA1,HNRNPA1,Homo sapiens
P15428,HPGD,HPGD,Homo sapiens
O60760,HPGDS,HPGDS,Homo sapiens
P35367,HRH1,HRH1,Homo sapiens
Q9Y5N1,HRH3,HRH3,Homo sapiens
Q9H3N8,HRH4,HRH4,Homo sapiens
P28845,HSD11B1,HSD11B1,Homo sapiens
P80365,HSD11B2,HSD11B2,Homo sapiens
P14061,HSD17B1,HSD17B1,Homo sapiens
Q99714,HSD17B10,HSD17B10,Homo sapiens
P37059,HSD17B2,HSD17B2,Homo sapiens
P37058,HSD17B3,HSD17B3,Homo sapiens
P14060,HSD3B1,HSD3B1,Homo sapiens
P07900,HSP90AA1,HSP90AA1,Homo sapiens
P08238,HSP90AB1,HSP90AB1,Homo sapiens
P07900,HSP90AB1/HSP90AA1,HSP90AA1,Homo sapiens
P08238,HSP90AB1/HSP90AA1,HSP90AB1,Homo sapiens
P14625,HSP90B1,HSP90B1,Homo sapiens
P11142,HSPA8,HSPA8,Homo sapiens
P04792,HSPB1,HSPB1,Homo sapiens
P08908,HTR1A,HTR1A,Homo sapiens
P28222,HTR1B,HTR1B,Homo sapiens
P28221,HTR1D,HTR1D,Homo sapiens
P28566,HTR1E,HTR1E,Homo sapiens
P28223,HTR2A,HTR2A,Homo sapiens
P28223,HTR2A/HTR2C/HTR2B,HTR2A,Homo sapiens
P41595,HTR2A/HTR2C/HTR2B,HTR2B,Homo sapiens
P28335,HTR2A/HTR2C/HTR2B,HTR2C,Homo sapiens
P41595,HTR2B,HTR2B,Homo sapiens
P28335,HTR2C,HTR2C,Homo sapiens
P46098,HTR3A,HTR3A,Homo sapiens
P46098,HTR3A/HTR3E/HTR3B/HTR3D/HTR3C,HTR3A,Homo sapiens
O95264,HTR3A/HTR3E/HTR3B/HTR3D/HTR3C,HTR3B,Homo sapiens
Q8WXA8,HTR3A/HTR3E/HTR3B/HTR3D/HTR3C,HTR3C,Homo sapiens
Q70Z44,HTR3A/HTR3E/HTR3B/HTR3D/HTR3C,HTR3D,Homo sapiens
A5X5Y0,HTR3A/HTR3E/HTR3B/HTR3D/HTR3C,HTR3E,Homo sapiens
P46098,HTR3B/HTR3A,HTR3A,Homo sapiens
O95264,HTR3B/HTR3A,HTR3B,Homo sapiens
Q13639,HTR4,HTR4,Homo sapiens
P47898,HTR5A,HTR5A,Homo sapiens
P50406,HTR6,HTR6,Homo sapiens
P34969,HTR7,HTR7,Homo sapiens
P31645,HTT,HTT,Homo sapiens
P08908,Htr1a,Htr1a,Homo sapiens
P34969,Htr7,Htr7,Homo sapiens
P05362,ICAM1,ICAM1,Homo sapiens
O60725,ICMT,ICMT,Homo sapiens
P14902,IDO1,IDO1,Homo sapiens
P08069,IGF1R,IGF1R,Homo sapiens
O14920,IKBKB,IKBKB,Homo sapiens
Q14164,IKBKE,IKBKE,Homo sapiens
Q9Y6K9,IKBKG,IKBKG,Homo sapiens
P60568,IL2,IL2,Homo sapiens
P20839,IMPDH1,IMPDH1,Homo sapiens
P12268,IMPDH2,IMPDH2,Homo sapiens
P06213,INSR,INSR,Homo sapiens
P14616,INSRR,INSRR,Homo sapiens
Q9Y616,IRAK3,IRAK3,Homo sapiens
Q9NWZ3,IRAK4,IRAK4,Homo sapiens
P17301,ITGA2/ITGB3,ITGA2,Homo sapiens
P05106,ITGA2/ITGB3,ITGB3,Homo sapiens
P08514,ITGA2B/ITGB3,ITGA2B,Homo sapiens
P05106,ITGA2B/ITGB3,ITGB3,Homo sapiens
P20701,ITGAL,ITGAL,Homo sapiens
P05362,ITGAL/ICAM1/ITGB2,ICAM1,Homo sapiens
P20701,ITGAL/ICAM1/ITGB2,ITGAL,Homo sapiens
P05107,ITGAL/ICAM1/ITGB2,ITGB2,Homo sapiens
P06756,ITGAV,ITGAV,Homo sapiens
P06756,ITGAV/ITGB1,ITGAV,Homo sapiens
P05556,ITGAV/ITGB1,ITGB1,Homo sapiens
P06756,ITGAV/ITGB3,ITGAV,Homo sapiens
P05106,ITGAV/ITGB3,ITGB3,Homo sapiens
P06756,ITGAV/ITGB6,ITGAV,Homo sapiens
P18564,ITGAV/ITGB6,ITGB6,Homo sapiens
P13612,ITGB1/ITGA4,ITGA4,Homo sapiens
P05556,ITGB1/ITGA4,ITGB1,Homo sapiens
P08648,ITGB1/ITGA5,ITGA5,Homo sapiens
P05556,ITGB1/ITGA5,ITGB1,Homo sapiens
P06756,ITGB5/ITGAV,ITGAV,Homo sapiens
P18084,ITGB5/ITGAV,ITGB5,Homo sapiens
P13612,ITGB7/ITGA4,ITGA4,Homo sapiens
P26010,ITGB7/ITGA4,ITGB7,Homo sapiens
Q08881,ITK,ITK,Homo sapiens
P23458,JAK1,JAK1,Homo sapiens
P23458,JAK1/JAK2,JAK1,Homo sapiens
O60674,JAK1/JAK2,JAK2,Homo sapiens
O60674,JAK2,JAK2,Homo sapiens
P52333,JAK3,JAK3,Homo sapiens
P23458,JAK3/JAK1,JAK1,Homo sapiens
P52333,JAK3/JAK1,JAK3,Homo sapiens
Q15046,KARS,KARS,Homo sapiens
P22001,KCNA3,KCNA3,Homo sapiens
P22460,KCNA5,KCNA5,Homo sapiens
Q12809,KCNH2,KCNH2,Homo sapiens
O60706,KCNJ11/ABCC9,ABCC9,Homo sapiens
Q14654,KCNJ11/ABCC9,KCNJ11,Homo sapiens
P48549,KCNJ5/KCNJ3,KCNJ3,Homo sapiens
P48544,KCNJ5/KCNJ3,KCNJ5,Homo sapiens
P48549,KCNJ6/KCNJ3,KCNJ3,Homo sapiens
P48051,KCNJ6/KCNJ3,KCNJ6,Homo sapiens
Q12791,KCNMA1,KCNMA1,Homo sapiens
O15554,KCNN4,KCNN4,Homo sapiens
O43526,KCNQ2,KCNQ2,Homo sapiens
O43525,KCNQ3,KCNQ3,Homo sapiens
P56696,KCNQ4,KCNQ4,Homo sapiens
Q9NR82,KCNQ5,KCNQ5,Homo sapiens
O60341,KDM1A,KDM1A,Homo sapiens
Q9H3R0,KDM4C,KDM4C,Homo sapiens
B2RXH2,KDM4E,KDM4E,Homo sapiens
P35968,KDR,KDR,Homo sapiens
Q14145,KEAP1,KEAP1,Homo sapiens
P52732,KIF11,KIF11,Homo sapiens
P10721,KIT,KIT,Homo sapiens
Q9P0G3,KLK14,KLK14,Homo sapiens
Q9Y337,KLK5,KLK5,Homo sapiens
P49862,KLK7,KLK7,Homo sapiens
O15229,KMO,KMO,Homo sapiens
Q03164,KMT2A,KMT2A,Homo sapiens
Q03164,KMT2A/MEN1,KMT2A,Homo sapiens
O00255,KMT2A/MEN1,MEN1,Homo sapiens
Q9NQR1,KMT5A,KMT5A,Homo sapiens
Q86Y97,KMT5C,KMT5C,Homo sapiens
Q16773,KYAT1,KYAT1,Homo sapiens
Q6YP21,KYAT3,KYAT3,Homo sapiens
Q9Y468,L3MBTL1,L3MBTL1,Homo sapiens
Q96JM7,L3MBTL3,L3MBTL3,Homo sapiens
P28838,LAP3,LAP3,Homo sapiens
O95835,LATS1,LATS1,Homo sapiens
Q9NRM7,LATS2,LATS2,Homo sapiens
P06239,LCK,LCK,Homo sapiens
P53667,LIMK1,LIMK1,Homo sapiens
P53671,LIMK2,LIMK2,Homo sapiens
P11150,LIPC,LIPC,Homo sapiens
Q9Y5X9,LIPG,LIPG,Homo sapiens
Q92633,LPAR1,LPAR1,Homo sapiens
Q9UBY5,LPAR3,LPAR3,Homo sapiens
P06858,LPL,LPL,Homo sapiens
Q5S007,LRRK2,LRRK2,Homo sapiens
P48449,LSS,LSS,Homo sapiens
P09960,LTA4H,LTA4H,Homo sapiens
Q15722,LTB4R,LTB4R,Homo sapiens
Q15722,LTB4R/LTB4R2,LTB4R,Homo sapiens
Q9NPC1,LTB4R/LTB4R2,LTB4R2,Homo sapiens
P29376,LTK,LTK,Homo sapiens
P07948,LYN,LYN,Homo sapiens
P21397,MAOA,MAOA,Homo sapiens
P27338,MAOB,MAOB,Homo sapiens
Q02750,MAP2K1,MAP2K1,Homo sapiens
Q02750,MAP2K1/MAP2K2,MAP2K1,Homo sapiens
P36507,MAP2K1/MAP2K2,MAP2K2,Homo sapiens
Q02750,MAP2K1/RAF1,MAP2K1,Homo sapiens
P04049,MAP2K1/RAF1,RAF1,Homo sapiens
P36507,MAP2K2,MAP2K2,Homo sapiens
P46734,MAP2K3,MAP2K3,Homo sapiens
P45985,MAP2K4,MAP2K4,Homo sapiens
P52564,MAP2K6,MAP2K6,Homo sapiens
Q02779,MAP3K10,MAP3K10,Homo sapiens
Q16584,MAP3K11,MAP3K11,Homo sapiens
Q12852,MAP3K12,MAP3K12,Homo sapiens
Q99558,MAP3K14,MAP3K14,Homo sapiens
Q9NYL2,MAP3K20,MAP3K20,Homo sapiens
Q9Y6R4,MAP3K4,MAP3K4,Homo sapiens
Q99683,MAP3K5,MAP3K5,Homo sapiens
P80192,MAP3K9,MAP3K9,Homo sapiens
Q92918,MAP4K1,MAP4K1,Homo sapiens
Q8IVH8,MAP4K3,MAP4K3,Homo sapiens
O95819,MAP4K4,MAP4K4,Homo sapiens
Q9Y4K4,MAP4K5,MAP4K5,Homo sapiens
P28482,MAPK1,MAPK1,Homo sapiens
P53779,MAPK10,MAPK10,Homo sapiens
Q15759,MAPK11,MAPK11,Homo sapiens
P53778,MAPK12,MAPK12,Homo sapiens
Q15759,MAPK13/MAPK14/MAPK11/MAPK12,MAPK11,Homo sapiens
P53778,MAPK13/MAPK14/MAPK11/MAPK12,MAPK12,Homo sapiens
O15264,MAPK13/MAPK14/MAPK11/MAPK12,MAPK13,Homo sapiens
Q16539,MAPK13/MAPK14/MAPK11/MAPK12,MAPK14,Homo sapiens
Q16539,MAPK14,MAPK14,Homo sapiens
Q8TD08,MAPK15,MAPK15,Homo sapiens
P27361,MAPK3,MAPK3,Homo sapiens
P31152,MAPK4,MAPK4,Homo sapiens
Q16659,MAPK6,MAPK6,Homo sapiens
Q13164,MAPK7,MAPK7,Homo sapiens
P45983,MAPK8,MAPK8,Homo sapiens
P45984,MAPK9,MAPK9,Homo sapiens
P53779,MAPK9/MAPK10/MAPK8,MAPK10,Homo sapiens
P45983,MAPK9/MAPK10/MAPK8,MAPK8,Homo sapiens
P45984,MAPK9/MAPK10/MAPK8,MAPK9,Homo sapiens
P49137,MAPKAPK2,MAPKAPK2,Homo sapiens
P10636,MAPT,MAPT,Homo sapiens
Q9P0L2,MARK1,MARK1,Homo sapiens
Q7KZI7,MARK2,MARK2,Homo sapiens
P27448,MARK3,MARK3,Homo sapiens
Q96L34,MARK4,MARK4,Homo sapiens
Q05BQ5,MBTD1,MBTD1,Homo sapiens
Q99705,MCHR1,MCHR1,Homo sapiens
Q07820,MCL1,MCL1,Homo sapiens
Q00987,MDM2,MDM2,Homo sapiens
Q00987,MDM2/TP53,MDM2,Homo sapiens
P04637,MDM2/TP53,TP53,Homo sapiens
O15151,MDM4/TP53,MDM4,Homo sapiens
P04637,MDM4/TP53,TP53,Homo sapiens
P48163,ME1,ME1,Homo sapiens
Q14680,MELK,MELK,Homo sapiens
Q12866,MERTK,MERTK,Homo sapiens
P08581,MET,MET,Homo sapiens
P50579,METAP2,METAP2,Homo sapiens
Q99685,MGLL,MGLL,Homo sapiens
P16455,MGMT,MGMT,Homo sapiens
P03971,MIF,MIF,Homo sapiens
Q9BUB5,MKNK1,MKNK1,Homo sapiens
Q9HBH9,MKNK2,MKNK2,Homo sapiens
O43193,MLNR,MLNR,Homo sapiens
Q9UH92,MLX,MLX,Homo sapiens
P08473,MME,MME,Homo sapiens
P03956,MMP1,MMP1,Homo sapiens
P09238,MMP10,MMP10,Homo sapiens
P39900,MMP12,MMP12,Homo sapiens
P45452,MMP13,MMP13,Homo sapiens
P50281,MMP14,MMP14,Homo sapiens
P51511,MMP15,MMP15,Homo sapiens
P51512,MMP16,MMP16,Homo sapiens
P08253,MMP2,MMP2,Homo sapiens
Q9NRE1,MMP26,MMP26,Homo sapiens
P08254,MMP3,MMP3,Homo sapiens
P09237,MMP7,MMP7,Homo sapiens
P22894,MMP8,MMP8,Homo sapiens
P14780,MMP9,MMP9,Homo sapiens
Q2M385,MPEG1,MPEG1,Homo sapiens
P29372,MPG,MPG,Homo sapiens
P34949,MPI,MPI,Homo sapiens
Q04912,MST1R,MST1R,Homo sapiens
P00403,MT-CO2,MT-CO2,Homo sapiens
P48039,MTNR1A,MTNR1A,Homo sapiens
P49286,MTNR1B,MTNR1B,Homo sapiens
P42345,MTOR,MTOR,Homo sapiens
P55157,MTTP,MTTP,Homo sapiens
O15146,MUSK,MUSK,Homo sapiens
P01106,MYC,MYC,Homo sapiens
Q15746,MYLK,MYLK,Homo sapiens
Q9H1R3,MYLK2,MYLK2,Homo sapiens
Q86YV6,MYLK4,MYLK4,Homo sapiens
Q8NEV4,MYO3A,MYO3A,Homo sapiens
Q8WXR4,MYO3B,MYO3B,Homo sapiens
Q99640,MYT1,MYT1,Homo sapiens
Q15746,Mylk,Mylk,Homo sapiens
P43490,NAMPT,NAMPT,Homo sapiens
O15379,NCOR1/HDAC3,HDAC3,Homo sapiens
O75376,NCOR1/HDAC3,NCOR1,Homo sapiens
O15379,NCOR2/HDAC3,HDAC3,Homo sapiens
Q9Y618,NCOR2/HDAC3,NCOR2,Homo sapiens
Q9Y618,NCOR2/PPARG,NCOR2,Homo sapiens
P37231,NCOR2/PPARG,PPARG,Homo sapiens
Q96PY6,NEK1,NEK1,Homo sapiens
P51955,NEK2,NEK2,Homo sapiens
Q6P3R8,NEK5,NEK5,Homo sapiens
Q9HC98,NEK6,NEK6,Homo sapiens
Q8TDX7,NEK7,NEK7,Homo sapiens
Q8TD19,NEK9,NEK9,Homo sapiens
Q9Y3R4,NEU2,NEU2,Homo sapiens
Q9UQ49,NEU3,NEU3,Homo sapiens
Q14145,NFE2L2/KEAP1,KEAP1,Homo sapiens
Q16236,NFE2L2/KEAP1,NFE2L2,Homo sapiens
P19838,NFKB1,NFKB1,Homo sapiens
P19838,NFKB1/RELA/NFKB2,NFKB1,Homo sapiens
Q00653,NFKB1/RELA/NFKB2,NFKB2,Homo sapiens
Q04206,NFKB1/RELA/NFKB2,RELA,Homo sapiens
P25963,NFKBIA,NFKBIA,Homo sapiens
Q9UBE8,NLK,NLK,Homo sapiens
Q9GZQ4,NMUR2,NMUR2,Homo sapiens
Q9Y239,NOD1,NOD1,Homo sapiens
P29475,NOS1,NOS1,Homo sapiens
P35228,NOS2,NOS2,Homo sapiens
P29474,NOS3,NOS3,Homo sapiens
O15118,NPC1,NPC1,Homo sapiens
Q9UHC9,NPC1L1,NPC1L1,Homo sapiens
Q9GZQ6,NPFFR1,NPFFR1,Homo sapiens
Q9Y5X5,NPFFR2,NPFFR2,Homo sapiens
Q9UM73,NPM1/ALK,ALK,Homo sapiens
P06748,NPM1/ALK,NPM1,Homo sapiens
Q6W5P4,NPSR1,NPSR1,Homo sapiens
P25929,NPY1R,NPY1R,Homo sapiens
P49146,NPY2R,NPY2R,Homo sapiens
P15559,NQO1,NQO1,Homo sapiens
P16083,NQO2,NQO2,Homo sapiens
P55055,NR1H2,NR1H2,Homo sapiens
Q13133,NR1H3,NR1H3,Homo sapiens
Q96RI1,NR1H4,NR1H4,Homo sapiens
O75469,NR1I2,NR1I2,Homo sapiens
P04150,NR3C1,NR3C1,Homo sapiens
P08235,NR3C2,NR3C2,Homo sapiens
P43354,NR4A2,NR4A2,Homo sapiens
P04629,NTRK1,NTRK1,Homo sapiens
Q16620,NTRK2,NTRK2,Homo sapiens
Q16288,NTRK3,NTRK3,Homo sapiens
P30989,NTSR1,NTSR1,Homo sapiens
O95665,NTSR2,NTSR2,Homo sapiens
O60285,NUAK1,NUAK1,Homo sapiens
Q9H093,NUAK2,NUAK2,Homo sapiens
P11926,ODC1,ODC1,Homo sapiens
P41143,OPRD1,OPRD1,Homo sapiens
P41145,OPRK1,OPRK1,Homo sapiens
P41146,OPRL1,OPRL1,Homo sapiens
P35372,OPRM1,OPRM1,Homo sapiens
P30559,OXTR,OXTR,Homo sapiens
Q9UBL9,P2RX2,P2RX2,Homo sapiens
Q99571,P2RX4,P2RX4,Homo sapiens
Q99572,P2RX7,P2RX7,Homo sapiens
Q9H244,P2RY12,P2RY12,Homo sapiens
Q13153,PAK1,PAK1,Homo sapiens
Q13177,PAK2,PAK2,Homo sapiens
O75914,PAK3,PAK3,Homo sapiens
O96013,PAK4,PAK4,Homo sapiens
Q9NQU5,PAK5,PAK5,Homo sapiens
Q9NQU5,PAK6,PAK6,Homo sapiens
P09874,PARP1,PARP1,Homo sapiens
Q9UGN5,PARP2,PARP2,Homo sapiens
Q9Y6F1,PARP3,PARP3,Homo sapiens
Q86U86,PBRM1,PBRM1,Homo sapiens
P12004,PCNA,PCNA,Homo sapiens
Q9Y233,PDE10A,PDE10A,Homo sapiens
Q9HCR9,PDE11A,PDE11A,Homo sapiens
P54750,PDE1A,PDE1A,Homo sapiens
P54750,PDE1B/PDE1A/PDE1C,PDE1A,Homo sapiens
Q01064,PDE1B/PDE1A/PDE1C,PDE1B,Homo sapiens
Q14123,PDE1B/PDE1A/PDE1C,PDE1C,Homo sapiens
O00408,PDE2A,PDE2A,Homo sapiens
Q14432,PDE3A,PDE3A,Homo sapiens
Q14432,PDE3A/PDE3B,PDE3A,Homo sapiens
Q13370,PDE3A/PDE3B,PDE3B,Homo sapiens
Q13370,PDE3B,PDE3B,Homo sapiens
P27815,PDE4A,PDE4A,Homo sapiens
Q07343,PDE4B,PDE4B,Homo sapiens
Q08493,PDE4C,PDE4C,Homo sapiens
Q08499,PDE4D,PDE4D,Homo sapiens
P27815,PDE4D/PDE4A/PDE4B/PDE4C,PDE4A,Homo sapiens
Q07343,PDE4D/PDE4A/PDE4B/PDE4C,PDE4B,Homo sapiens
Q08493,PDE4D/PDE4A/PDE4B/PDE4C,PDE4C,Homo sapiens
Q08499,PDE4D/PDE4A/PDE4B/PDE4C,PDE4D,Homo sapiens
O76074,PDE5A,PDE5A,Homo sapiens
P16499,PDE6B/PDE6A/PDE6H/PDE6C/PDE6D/PDE6G,PDE6A,Homo sapiens
P35913,PDE6B/PDE6A/PDE6H/PDE6C/PDE6D/PDE6G,PDE6B,Homo sapiens
P51160,PDE6B/PDE6A/PDE6H/PDE6C/PDE6D/PDE6G,PDE6C,Homo sapiens
O43924,PDE6B/PDE6A/PDE6H/PDE6C/PDE6D/PDE6G,PDE6D,Homo sapiens
P18545,PDE6B/PDE6A/PDE6H/PDE6C/PDE6D/PDE6G,PDE6G,Homo sapiens
Q13956,PDE6B/PDE6A/PDE6H/PDE6C/PDE6D/PDE6G,PDE6H,Homo sapiens
O43924,PDE6D,PDE6D,Homo sapiens
Q13946,PDE7A,PDE7A,Homo sapiens
O76083,PDE9A,PDE9A,Homo sapiens
Q9HBH1,PDF,PDF,Homo sapiens
P04085,PDGFA,PDGFA,Homo sapiens
P01127,PDGFB,PDGFB,Homo sapiens
P16234,PDGFRA,PDGFRA,Homo sapiens
P16234,PDGFRA/PDGFRB,PDGFRA,Homo sapiens
P09619,PDGFRA/PDGFRB,PDGFRB,Homo sapiens
P09619,PDGFRB,PDGFRB,Homo sapiens
O15530,PDK1,PDK1,Homo sapiens
O15530,PDK3/PDK2/PDK4/PDK1,PDK1,Homo sapiens
Q15119,PDK3/PDK2/PDK4/PDK1,PDK2,Homo sapiens
Q15120,PDK3/PDK2/PDK4/PDK1,PDK3,Homo sapiens
Q16654,PDK3/PDK2/PDK4/PDK1,PDK4,Homo sapiens
O15530,PDPK1,PDPK1,Homo sapiens
P06401,PGR,PGR,Homo sapiens
Q16816,PHKG1,PHKG1,Homo sapiens
P15735,PHKG2,PHKG2,Homo sapiens
Q8TCT1,PHOSPHO1,PHOSPHO1,Homo sapiens
O00443,PIK3C2A,PIK3C2A,Homo sapiens
O00750,PIK3C2B,PIK3C2B,Homo sapiens
Q8NEB9,PIK3C3,PIK3C3,Homo sapiens
P42336,PIK3CA,PIK3CA,Homo sapiens
P42338,PIK3CB,PIK3CB,Homo sapiens
O00329,PIK3CD,PIK3CD,Homo sapiens
P48736,PIK3CG,PIK3CG,Homo sapiens
P11309,PIM1,PIM1,Homo sapiens
Q9P1W9,PIM2,PIM2,Homo sapiens
Q86V86,PIM3,PIM3,Homo sapiens
P78356,PIP4K2B,PIP4K2B,Homo sapiens
Q99755,PIP5K1A,PIP5K1A,Homo sapiens
P14618,PKM,PKM,Homo sapiens
Q99640,PKMYT1,PKMYT1,Homo sapiens
Q16512,PKN1,PKN1,Homo sapiens
Q16513,PKN2,PKN2,Homo sapiens
O15496,PLA2G10,PLA2G10,Homo sapiens
P04054,PLA2G1B,PLA2G1B,Homo sapiens
P14555,PLA2G2A,PLA2G2A,Homo sapiens
Q9UNK4,PLA2G2D,PLA2G2D,Homo sapiens
Q9NZK7,PLA2G2E,PLA2G2E,Homo sapiens
Q9BZM2,PLA2G2F,PLA2G2F,Homo sapiens
P39877,PLA2G5,PLA2G5,Homo sapiens
Q13093,PLA2G7,PLA2G7,Homo sapiens
P00749,PLAU,PLAU,Homo sapiens
Q13393,PLD1,PLD1,Homo sapiens
O14939,PLD2,PLD2,Homo sapiens
P00747,PLG,PLG,Homo sapiens
P53350,PLK1,PLK1,Homo sapiens
Q9H4B4,PLK3,PLK3,Homo sapiens
O00444,PLK4,PLK4,Homo sapiens
O15305,PMM2,PMM2,Homo sapiens
P11086,PNMT,PNMT,Homo sapiens
P01298,PNP,PNP,Homo sapiens
P06746,POLB,POLB,Homo sapiens
O95602,POLR1A,POLR1A,Homo sapiens
P14859,POU2F1,POU2F1,Homo sapiens
P09086,POU2F2,POU2F2,Homo sapiens
Q07869,PPARA,PPARA,Homo sapiens
Q03181,PPARD,PPARD,Homo sapiens
P37231,PPARG,PPARG,Homo sapiens
P62937,PPIA,PPIA,Homo sapiens
P23284,PPIB,PPIB,Homo sapiens
P48147,PREP,PREP,Homo sapiens
Q13131,PRKAA1,PRKAA1,Homo sapiens
P54646,PRKAA2,PRKAA2,Homo sapiens
Q9Y478,PRKAB1,PRKAB1,Homo sapiens
P17252,PRKACA,PRKACA,Homo sapiens
P22694,PRKACB,PRKACB,Homo sapiens
P17252,PRKACG/PRKACA/PRKACB,PRKACA,Homo sapiens
P22694,PRKACG/PRKACA/PRKACB,PRKACB,Homo sapiens
P22612,PRKACG/PRKACA/PRKACB,PRKACG,Homo sapiens
Q13131,PRKAG2/PRKAB2/PRKAA1/PRKAA2/PRKAB1/PRKAG1/PRKAG3,PRKAA1,Homo sapiens
P54646,PRKAG2/PRKAB2/PRKAA1/PRKAA2/PRKAB1/PRKAG1/PRKAG3,PRKAA2,Homo sapiens
Q9Y478,PRKAG2/PRKAB2/PRKAA1/PRKAA2/PRKAB1/PRKAG1/PRKAG3,PRKAB1,Homo sapiens
O43741,PRKAG2/PRKAB2/PRKAA1/PRKAA2/PRKAB1/PRKAG1/PRKAG3,PRKAB2,Homo sapiens
P54619,PRKAG2/PRKAB2/PRKAA1/PRKAA2/PRKAB1/PRKAG1/PRKAG3,PRKAG1,Homo sapiens
Q9UGJ0,PRKAG2/PRKAB2/PRKAA1/PRKAA2/PRKAB1/PRKAG1/PRKAG3,PRKAG2,Homo sapiens
Q9UGI9,PRKAG2/PRKAB2/PRKAA1/PRKAA2/PRKAB1/PRKAG1/PRKAG3,PRKAG3,Homo sapiens
P17252,PRKCA,PRKCA,Homo sapiens
P05771,PRKCB,PRKCB,Homo sapiens
Q05655,PRKCD,PRKCD,Homo sapiens
Q02156,PRKCE,PRKCE,Homo sapiens
P05129,PRKCG,PRKCG,Homo sapiens
P24723,PRKCH,PRKCH,Homo sapiens
P41743,PRKCI,PRKCI,Homo sapiens
Q04759,PRKCQ,PRKCQ,Homo sapiens
Q15139,PRKD1,PRKD1,Homo sapiens
P17252,PRKD1/PRKCI/PRKCH/PRKCB/PRKCG/PRKCD/PRKCA/PRKD3/PRKCE/PRKCQ/PRKCZ,PRKCA,Homo sapiens
P05771,PRKD1/PRKCI/PRKCH/PRKCB/PRKCG/PRKCD/PRKCA/PRKD3/PRKCE/PRKCQ/PRKCZ,PRKCB,Homo sapiens
Q05655,PRKD1/PRKCI/PRKCH/PRKCB/PRKCG/PRKCD/PRKCA/PRKD3/PRKCE/PRKCQ/PRKCZ,PRKCD,Homo sapiens
Q02156,PRKD1/PRKCI/PRKCH/PRKCB/PRKCG/PRKCD/PRKCA/PRKD3/PRKCE/PRKCQ/PRKCZ,PRKCE,Homo sapiens
P05129,PRKD1/PRKCI/PRKCH/PRKCB/PRKCG/PRKCD/PRKCA/PRKD3/PRKCE/PRKCQ/PRKCZ,PRKCG,Homo sapiens
P24723,PRKD1/PRKCI/PRKCH/PRKCB/PRKCG/PRKCD/PRKCA/PRKD3/PRKCE/PRKCQ/PRKCZ,PRKCH,Homo sapiens
P41743,PRKD1/PRKCI/PRKCH/PRKCB/PRKCG/PRKCD/PRKCA/PRKD3/PRKCE/PRKCQ/PRKCZ,PRKCI,Homo sapiens
Q04759,PRKD1/PRKCI/PRKCH/PRKCB/PRKCG/PRKCD/PRKCA/PRKD3/PRKCE/PRKCQ/PRKCZ,PRKCQ,Homo sapiens
Q05513,PRKD1/PRKCI/PRKCH/PRKCB/PRKCG/PRKCD/PRKCA/PRKD3/PRKCE/PRKCQ/PRKCZ,PRKCZ,Homo sapiens
Q15139,PRKD1/PRKCI/PRKCH/PRKCB/PRKCG/PRKCD/PRKCA/PRKD3/PRKCE/PRKCQ/PRKCZ,PRKD1,Homo sapiens
O94806,PRKD1/PRKCI/PRKCH/PRKCB/PRKCG/PRKCD/PRKCA/PRKD3/PRKCE/PRKCQ/PRKCZ,PRKD3,Homo sapiens
Q9BZL6,PRKD2,PRKD2,Homo sapiens
O94806,PRKD3,PRKD3,Homo sapiens
P78527,PRKDC,PRKDC,Homo sapiens
Q13976,PRKG1,PRKG1,Homo sapiens
Q13237,PRKG2,PRKG2,Homo sapiens
P51817,PRKX,PRKX,Homo sapiens
Q99873,PRMT1,PRMT1,Homo sapiens
Q9NVM4,PRMT7,PRMT7,Homo sapiens
P04070,PROC,PROC,Homo sapiens
P07477,PRSS3/PRSS2/PRSS1,PRSS1,Homo sapiens
P07478,PRSS3/PRSS2/PRSS1,PRSS2,Homo sapiens
P35030,PRSS3/PRSS2/PRSS1,PRSS3,Homo sapiens
P49768,PSEN1,PSEN1,Homo sapiens
Q96BI3,PSEN2/PSENEN/NCSTN/APH1A/PSEN1/APH1B,APH1A,Homo sapiens
Q8WW43,PSEN2/PSENEN/NCSTN/APH1A/PSEN1/APH1B,APH1B,Homo sapiens
Q92542,PSEN2/PSENEN/NCSTN/APH1A/PSEN1/APH1B,NCSTN,Homo sapiens
P49768,PSEN2/PSENEN/NCSTN/APH1A/PSEN1/APH1B,PSEN1,Homo sapiens
P49810,PSEN2/PSENEN/NCSTN/APH1A/PSEN1/APH1B,PSEN2,Homo sapiens
Q9NZ42,PSEN2/PSENEN/NCSTN/APH1A/PSEN1/APH1B,PSENEN,Homo sapiens
P25105,PTAFR,PTAFR,Homo sapiens
Q13258,PTGDR,PTGDR,Homo sapiens
Q9Y5Y4,PTGDR2,PTGDR2,Homo sapiens
P34995,PTGER1,PTGER1,Homo sapiens
P35408,PTGER2,PTGER2,Homo sapiens
P43115,PTGER3,PTGER3,Homo sapiens
P35408,PTGER4,PTGER4,Homo sapiens
O14684,PTGES,PTGES,Homo sapiens
Q9H7Z7,PTGES2,PTGES2,Homo sapiens
P43119,PTGIR,PTGIR,Homo sapiens
P23219,PTGS1,PTGS1,Homo sapiens
P35354,PTGS2,PTGS2,Homo sapiens
Q05397,PTK2,PTK2,Homo sapiens
Q14289,PTK2B,PTK2B,Homo sapiens
Q13882,PTK6,PTK6,Homo sapiens
P18031,PTPN1,PTPN1,Homo sapiens
Q06124,PTPN11,PTPN11,Homo sapiens
P29350,PTPN6,PTPN6,Homo sapiens
P35236,PTPN7,PTPN7,Homo sapiens
P06737,PYGL,PYGL,Homo sapiens
Q07869,Ppara,Ppara,Homo sapiens
P51151,RAB9A,RAB9A,Homo sapiens
O60671,RAD1,RAD1,Homo sapiens
Q06609,RAD51,RAD51,Homo sapiens
P04049,RAF1,RAF1,Homo sapiens
O95398,RAPGEF3,RAPGEF3,Homo sapiens
Q8WZA2,RAPGEF4,RAPGEF4,Homo sapiens
P10276,RARA,RARA,Homo sapiens
P10826,RARB,RARB,Homo sapiens
P13631,RARG,RARG,Homo sapiens
P02753,RBP4,RBP4,Homo sapiens
P46063,RECQL,RECQL,Homo sapiens
Q04206,RELA,RELA,Homo sapiens
P00797,REN,REN,Homo sapiens
P07949,RET,RET,Homo sapiens
P57771,RGS8,RGS8,Homo sapiens
Q9BRS2,RIOK1,RIOK1,Homo sapiens
O14730,RIOK3,RIOK3,Homo sapiens
Q13546,RIPK1,RIPK1,Homo sapiens
O43353,RIPK2,RIPK2,Homo sapiens
O60930,RNASEH1,RNASEH1,Homo sapiens
Q13464,ROCK1,ROCK1,Homo sapiens
O75116,ROCK2,ROCK2,Homo sapiens
Q13464,ROCK2/ROCK1,ROCK1,Homo sapiens
O75116,ROCK2/ROCK1,ROCK2,Homo sapiens
P35398,RORA,RORA,Homo sapiens
P51449,RORC,RORC,Homo sapiens
P08922,ROS1,ROS1,Homo sapiens
Q15418,RPS6KA1,RPS6KA1,Homo sapiens
Q15349,RPS6KA2,RPS6KA2,Homo sapiens
P51812,RPS6KA3,RPS6KA3,Homo sapiens
O75676,RPS6KA4,RPS6KA4,Homo sapiens
O75582,RPS6KA5,RPS6KA5,Homo sapiens
Q9UK32,RPS6KA6,RPS6KA6,Homo sapiens
P23443,RPS6KB1,RPS6KB1,Homo sapiens
Q9HBX9,RXFP1,RXFP1,Homo sapiens
P19793,RXRA,RXRA,Homo sapiens
P28702,RXRB,RXRB,Homo sapiens
P48443,RXRG,RXRG,Homo sapiens
P10276,Rara,Rara,Homo sapiens
P21453,S1PR1,S1PR1,Homo sapiens
O95977,S1PR4,S1PR4,Homo sapiens
Q9UBE0,SAE1/UBA2,SAE1,Homo sapiens
Q9UBT2,SAE1/UBA2,UBA2,Homo sapiens
O00767,SCD,SCD,Homo sapiens
Q9Y5Y9,SCN10A,SCN10A,Homo sapiens
Q99250,SCN2A,SCN2A,Homo sapiens
Q9NY46,SCN3A,SCN3A,Homo sapiens
P35499,SCN4A,SCN4A,Homo sapiens
Q14524,SCN5A,SCN5A,Homo sapiens
Q15858,SCN9A,SCN9A,Homo sapiens
Q9GZR1,SENP6,SENP6,Homo sapiens
Q9BQF6,SENP7,SENP7,Homo sapiens
Q96LD8,SENP8,SENP8,Homo sapiens
P05121,SERPINE1,SERPINE1,Homo sapiens
Q8WTS6,SETD7,SETD7,Homo sapiens
Q15047,SETDB1,SETDB1,Homo sapiens
Q15393,SF3B3,SF3B3,Homo sapiens
O00141,SGK1,SGK1,Homo sapiens
Q9HBY8,SGK2,SGK2,Homo sapiens
Q96BR1,SGK3,SGK3,Homo sapiens
P04278,SHBG,SHBG,Homo sapiens
Q15465,SHH,SHH,Homo sapiens
Q99720,SIGMAR1,SIGMAR1,Homo sapiens
P57059,SIK1,SIK1,Homo sapiens
Q9H0K1,SIK2,SIK2,Homo sapiens
Q96EB6,SIRT1,SIRT1,Homo sapiens
Q8IXJ6,SIRT2,SIRT2,Homo sapiens
Q9NTG7,SIRT3,SIRT3,Homo sapiens
Q9H2X9,SLC12A5,SLC12A5,Homo sapiens
P53985,SLC16A1,SLC16A1,Homo sapiens
P41440,SLC19A1,SLC19A1,Homo sapiens
O15245,SLC22A1,SLC22A1,Homo sapiens
Q96S37,SLC22A12,SLC22A12,Homo sapiens
O15244,SLC22A2,SLC22A2,Homo sapiens
O75751,SLC22A3,SLC22A3,Homo sapiens
O43868,SLC28A2,SLC28A2,Homo sapiens
Q9HAS3,SLC28A3,SLC28A3,Homo sapiens
Q99808,SLC29A1,SLC29A1,Homo sapiens
P11166,SLC2A1,SLC2A1,Homo sapiens
Q96NT5,SLC46A1,SLC46A1,Homo sapiens
Q96FL8,SLC47A1,SLC47A1,Homo sapiens
Q86VL8,SLC47A2,SLC47A2,Homo sapiens
P13866,SLC5A1,SLC5A1,Homo sapiens
P31639,SLC5A2,SLC5A2,Homo sapiens
Q9NY91,SLC5A4,SLC5A4,Homo sapiens
P23975,SLC6A2,SLC6A2,Homo sapiens
Q01959,SLC6A3,SLC6A3,Homo sapiens
P31645,SLC6A4,SLC6A4,Homo sapiens
P23975,SLC6A5,SLC6A5,Homo sapiens
Q9UPY5,SLC7A11,SLC7A11,Homo sapiens
P19634,SLC9A1,SLC9A1,Homo sapiens
Q9Y6L6,SLCO1B1,SLCO1B1,Homo sapiens
Q9NPD5,SLCO1B3,SLCO1B3,Homo sapiens
O94956,SLCO2B1,SLCO2B1,Homo sapiens
Q9H2G2,SLK,SLK,Homo sapiens
Q96Q15,SMG1,SMG1,Homo sapiens
Q16637,SMN1/SMN2,SMN1,Homo sapiens
Q16637,SMN1/SMN2,SMN2,Homo sapiens
Q99835,SMO,SMO,Homo sapiens
Q9NRG4,SMYD2,SMYD2,Homo sapiens
P35610,SOAT1,SOAT1,Homo sapiens
O75908,SOAT2,SOAT2,Homo sapiens
Q99523,SORT1,SORT1,Homo sapiens
Q9NYA1,SPHK1,SPHK1,Homo sapiens
P12931,SRC,SRC,Homo sapiens
P18405,SRD5A1,SRD5A1,Homo sapiens
P31213,SRD5A2,SRD5A2,Homo sapiens
Q9H3Y6,SRMS,SRMS,Homo sapiens
Q96SB4,SRPK1,SRPK1,Homo sapiens
P78362,SRPK2,SRPK2,Homo sapiens
P30872,SSTR1,SSTR1,Homo sapiens
P30872,SSTR1/SSTR5/SSTR3/SSTR4/SSTR2,SSTR1,Homo sapiens
P30874,SSTR1/SSTR5/SSTR3/SSTR4/SSTR2,SSTR2,Homo sapiens
P32745,SSTR1/SSTR5/SSTR3/SSTR4/SSTR2,SSTR3,Homo sapiens
P31391,SSTR1/SSTR5/SSTR3/SSTR4/SSTR2,SSTR4,Homo sapiens
P35346,SSTR1/SSTR5/SSTR3/SSTR4/SSTR2,SSTR5,Homo sapiens
P30874,SSTR2,SSTR2,Homo sapiens
P32745,SSTR3,SSTR3,Homo sapiens
P31391,SSTR4,SSTR4,Homo sapiens
P35346,SSTR5,SSTR5,Homo sapiens
Q9Y5Y6,ST14,ST14,Homo sapiens
P42224,STAT1,STAT1,Homo sapiens
P40763,STAT3,STAT3,Homo sapiens
P42229,STAT5A,STAT5A,Homo sapiens
P42226,STAT6,STAT6,Homo sapiens
O94804,STK10,STK10,Homo sapiens
Q15831,STK11,STK11,Homo sapiens
O75716,STK16,STK16,Homo sapiens
Q9UEE5,STK17A,STK17A,Homo sapiens
O94768,STK17B,STK17B,Homo sapiens
Q9Y6E0,STK24,STK24,Homo sapiens
O00506,STK25,STK25,Homo sapiens
Q9P289,STK26,STK26,Homo sapiens
Q9Y6E0,STK3,STK3,Homo sapiens
Q9NY57,STK32B,STK32B,Homo sapiens
Q86UX6,STK32C,STK32C,Homo sapiens
Q9BYT3,STK33,STK33,Homo sapiens
Q9NRP7,STK36,STK36,Homo sapiens
Q9Y2H1,STK38L,STK38L,Homo sapiens
Q13043,STK4,STK4,Homo sapiens
P50225,SULT1A1,SULT1A1,Homo sapiens
O43463,SUV39H1,SUV39H1,Homo sapiens
Q9H5I1,SUV39H2,SUV39H2,Homo sapiens
P43405,SYK,SYK,Homo sapiens
Q96RJ0,TAAR1,TAAR1,Homo sapiens
P25103,TACR1,TACR1,Homo sapiens
P21452,TACR2,TACR2,Homo sapiens
P29371,TACR3,TACR3,Homo sapiens
P21675,TAF1,TAF1,Homo sapiens
Q8IZX4,TAF1L,TAF1L,Homo sapiens
Q9UHD2,TBK1,TBK1,Homo sapiens
P21731,TBXA2R,TBXA2R,Homo sapiens
P24557,TBXAS1,TBXAS1,Homo sapiens
P48775,TDO2,TDO2,Homo sapiens
Q9NUW8,TDP1,TDP1,Homo sapiens
O95551,TDP2,TDP2,Homo sapiens
P42680,TEC,TEC,Homo sapiens
Q02763,TEK,TEK,Homo sapiens
O14746,TERT,TERT,Homo sapiens
Q15569,TESK1,TESK1,Homo sapiens
P36897,TGFBR1,TGFBR1,Homo sapiens
P37173,TGFBR2,TGFBR2,Homo sapiens
P22735,TGM1,TGM1,Homo sapiens
P21980,TGM2,TGM2,Homo sapiens
Q08188,TGM3,TGM3,Homo sapiens
P40225,THPO,THPO,Homo sapiens
P10827,THRA,THRA,Homo sapiens
P10828,THRB,THRB,Homo sapiens
P35590,TIE1,TIE1,Homo sapiens
P04183,TK1,TK1,Homo sapiens
Q9UKI8,TLK1,TLK1,Homo sapiens
Q86UE8,TLK2,TLK2,Homo sapiens
Q9NYK1,TLR7,TLR7,Homo sapiens
Q9NR97,TLR8,TLR8,Homo sapiens
Q9NRS4,TMPRSS4,TMPRSS4,Homo sapiens
Q9UKE5,TNIK,TNIK,Homo sapiens
Q13470,TNK1,TNK1,Homo sapiens
Q07912,TNK2,TNK2,Homo sapiens
O95271,TNKS,TNKS,Homo sapiens
Q9H2K2,TNKS2,TNKS2,Homo sapiens
Q59H18,TNNI3K,TNNI3K,Homo sapiens
P11387,TOP1,TOP1,Homo sapiens
P11388,TOP2A,TOP2A,Homo sapiens
P11388,TOP2B/TOP2A,TOP2A,Homo sapiens
Q02880,TOP2B/TOP2A,TOP2B,Homo sapiens
P04637,TP53,TP53,Homo sapiens
Q12888,TP53BP1,TP53BP1,Homo sapiens
Q12931,TRAP1,TRAP1,Homo sapiens
O15164,TRIM24,TRIM24,Homo sapiens
Q9UPN9,TRIM33,TRIM33,Homo sapiens
O75762,TRPA1,TRPA1,Homo sapiens
O94759,TRPM2,TRPM2,Homo sapiens
Q7Z2W7,TRPM8,TRPM8,Homo sapiens
Q8NER1,TRPV1,TRPV1,Homo sapiens
Q9HBA0,TRPV4,TRPV4,Homo sapiens
P16473,TSHR,TSHR,Homo sapiens
P30536,TSPO,TSPO,Homo sapiens
Q9BXA7,TSSK1B,TSSK1B,Homo sapiens
P33981,TTK,TTK,Homo sapiens
P02766,TTR,TTR,Homo sapiens
Q71U36,TUBB2B/TUBB6/TUBA1C/TUBA3E/TUBB2A/TUBA1B/TUBB3/TUBB4B/TUBA1A/TUBB/TUBB8/TUBB4A/TUBB1/TUBA4A/TUBA3C/TUBA3D,TUBA1A,Homo sapiens
P68363,TUBB2B/TUBB6/TUBA1C/TUBA3E/TUBB2A/TUBA1B/TUBB3/TUBB4B/TUBA1A/TUBB/TUBB8/TUBB4A/TUBB1/TUBA4A/TUBA3C/TUBA3D,TUBA1B,Homo sapiens
Q9BQE3,TUBB2B/TUBB6/TUBA1C/TUBA3E/TUBB2A/TUBA1B/TUBB3/TUBB4B/TUBA1A/TUBB/TUBB8/TUBB4A/TUBB1/TUBA4A/TUBA3C/TUBA3D,TUBA1C,Homo sapiens
P0DPH7,TUBB2B/TUBB6/TUBA1C/TUBA3E/TUBB2A/TUBA1B/TUBB3/TUBB4B/TUBA1A/TUBB/TUBB8/TUBB4A/TUBB1/TUBA4A/TUBA3C/TUBA3D,TUBA3C,Homo sapiens
P0DPH8,TUBB2B/TUBB6/TUBA1C/TUBA3E/TUBB2A/TUBA1B/TUBB3/TUBB4B/TUBA1A/TUBB/TUBB8/TUBB4A/TUBB1/TUBA4A/TUBA3C/TUBA3D,TUBA3D,Homo sapiens
Q6PEY2,TUBB2B/TUBB6/TUBA1C/TUBA3E/TUBB2A/TUBA1B/TUBB3/TUBB4B/TUBA1A/TUBB/TUBB8/TUBB4A/TUBB1/TUBA4A/TUBA3C/TUBA3D,TUBA3E,Homo sapiens
P68366,TUBB2B/TUBB6/TUBA1C/TUBA3E/TUBB2A/TUBA1B/TUBB3/TUBB4B/TUBA1A/TUBB/TUBB8/TUBB4A/TUBB1/TUBA4A/TUBA3C/TUBA3D,TUBA4A,Homo sapiens
P07437,TUBB2B/TUBB6/TUBA1C/TUBA3E/TUBB2A/TUBA1B/TUBB3/TUBB4B/TUBA1A/TUBB/TUBB8/TUBB4A/TUBB1/TUBA4A/TUBA3C/TUBA3D,TUBB,Homo sapiens
Q9H4B7,TUBB2B/TUBB6/TUBA1C/TUBA3E/TUBB2A/TUBA1B/TUBB3/TUBB4B/TUBA1A/TUBB/TUBB8/TUBB4A/TUBB1/TUBA4A/TUBA3C/TUBA3D,TUBB1,Homo sapiens
Q13885,TUBB2B/TUBB6/TUBA1C/TUBA3E/TUBB2A/TUBA1B/TUBB3/TUBB4B/TUBA1A/TUBB/TUBB8/TUBB4A/TUBB1/TUBA4A/TUBA3C/TUBA3D,TUBB2A,Homo sapiens
Q9BVA1,TUBB2B/TUBB6/TUBA1C/TUBA3E/TUBB2A/TUBA1B/TUBB3/TUBB4B/TUBA1A/TUBB/TUBB8/TUBB4A/TUBB1/TUBA4A/TUBA3C/TUBA3D,TUBB2B,Homo sapiens
Q13509,TUBB2B/TUBB6/TUBA1C/TUBA3E/TUBB2A/TUBA1B/TUBB3/TUBB4B/TUBA1A/TUBB/TUBB8/TUBB4A/TUBB1/TUBA4A/TUBA3C/TUBA3D,TUBB3,Homo sapiens
P04350,TUBB2B/TUBB6/TUBA1C/TUBA3E/TUBB2A/TUBA1B/TUBB3/TUBB4B/TUBA1A/TUBB/TUBB8/TUBB4A/TUBB1/TUBA4A/TUBA3C/TUBA3D,TUBB4A,Homo sapiens
P68371,TUBB2B/TUBB6/TUBA1C/TUBA3E/TUBB2A/TUBA1B/TUBB3/TUBB4B/TUBA1A/TUBB/TUBB8/TUBB4A/TUBB1/TUBA4A/TUBA3C/TUBA3D,TUBB4B,Homo sapiens
Q9BUF5,TUBB2B/TUBB6/TUBA1C/TUBA3E/TUBB2A/TUBA1B/TUBB3/TUBB4B/TUBA1A/TUBB/TUBB8/TUBB4A/TUBB1/TUBA4A/TUBA3C/TUBA3D,TUBB6,Homo sapiens
Q3ZCM7,TUBB2B/TUBB6/TUBA1C/TUBA3E/TUBB2A/TUBA1B/TUBB3/TUBB4B/TUBA1A/TUBB/TUBB8/TUBB4A/TUBB1/TUBA4A/TUBA3C/TUBA3D,TUBB8,Homo sapiens
Q13509,TUBB3,TUBB3,Homo sapiens
P42681,TXK,TXK,Homo sapiens
P29597,TYK2,TYK2,Homo sapiens
P23458,TYK2/JAK1,JAK1,Homo sapiens
P29597,TYK2/JAK1,TYK2,Homo sapiens
O60674,TYK2/JAK2,JAK2,Homo sapiens
P29597,TYK2/JAK2,TYK2,Homo sapiens
P23458,TYK2/JAK2/JAK1,JAK1,Homo sapiens
O60674,TYK2/JAK2/JAK1,JAK2,Homo sapiens
P29597,TYK2/JAK2/JAK1,TYK2,Homo sapiens
P04818,TYMS,TYMS,Homo sapiens
Q06418,TYRO3,TYRO3,Homo sapiens
Q71U36,Tuba1a,Tuba1a,Homo sapiens
P61088,UBE2N,UBE2N,Homo sapiens
Q16739,UGCG,UGCG,Homo sapiens
P22309,UGT1A1,UGT1A1,Homo sapiens
Q9HAW8,UGT1A10,UGT1A10,Homo sapiens
P22310,UGT1A4,UGT1A4,Homo sapiens
P19224,UGT1A6,UGT1A6,Homo sapiens
Q9HAW7,UGT1A7,UGT1A7,Homo sapiens
O60656,UGT1A9,UGT1A9,Homo sapiens
P16662,UGT2B7,UGT2B7,Homo sapiens
O94782,USP1,USP1,Homo sapiens
O75604,USP2,USP2,Homo sapiens
Q93009,USP7,USP7,Homo sapiens
Q9UKP6,UTS2R,UTS2R,Homo sapiens
P15498,VAV1,VAV1,Homo sapiens
P55072,VCP,VCP,Homo sapiens
P11473,VDR,VDR,Homo sapiens
P30291,WEE1,WEE1,Homo sapiens
P56704,WNT3A,WNT3A,Homo sapiens
P47989,XDH,XDH,Homo sapiens
P98170,XIAP,XIAP,Homo sapiens
P07947,YES1,YES1,Homo sapiens
P43403,ZAP70,ZAP70,Homo sapiens
