chembl_id	inchikey
CHEMBL3087498	IQCKJUKAQJINMK-HUBRGWSESA-N
CHEMBL3589039	QMDKVNSQXPVCRD-RQNOJGIXSA-N
CHEMBL3769507	WRUWGLUCNBMGPS-UHFFFAOYSA-N
CHEMBL1933288	ZHMXXVNQAFCXKK-QGZVFWFLSA-N
CHEMBL2140173	SCELLOWTHJGVIC-BGYRXZFFSA-N
CHEMBL2178134	XCFLWTZSJYBCPF-UHFFFAOYSA-N
CHEMBL3421968	ZYVXTMKTGDARKR-UHFFFAOYSA-N
CHEMBL3109656	MOUNHKKCIGVIDI-UHFFFAOYSA-L
CHEMBL2381340	XVBGRTMNFNMINE-UHFFFAOYSA-N
CHEMBL1089316	PZPPOCZWRGNKIR-PNVYSBBASA-N
CHEMBL124660	UXXQOJXBIDBUAC-UHFFFAOYSA-N
CHEMBL297453	WMBWREPUVVBILR-WIYYLYMNSA-N
CHEMBL165	LUKBXSAWLPMMSZ-OWOJBTEDSA-N
CHEMBL53463	AOJJSUZBOXZQNB-TZSSRYMLSA-N
CHEMBL458997	UYJNQQDJUOUFQJ-UHFFFAOYSA-N
CHEMBL574738	ODPGGGTTYSGTGO-UHFFFAOYSA-N
CHEMBL3544983	HVXKQKFEHMGHSL-QKDCVEJESA-N
CHEMBL51085	DYEFUKCXAQOFHX-UHFFFAOYSA-N
CHEMBL932	IZEKFCXSFNUWAM-UHFFFAOYSA-N
CHEMBL633	IYIKLHRQXLHMJQ-UHFFFAOYSA-N
CHEMBL4297063	QDPVYZNVVQQULH-UHFFFAOYSA-N
CHEMBL509032	QQWUGDVOUVUTOY-UHFFFAOYSA-N
CHEMBL1908842	GUBJNPWVIUFSTR-UHFFFAOYSA-N
CHEMBL1980297	WPHKIQPVPYJNAX-UHFFFAOYSA-N
CHEMBL502835	XZXHXSATPCNXJR-ZIADKAODSA-N
CHEMBL1084546	MZDKLVOWGIOKTN-UHFFFAOYSA-N
CHEMBL1287853	JOOXLOJCABQBSG-UHFFFAOYSA-N
CHEMBL1721885	CTNPALGJUAXMMC-PMFHANACSA-N
CHEMBL1993661	OWRXHGAFWZFFCW-UHFFFAOYSA-N
CHEMBL1983111	RYYNGWLOYLRZLK-UHFFFAOYSA-N
CHEMBL1991078	ZGZVRPRSFXRGCF-UHFFFAOYSA-N
CHEMBL2107337	UUADYKVKJIMIPA-UHFFFAOYSA-N
CHEMBL1967878	KSOVGRCOLZZTPF-UHFFFAOYSA-N
CHEMBL1988838	ZVWRFVCNQOECJS-UHFFFAOYSA-N
CHEMBL3115681	VADOZMZXXRBXNY-UHFFFAOYSA-N
CHEMBL603469	UIARLYUEJFELEN-LROUJFHJSA-N
CHEMBL2001751	BSFNGHCTZDCQBF-UHFFFAOYSA-N
CHEMBL1276446	GCYXEGSPUDSZJY-PTNGSMBKSA-N
CHEMBL3421960	AYQYIBVVCJFCAE-KSEXSDGBSA-N
CHEMBL3265032	XSMSNFMDVXXHGJ-UHFFFAOYSA-N
CHEMBL1908396	SHPFDGWALWEPGS-UHFFFAOYSA-N
CHEMBL240954	SXOZSDJHGMAEGZ-IGKKHSBFSA-N
CHEMBL2208034	ISOCDPQFIXDIMS-HSZRJFAPSA-N
CHEMBL1230609	CXQHYVUVSFXTMY-UHFFFAOYSA-N
CHEMBL2136735	XZXHXSATPCNXJR-UHFFFAOYSA-N
CHEMBL49120	IFPPYSWJNWHOLQ-UHFFFAOYSA-N
CHEMBL1421	ZBNZXTGUTAYRHI-UHFFFAOYSA-N
CHEMBL572878	GCIKSSRWRFVXBI-UHFFFAOYSA-N
CHEMBL1983268	HAYYBYPASCDWEQ-UHFFFAOYSA-N
CHEMBL443684	JLYAXFNOILIKPP-KXQOOQHDSA-N
CHEMBL1738757	WVXNSAVVKYZVOE-UHFFFAOYSA-N
CHEMBL1336	MLDQJTXFUGDVEO-UHFFFAOYSA-N
CHEMBL3393621	QYPJBTMRYKRTFG-UHFFFAOYSA-N
CHEMBL373882	HHKGVQGXRGQBBA-UHFFFAOYSA-N
CHEMBL551288	PBJKWGWHZVXBGU-UHFFFAOYSA-N
CHEMBL217354	PQAPVTKIEGUPRN-UHFFFAOYSA-N
CHEMBL3347630	MUJOCHRZXRZONW-FOCLMDBBSA-N
CHEMBL1179	AELCINSCMGFISI-DTWKUNHWSA-N
CHEMBL320497	IDQPVOFTURLJPT-UHFFFAOYSA-N
CHEMBL51483	QBKSWRVVCFFDOT-UHFFFAOYSA-N
CHEMBL1200660	KLDXJTOLSGUMSJ-JGWLITMVSA-N
CHEMBL211501	UIFFUZWRFRDZJC-SBOOETFBSA-N
CHEMBL343002	PRDFBSVERLRRMY-UHFFFAOYSA-N
CHEMBL217092	OUKYUETWWIPKQR-UHFFFAOYSA-N
CHEMBL295316	VCMMXZQDRFWYSE-UHFFFAOYSA-N
CHEMBL1213492	YALNUENQHAQXEA-UHFFFAOYSA-N
CHEMBL109	NIJJYAXOARWZEE-UHFFFAOYSA-N
CHEMBL939	XGALLCVXEZPNRQ-UHFFFAOYSA-N
CHEMBL450464	ZZZYHIMVKOHVIH-MWFXHRFLSA-N
CHEMBL502489	QDKLRKZQSOQWJQ-SMDXAGPFSA-N
CHEMBL430060	JWOGUUIOCYMBPV-GMFLJSBRSA-N
CHEMBL1213459	DLVJMFOLJOOWFS-VJIFSZOSSA-N
CHEMBL34241	DEZFNHCVIZBHBI-ZHACJKMWSA-N
CHEMBL407632	PVRYEWOXWGDQHA-URLMMPGGSA-N
CHEMBL572933	UNXQGBMZYKHQCO-NVHWNKAKSA-N
CHEMBL3109040	UOVSZRTTWLJPHE-HNXAPSNLSA-N
CHEMBL1818538	IYDMGGPKSVWQRT-UHFFFAOYSA-N
CHEMBL191334	BDUHCSBCVGXTJM-WUFINQPMSA-N
CHEMBL1233798	QZJRNGXHRQJBJH-UHFFFAOYSA-N
CHEMBL3407580	FLEPRYJBTOPZTM-UKILVPOCSA-N
CHEMBL3125537	HMKAZNCSHAJLSA-HIJQLYNKSA-N
CHEMBL3109042	CGCOPBXAGSCZNX-FNQJWKMRSA-N
CHEMBL1333604	XKTMIJODWOEBKO-UHFFFAOYSA-M
CHEMBL4450227	ZHEHVZXPFVXKEY-LYGOBDSISA-N
CHEMBL4116008	BGLPECHZZQDNCD-UHFFFAOYSA-N
CHEMBL2035187	HWXVIOGONBBTBY-ONEGZZNKSA-N
CHEMBL202887	SAGZIBJAQGBRQA-UHFFFAOYSA-N
CHEMBL5181217	TZALECNALKOBPY-UHFFFAOYSA-N
CHEMBL3770186	RYCBSFIKWACFBY-UHFFFAOYSA-N
CHEMBL1995703	JVDOKQYTTYUYDV-UHFFFAOYSA-N
CHEMBL259084	HHFBDROWDBDFBR-UHFFFAOYSA-N
CHEMBL3416503	ZIMMTPFXOMAJTQ-UHFFFAOYSA-N
CHEMBL1241268	ZZUZYEMRHCMVTB-UHFFFAOYSA-N
CHEMBL2381958	LUYWAGVRXKSNLL-DEOSSOPVSA-N
CHEMBL483348	HRYKZAKEAVZGJD-UHFFFAOYSA-N
CHEMBL124706	IJAPPYDYQCXOEF-UHFFFAOYSA-N
CHEMBL460472	GLBZSOQDAOLMGC-UHFFFAOYSA-N
CHEMBL300138	AXRCEOKUDYDWLF-UHFFFAOYSA-N
CHEMBL307782	XFDUHJPVQKIXHO-UHFFFAOYSA-N
CHEMBL1688212	YWPMKTWUFVOFPL-UHFFFAOYSA-N
CHEMBL562310	ZGSXEXBYLJIOGF-ALFLXDJESA-N
CHEMBL228043	UVSVTDVJQAJIFG-VURMDHGXSA-N
CHEMBL339059	ZRWNRAJCPNLYAK-UHFFFAOYSA-N
CHEMBL4520293	XKBSPAZCFAIBJL-OAHLLOKOSA-N
CHEMBL4516982	KMESAVNRPDKZCQ-UHFFFAOYSA-N
CHEMBL4165749	ZDOBSAPHUUUOHX-OSYLJGHBSA-N
CHEMBL4438797	BTSUNSRQYLVGIS-ADTYUTHVSA-N
CHEMBL1499653	PROGRNRRJJYCNX-UHFFFAOYSA-N
CHEMBL4446378	JQNINBDKGLWYMU-GEAQBIRJSA-N
CHEMBL4455357	VSZRYLHBOKTNBO-UHFFFAOYSA-N
CHEMBL4062453	CGECJCJUHCZZGO-UHFFFAOYSA-N
CHEMBL4173715	OTKTZEZTFCAULO-DEOSSOPVSA-N
CHEMBL4206892	XMNLWOQHMQRHDV-UHFFFAOYSA-N
CHEMBL1651534	BATCTBJIJJEPHM-UHFFFAOYSA-N
CHEMBL109480	AYUNIORJHRXIBJ-TXHRRWQRSA-N
CHEMBL3793424	QCQQONWEDCOTBV-UHFFFAOYSA-N
CHEMBL4536031	BSISGUIVBKDTQO-QIKYYPRYSA-N
CHEMBL4172726	XUYMIRYNRKXKOR-HMHJJOSWSA-N
CHEMBL2142864	XUSDVLHKNBOGJY-UHFFFAOYSA-N
CHEMBL213100	NBTNHSGBRGTFJS-UHFFFAOYSA-N
CHEMBL3907057	MPASHPJAIUOWCK-UHFFFAOYSA-N
CHEMBL2206278	JVCWPUFNLFSKFS-UHFFFAOYSA-N
CHEMBL5303438	FYMVGXGSNIVSKY-NRFANRHFSA-N
CHEMBL3753077	ZJZWZIXSGNFWQQ-UHFFFAOYSA-N
CHEMBL206834	ZGBAJMQHJDFTQJ-DEOSSOPVSA-N
CHEMBL3753082	LVDRREOUMKACNJ-BKMJKUGQSA-N
CHEMBL4068896	TXEBNKKOLVBTFK-UHFFFAOYSA-N
CHEMBL4097025	CQCWHSDMJBAGDC-UHFFFAOYSA-N
CHEMBL5184791	VWEDZTZAXHMZIL-UHFFFAOYSA-N
CHEMBL1091644	PKCDDUHJAFVJJB-VLZXCDOPSA-N
CHEMBL4303781	JGQPZPLJOBHHBK-UFXYQILXSA-N
CHEMBL2036730	NGEBYTLALFOQKI-HDJSIYSDSA-N
CHEMBL4452527	JKCSCHXVWPSGBG-OPKPGBGESA-N
CHEMBL3353541	MPMKMQHJHDHPBE-RUZDIDTESA-N
CHEMBL3236357	HNLHOKSDTBAERS-CWIPYCOQSA-N
CHEMBL4862901	LXRZVMYMQHNYJB-UNXOBOICSA-N
CHEMBL2402737	TVTXCJFHQKSQQM-LJQIRTBHSA-N
CHEMBL415049	GBJVVSCPOBPEIT-UHFFFAOYSA-N
CHEMBL1651524	NBOJHRYUGLRASX-UHFFFAOYSA-N
CHEMBL3798846	DJOVLOYCGXNVPI-UHFFFAOYSA-N
CHEMBL4740486	WGJCHHJGGFCCRS-DEYDLUNASA-N
CHEMBL5204174	LUHCYAOYQIFNRN-UHFFFAOYSA-N
CHEMBL2381408	IDKAKZRYYDCJDU-HBMMIIHUSA-N
CHEMBL62136	SGIWFELWJPNFDH-UHFFFAOYSA-N
CHEMBL1852688	QADPYRIHXKWUSV-UHFFFAOYSA-N
CHEMBL2037226	YYDUWLSETXNJJT-MTJSOVHGSA-N
CHEMBL197603	ZMNWFTYYYCSSTF-SOAUALDESA-N
CHEMBL3087499	LXFOLMYKSYSZQS-XKHGBIBOSA-N
CHEMBL3672841	XQFINGFCBFHOPE-WXUXXXNLSA-N
CHEMBL3963965	CGWBJJZOKGZCSJ-UHFFFAOYSA-N
CHEMBL5267184	AIOCFZJGGGEWDK-UHFFFAOYSA-N
CHEMBL4163879	RUBYHLPRZRMTJO-MOVYNIQHSA-N
CHEMBL3747513	RDALZZCKQFLGJP-UHFFFAOYSA-N
CHEMBL2204538	JBHLOPKIPKTRSU-UHFFFAOYSA-N
CHEMBL3646801	AQTPWCUIYUOEMG-INIZCTEOSA-N
CHEMBL4469488	JFGOILLZIAIYGA-UHFFFAOYSA-N
CHEMBL1829173	ZOPNBMMVVZRSGH-NRFANRHFSA-N
CHEMBL203665	BWYBBMQLUKXECQ-GIVPXCGWSA-N
CHEMBL576982	CVWXJKQAOSCOAB-UHFFFAOYSA-N
CHEMBL4282264	VRVJKILQRBSEAG-LFPIHBKWSA-N
CHEMBL3039525	UQRCJCNVNUFYDX-UHFFFAOYSA-N
CHEMBL4076748	LWXLECMNBTVASW-UHFFFAOYSA-N
CHEMBL3545311	AILRADAXUVEEIR-UHFFFAOYSA-N
CHEMBL3545308	HUFOZJXAKZVRNJ-UHFFFAOYSA-N
CHEMBL4852381	ZEGMEJVULDALSH-NSHDSACASA-N
CHEMBL583914	SNCRCEGCQVMUBS-DNVCBOLYSA-N
CHEMBL4802043	FNBUZGRPJLEIMO-UHFFFAOYSA-N
CHEMBL445332	OBSYBRPAKCASQB-AGQYDFLVSA-N
CHEMBL2364618	ORDHXXHTBUZRCN-NTEUORMPSA-N
CHEMBL4205882	CUBDGLIBZGKXKQ-ZBLYBZFDSA-N
CHEMBL2385460	XPLWBHWPOUEOSJ-GSZYCOFVSA-N
CHEMBL4476514	LPCWQWNRCGWRFC-UHFFFAOYSA-N
CHEMBL4297626	JYTIXGYXBIBOMN-UHFFFAOYSA-N
CHEMBL4087666	KLHOCHQJHXNKAS-UHFFFAOYSA-N
CHEMBL4448899	BKLJDIJJOOQUFG-UHFFFAOYSA-N
CHEMBL5275278	FYQFEJFTCLKXTQ-UHFFFAOYSA-N
CHEMBL4522930	IYHHRZBKXXKDDY-UHFFFAOYSA-N
CHEMBL4538849	DYUTWRFEEOPXMN-UHFFFAOYSA-N
CHEMBL4475494	AUYCSWFYKYVCLD-HXUWFJFHSA-N
CHEMBL4297454	OEDSFMUSNZDJFD-UHFFFAOYSA-N
CHEMBL332794	LQEHCKYYIXQEBM-FUKIBTTHSA-N
CHEMBL4521594	CSJYMAFXYMYNCK-UHFFFAOYSA-N
CHEMBL4567838	ILHNIWOZZKIBNW-UHFFFAOYSA-N
CHEMBL4112929	FSWFYCYPTDLKON-CMJOXMDJSA-N
CHEMBL5095202	TVGAHWWPABTBCX-UHFFFAOYSA-N
CHEMBL4456123	PXQATVYJKMMHAU-UHFFFAOYSA-N
CHEMBL3640116	PCJVXTDIDUMIRR-QGZVFWFLSA-N
CHEMBL4637208	WZQLVEPIBAOOGF-RMMWZPCPSA-N
CHEMBL4635134	QZZCUOVXHPAQRQ-UHFFFAOYSA-N
CHEMBL4530740	JZTTUZXIQIRVAB-FZEVHQGJSA-N
CHEMBL5187116	ZLGNYFOIDAVMHY-MPKOGUQCSA-N
CHEMBL1230468	XMBSZPZJLPTFMV-UHFFFAOYSA-N
CHEMBL5285282	FYICDSWKKFSYOM-UHFFFAOYSA-N
CHEMBL4100295	QYDASSGXBXGRBS-CKJXQJPGSA-N
CHEMBL4643852	YQOLEILXOBUDMU-KRWDZBQOSA-N
CHEMBL5440568	JNSLBXJNVHYNNW-CXNSMIOJSA-N
CHEMBL2024567	GACOFEKSDCOVMV-RRYXBOBMSA-N
CHEMBL4455124	SQNZDYHMCMIGGV-TZPPCSJFSA-N
CHEMBL4630644	RNQODBQYMXYMCT-SJORKVTESA-N
CHEMBL4303292	RFZQYGBLRIKROZ-PCLIKHOPSA-N
CHEMBL4456085	WNEILUNVMHVMPH-UHFFFAOYSA-N
CHEMBL1235786	NMJMRSQTDLRCRQ-UHFFFAOYSA-N
CHEMBL4450504	YDNOHCOYQVZOMC-UHFFFAOYSA-N
CHEMBL4086276	OFWWWKWUCDUISA-UHFFFAOYSA-N
CHEMBL3337894	CDQRIIUMNLMHRH-UHFFFAOYSA-N
CHEMBL2152070	CHEANNSDVJOIBS-MHZLTWQESA-N
CHEMBL4091991	SFMJNHNUOVADRW-UHFFFAOYSA-N
CHEMBL3421914	AOZPVMOOEJAZGK-UHFFFAOYSA-N
CHEMBL3939958	UMRRDXVUROEIKJ-JCXBGQGISA-N
CHEMBL2386346	QBGKPEROWUKSBK-QPPIDDCLSA-N
CHEMBL5199076	ARBRHWRTXPWZGN-UHFFFAOYSA-N
CHEMBL4745523	PXVFFBGSTYQHRO-REQIQPEASA-N
CHEMBL4455580	LIMCHOLAKDUZDS-XARBDFOFSA-N
CHEMBL1236095	JFOAJUGFHDCBJJ-UHFFFAOYSA-N
CHEMBL2180727	FNYGWXSATBUBER-UHFFFAOYSA-N
CHEMBL59030	NAXSRXHZFIBFMI-UHFFFAOYSA-N
CHEMBL3128042	RZXMIHOUHYSGJO-UHFFFAOYSA-N
CHEMBL3623630	ZDBWLRLGUBSLPG-FDHYQTMZSA-N
CHEMBL4080906	KSGZCKSNTAJOJS-DZBMUNJRSA-N
CHEMBL3137331	FWLMVFUGMHIOAA-UHFFFAOYSA-N
CHEMBL1873475	XYFPWWZEPKGCCK-GOSISDBHSA-N
CHEMBL483321	LLVZBTWPGQVVLW-SNAWJCMRSA-N
CHEMBL2216824	GJFCSAPFHAXMSF-UXBLZVDNSA-N
CHEMBL3414623	PNYRDVBFYVDJJI-UHFFFAOYSA-N
CHEMBL2017291	VUVUVNZRUGEAHB-CYBMUJFWSA-N
CHEMBL5095043	UQZCQKXJAXKZQH-LBPRGKRZSA-N
CHEMBL3989870	JZCWLJDSIRUGIN-UHFFFAOYSA-N
CHEMBL3702854	LCFFREMLXLZNHE-GBOLQPHISA-N
CHEMBL504387	XOPYFXBZMVTEJF-PDACKIITSA-N
CHEMBL4450419	WGKGADVPRVLHHZ-ZHRMCQFGSA-N
CHEMBL7463	QMGUOJYZJKLOLH-UHFFFAOYSA-N
CHEMBL4110551	GRTDDIZIUSADLD-CRAIPNDOSA-N
CHEMBL2070953	OXQNLLVUVDAEHC-OAQYLSRUSA-N
CHEMBL21241	PKNYXWMTHFMHKD-UHFFFAOYSA-N
CHEMBL3342944	HRJWSEPIRZRGCL-UHFFFAOYSA-N
CHEMBL5072532	OYUDYQMFVRHPIY-UHFFFAOYSA-N
CHEMBL4650318	USHQRIKZLHNPQR-JTQLQIEISA-N
CHEMBL1474387	CJAQCMBWGUOBIX-ZUQRMPMESA-M
CHEMBL3335793	PRNXOFBDXNTIFG-FQEVSTJZSA-N
CHEMBL2426364	PQOOIERVZAXHBP-UHFFFAOYSA-N
CHEMBL3236549	COOGVHJHSCBOQT-MRVPVSSYSA-N
CHEMBL4802038	DLNFTRSEHUWEGO-HUUCEWRRSA-N
CHEMBL4063082	PDMXSCCBEBCTGX-UHFFFAOYSA-N
CHEMBL4802042	QBIGUDRHHJTXKG-UUWRZZSWSA-N
CHEMBL4780673	JYTISQGEFSHUIR-UHFFFAOYSA-N
CHEMBL3613709	GRXCLNMCJWKTAT-UHFFFAOYSA-N
CHEMBL4802040	VGRLXWFIXGZRMS-UHFFFAOYSA-N
CHEMBL308148	PGKXDIMONUAMFR-AREMUKBSSA-N
CHEMBL4778870	PWKAYICUBVNJAZ-UHFFFAOYSA-N
CHEMBL1254577	MSTXJJGAXXJCBY-UHFFFAOYSA-N
CHEMBL3613749	IVDUVEGCMXCMSO-FQEVSTJZSA-N
CHEMBL362558	HRJWTAWVFDCTGO-UHFFFAOYSA-N
CHEMBL4435170	BZZKEPGENYLQSC-FIBGUPNXSA-N
CHEMBL1487	XUKUURHRXDUEBC-KAYWLYCHSA-N
CHEMBL4650365	WDHOIABIERMLGY-CMJOXMDJSA-N
CHEMBL4648616	YTINZZFBHWSAGL-NDEPHWFRSA-N
CHEMBL4790618	VNCIWNGCMAKKEO-UHFFFAOYSA-N
CHEMBL1469	OBKXEAXTFZPCHS-UHFFFAOYSA-N
CHEMBL4520134	AVKAVKZKOFSSMY-DEOSSOPVSA-N
CHEMBL4552313	QGNDVASWIHEXCL-AWEZNQCLSA-N
CHEMBL4073178	ZKIRTFGYQVXNGL-UHFFFAOYSA-N
CHEMBL4780617	AQTNUGRRZDRZIA-UHFFFAOYSA-N
CHEMBL2158866	RZFJBSIAXYEPBX-UHFFFAOYSA-N
CHEMBL4752253	IXWUILRSNIQHDM-QGZVFWFLSA-N
CHEMBL4443342	AUOSKLDNVNGKRR-UHFFFAOYSA-N
CHEMBL4206831	KGXBCWANASZZQG-UHFFFAOYSA-N
CHEMBL4800073	ZRTFTZCKJUNZIU-HNNXBMFYSA-N
CHEMBL2144065	JKJMWHULJIOKPJ-UHFFFAOYSA-N
CHEMBL3182405	TXJZRSRTYPUYRW-GHTZIAJQSA-N
CHEMBL415879	DGEZNRSVGBDHLK-UHFFFAOYSA-N
CHEMBL5095220	WQAVGRAETZEADU-UHFFFAOYSA-N
CHEMBL5094158	MLJVGAYSVYMPSB-MSUKGTQXSA-N
CHEMBL4639395	OQFCHSFVWSLDAO-UHFFFAOYSA-N
CHEMBL273807	AJBBEYXFRYFVNM-UHFFFAOYSA-N
CHEMBL5190401	HNOLTAKAPDKZRY-AWEZNQCLSA-N
CHEMBL4297405	KJDAGXLMHXUAGV-DGWLBADLSA-N
CHEMBL16192	FLNYLINBEZROPL-NSOVKSMOSA-N
CHEMBL81977	GSCPDZHWVNUUFI-UHFFFAOYSA-N
CHEMBL4553037	CMJJZRAAQMUAFH-INIZCTEOSA-N
CHEMBL4461619	MSIJJXOWLFOYIN-UHFFFAOYSA-N
CHEMBL5083143	FFLJVBPCONQSQW-UHFFFAOYSA-N
CHEMBL4514203	IESAJAZKMLPVIB-VXGBXAGGSA-N
CHEMBL4594350	PEMUGDMSUDYLHU-ZEQRLZLVSA-N
CHEMBL4535757	NXQKSXLFSAEQCZ-SFHVURJKSA-N
CHEMBL5094181	RIGHCDSORZCRDE-UHFFFAOYSA-N
CHEMBL4538174	RAXZSEGXMBWYQK-SNVBAGLBSA-N
CHEMBL103667	MVCOAUNKQVWQHZ-UHFFFAOYSA-N
CHEMBL3393333	RHFIAUKMKYHHFA-UHFFFAOYSA-N
CHEMBL5307201	LUVOYGUFQRWXGQ-UHFFFAOYSA-N
CHEMBL4854762	VSMTYSWGHKYXOF-UHFFFAOYSA-N
CHEMBL4465176	NWTCZTAQSRLSCP-UHFFFAOYSA-N
CHEMBL483158	ZLHFILGSQDJULK-UHFFFAOYSA-N
CHEMBL3644620	XDJGNPSZQSWJCV-UHFFFAOYSA-N
CHEMBL3301610	UZWDCWONPYILKI-UHFFFAOYSA-N
CHEMBL597997	QJZQFVRFJCGDKF-UHFFFAOYSA-N
CHEMBL1922094	YOVVNQKCSKSHKT-HNNXBMFYSA-N
CHEMBL4582651	GBLBJPZSROAGMF-RWYJCYHVSA-N
CHEMBL38508	HWVNEWGKWRGSRK-UHFFFAOYSA-N
CHEMBL1801204	KVLFRAWTRWDEDF-IRXDYDNUSA-N
CHEMBL2017214	HFLMLZKGLUEWBU-UHFFFAOYSA-N
CHEMBL5078078	OAZAPIKYVGRNCO-UHFFFAOYSA-N
CHEMBL4078100	RSMYFSPOTCDHHJ-GOSISDBHSA-N
CHEMBL4783351	SJHNWSAWWOAWJH-MRXNPFEDSA-N
CHEMBL5173945	RQFYFNAGNBUGFC-UHFFFAOYSA-N
CHEMBL4647764	COGUZYALRYMQTD-LJQANCHMSA-N
CHEMBL4782804	WQVPGYMGERDXLH-UHFFFAOYSA-N
CHEMBL2012582	IWMCPJZTADUIFX-UHFFFAOYSA-N
CHEMBL5084520	QJSFLEBIQZMJQF-UHFFFAOYSA-N
CHEMBL4754873	DMUSMYYDKCXFKR-MRJIRHQNSA-N
CHEMBL5279102	LXRBPWHQMGKMRT-GOSISDBHSA-N
CHEMBL3658400	IVOACCSOISMVBL-UHFFFAOYSA-N
CHEMBL4586794	HEUVRFNVTLGKMZ-SANMLTNESA-N
CHEMBL1957266	DNVXATUJJDPFDM-KRWDZBQOSA-N
CHEMBL428647	RCINICONZNJXQF-MZXODVADSA-N
CHEMBL4539512	BDYDINKSILYBOL-WMZHIEFXSA-N
CHEMBL4565370	DUCNNEYLFOQFSW-PMERELPUSA-N
CHEMBL4073553	RNEOHKZPZKEZCQ-UHFFFAOYSA-N
CHEMBL4591825	UYKVJQCPBDDIFD-ZSEKCTLFSA-N
CHEMBL425190	RMCSKUADBRROSI-UHFFFAOYSA-N
CHEMBL5204869	RWRSKMSFZCQDMQ-UHFFFAOYSA-N
CHEMBL4548795	RIWTUJFFSTVYPW-UHFFFAOYSA-N
CHEMBL5401026	QARLNMDDSQMINK-BVRKHOPBSA-N
CHEMBL3360279	HKASDKLLEVWKJA-YADARESESA-N
CHEMBL4549658	MDUYWDNWFXSMJJ-XWLWVQCSSA-N
CHEMBL2420629	XRDVXQQZLHVEQZ-UHFFFAOYSA-N
CHEMBL2396674	MZBOZBMARIQZGX-GRRGFIRHSA-N
CHEMBL5191316	UNRTVIQQMJRQLZ-UHFFFAOYSA-N
CHEMBL5085509	CQAPXPSWLDAVEG-UHFFFAOYSA-N
CHEMBL3603847	OBJNFLYHUXWUPF-IZZDOVSWSA-N
CHEMBL4519023	XVFDNRYZXDHTHT-PXAZEXFGSA-N
CHEMBL4461515	IVYQPSHHYIAUFO-VXKWHMMOSA-N
CHEMBL5198935	RVOZYMPVGIVNJX-UHFFFAOYSA-N
CHEMBL1922660	DFQGDHBGRSTTHX-UHFFFAOYSA-N
CHEMBL3828074	REQQVBGILUTQNN-UHFFFAOYSA-N
CHEMBL300780	YJPWVCIGSHWNON-UHFFFAOYSA-N
CHEMBL5182441	ZAGCLFXBHOXXEN-JPTLTNPLSA-N
CHEMBL5095260	YIHHYCIYAIVQKX-MBIULKOWSA-N
CHEMBL3769414	BBIPVJCGIASXJB-PKTZIBPZSA-N
CHEMBL1289494	SPMVMDHWKHCIDT-UHFFFAOYSA-N
CHEMBL4214264	ZRPZPNYZFSJUPA-UHFFFAOYSA-N
CHEMBL5279982	NDRFFOKFYGUOKD-ZDUSSCGKSA-N
CHEMBL388978	HKSZLNNOFSGOKW-FYTWVXJKSA-N
CHEMBL5303508	PJKRNPPUSQSCHN-UHFFFAOYSA-N
CHEMBL4759513	BLSNYSFLZAWBIV-SFHVURJKSA-N
CHEMBL3417525	QGPXEIMWTKWHMH-DEOSSOPVSA-N
CHEMBL3609637	AAHNBILIYONQLX-UHFFFAOYSA-N
CHEMBL1091513	WDZVWDXOIGQJIO-UHFFFAOYSA-N
CHEMBL3286797	LWJGMYMNSNVCEM-UHFFFAOYSA-N
CHEMBL5092058	BEBDKSYNJJVZSO-SECBINFHSA-N
CHEMBL5303449	SWOIFXHMBKFCRM-UHFFFAOYSA-N
CHEMBL1800685	FOECKIWHCOYYFL-UHFFFAOYSA-N
CHEMBL4551635	UNSHMXUHOHBLIQ-UHFFFAOYSA-N
CHEMBL4585243	ZGBAPSHWPBXEKN-OPHFCASCSA-N
CHEMBL3298371	XFYUTGIEFKGWND-NRFANRHFSA-N
CHEMBL4802050	KIWKRCCIHSGWQS-VIFPVBQESA-N
CHEMBL31965	OMZCMEYTWSXEPZ-UHFFFAOYSA-N
CHEMBL3287574	BMLGZNVPWRUVNM-IBGZPJMESA-N
CHEMBL492572	DRIMIUYGTDAQOX-KRWDZBQOSA-N
CHEMBL4638406	LZSPYTNDRPEZBK-OXYJHPMESA-N
CHEMBL4877117	FSELUFUYNUNZKD-UHFFFAOYSA-N
CHEMBL4802039	CYFBRQHYEQKYHH-MRXNPFEDSA-N
CHEMBL2178577	AESXAJXKMUNYJP-ZWFIUULVSA-N
CHEMBL4228713	CSBKUBOVPUXFLO-MAVVKCOWSA-N
CHEMBL3087181	CLSNATLUIXZPMV-UHFFFAOYSA-N
CHEMBL2204935	NTIFDLOQPKMIJK-AJTFRIOCSA-N
CHEMBL2403108	VERWOWGGCGHDQE-UHFFFAOYSA-N
CHEMBL4303241	NRJKIOCCERLIDG-GOSISDBHSA-N
CHEMBL5303460	BRJXJOWXAFLRTE-OAQYLSRUSA-N
CHEMBL5314555	XOQVZSSDIQQUGO-UHFFFAOYSA-N
CHEMBL3039518	URWYQGVSPQJGGB-DHUJRADRSA-N
CHEMBL4284414	HDZWHJYZJWLTAG-UHFFFAOYSA-N
CHEMBL4802159	BJXYHBKEQFQVES-NWDGAFQWSA-N
CHEMBL3109945	BXKNUXDLZJPPBO-UHFFFAOYSA-N
CHEMBL204232	VHSIAYLBCLUAFT-UHFFFAOYSA-N
CHEMBL4594444	AZXOTZCWQDJCLY-SJCJKPOMSA-N
CHEMBL5308262	APLVGTKXOIMODQ-IBGZPJMESA-N
CHEMBL4745471	TXIYVFVMXNFNRX-UHFFFAOYSA-N
CHEMBL4088216	MAHFVAHPQSLLJF-IBGZPJMESA-N
CHEMBL4752776	BNYXRPMABDQJJR-UHFFFAOYSA-N
CHEMBL4452939	UCBIQZUJJSVQHL-UHFFFAOYSA-N
CHEMBL5085558	WBFJDKLBAAHKIL-UHFFFAOYSA-N
CHEMBL4802045	DVIVLYHDLNAXAT-OAQYLSRUSA-N
CHEMBL4537673	HZRJHVDNTDBTOZ-QGZVFWFLSA-N
CHEMBL3605457	LHGUZCKPFXXVPV-GOSISDBHSA-N
CHEMBL2436978	QKKIWEILHCXECO-UHFFFAOYSA-N
CHEMBL5177469	HLHNFJNSQZZUNW-MAEOIBBWSA-N
CHEMBL3358954	AUIFRJWXYUNPPV-QFIPXVFZSA-N
CHEMBL4549667	KHVVJKLNKLQLJZ-SFHVURJKSA-N
CHEMBL5303489	VGFHPNRWHOQLEB-UHFFFAOYSA-N
CHEMBL2177161	FHCSBLWRGCOVPT-UHFFFAOYSA-N
CHEMBL4552060	WQNRDXHKVSKUPI-UHFFFAOYSA-N
CHEMBL4531334	IEFFSHLHNYVSEF-UHFFFAOYSA-N
CHEMBL4564126	LVEUPFUJRKZPEN-UHFFFAOYSA-N
CHEMBL5087558	YCFFONJEHNSECY-UHFFFAOYSA-N
CHEMBL5288342	DZIHITUUUPJMOQ-UHFFFAOYSA-N
CHEMBL3815054	JRJKATLTRNXYCE-UHFFFAOYSA-N
CHEMBL2216870	IFSDAJWBUCMOAH-HNNXBMFYSA-N
CHEMBL4587232	BXDZOYLPNAIDOC-UHFFFAOYSA-N
CHEMBL4591082	WGMNFJAFXXXRLZ-GEVKEYJPSA-N
CHEMBL5288779	HEVVNKYNJCSHFA-UHFFFAOYSA-N
CHEMBL5078192	KFRGPUFONMCXQI-RUZDIDTESA-N
CHEMBL402548	XKFTZKGMDDZMJI-HSZRJFAPSA-N
CHEMBL1731533	QPGYAMIHXLCFTJ-UHFFFAOYSA-N
CHEMBL3697701	HKROEBDHHKMNBZ-CHBKHGQFSA-N
CHEMBL3897959	HOTSVKDMIYWWIY-UHFFFAOYSA-N
CHEMBL3188172	AECDBHGVIIRMOI-UHFFFAOYSA-N
CHEMBL280164	JGPJQFOROWSRRS-UHFFFAOYSA-N
CHEMBL5209511	VQINULODWGEVBB-UHFFFAOYSA-N
CHEMBL5189857	GPXQUPCJIJBXHJ-UHFFFAOYSA-N
CHEMBL5303540	VLYNCWZASZUTNV-FCQUAONHSA-N
CHEMBL5307400	XKDHFIPNTTUSIA-UHFFFAOYSA-N
CHEMBL607400	MSYKRHVOOPPJKU-BDAKNGLRSA-N
CHEMBL5315640	JGLGMFHQGRAHAO-HXUWFJFHSA-N
CHEMBL5084200	GHNYLVIESIGHDJ-OAQYLSRUSA-N
CHEMBL252164	NDAZATDQFDPQBD-UHFFFAOYSA-N
CHEMBL4650521	UCJZOKGUEJUNIO-IINYFYTJSA-N
CHEMBL5091591	ZLVKIBLQXFILMA-IKGGRYGDSA-N
CHEMBL4434871	VBYGXNURPHQSPG-MUUNZHRXSA-N
CHEMBL4206758	YDPMMWAOCCOULO-JBRSBNLGSA-N
CHEMBL3622372	SPDQRCUBFSRAFI-DOMZBBRYSA-N
CHEMBL5174830	DORZPJWJOBMQKC-UHFFFAOYSA-N
CHEMBL4522276	IIKPYJZUOZRTIB-UHFFFAOYSA-N
CHEMBL3989948	WKDNQONLGXOZRG-HRNNMHKYSA-N
CHEMBL4754195	HEAGNKNMQVIVMM-UHFFFAOYSA-N
CHEMBL4213025	JWZAQUXBYYOGFA-UHFFFAOYSA-N
CHEMBL3959351	GHKMIOAEPALCFS-UHFFFAOYSA-N
CHEMBL4795354	RTFQFPZKDYMMMJ-RIAKQDHQSA-N
CHEMBL4870240	YJOJMGTVKMABKQ-FIQOPJFZSA-N
CHEMBL2151741	YNDJPWSVYYRNTJ-MEXKHVBFSA-N
CHEMBL5275033	QUQTXFIMYFMULC-OGOZKGDESA-N
CHEMBL5194790	ZSCOIFSUFMYZEZ-YSWDPXALSA-N
CHEMBL4582373	BQXUPNKLZNSUMC-YUQWMIPFSA-N
CHEMBL4553408	PACRWHUPEPCFHX-UHFFFAOYSA-N
CHEMBL4749646	ZUODKONSNNHSAJ-AMLBMYBGSA-N
CHEMBL4451634	XPEJZXWPKDAYFX-UHFFFAOYSA-N
CHEMBL5315550	BUIJBFHGUQJYSD-XZOQPEGZSA-N
CHEMBL3824068	BLFBSGVUERKSST-UHFFFAOYSA-N
CHEMBL4297629	MOWXJLUYGFNTAL-DEOSSOPVSA-N
CHEMBL4850857	BPLPIBNWDLPUKP-UHFFFAOYSA-N
CHEMBL5077506	OMISHRJQMYQPMG-UHFFFAOYSA-N
CHEMBL5207128	LTOAWFRZXVPHAJ-UHFFFAOYSA-N
CHEMBL4297899	AOTRIQLYUAFVSC-UHFFFAOYSA-N
CHEMBL3960662	AOTRIQLYUAFVSC-UHFFFAOYSA-N
CHEMBL4851439	ATKHYZXUMVNCIO-UHFFFAOYSA-N
CHEMBL5095223	WXRCLFFPZXJCLS-UHFFFAOYSA-N
CHEMBL419432	KLKKWCPJBTXWOV-UHFFFAOYSA-N
CHEMBL4537998	FMQWOAKTQPLQBR-SANMLTNESA-N
CHEMBL205742	JOFQERPJMGKMMX-QGZVFWFLSA-N
CHEMBL5192659	ILPWEAHQRAWJIU-OAHLLOKOSA-N
CHEMBL5095164	DVFCRTGTEXUFIN-GFCCVEGCSA-N
CHEMBL4450322	KPABJHHKKJIDGX-JOCHJYFZSA-N
CHEMBL2325741	JDUBGYFRJFOXQC-KRWDZBQOSA-N
CHEMBL5203605	VBTBURGKMCKOJC-UHFFFAOYSA-N
CHEMBL5285058	GPKLWRHHVIBYEO-KMKOMSMNSA-N
CHEMBL3951810	AKCDDYGYIGPEKL-JQOQJDEVSA-N
CHEMBL5169494	HFOBENSCBRZVSP-NRFSWKIWSA-N
CHEMBL5095777	WZMIWVZGYMKUDV-UHFFFAOYSA-N
CHEMBL4647810	YBXRSCXGRPSTMW-CYBMUJFWSA-N
CHEMBL5081048	SCLLZBIBSFTLIN-INOGPEIASA-N
CHEMBL4746525	CKFRXCBNKKOFGO-IGEOTXOUSA-N
CHEMBL4446892	FFPHMUIGESPOTK-UHFFFAOYSA-N
CHEMBL1939876	MMJPVSDTLGFIQW-UHFFFAOYSA-N
CHEMBL209148	ZHXNIYGJAOPMSO-UHFFFAOYSA-N
CHEMBL4518579	HCDAVCLCBXIYPW-QGZVFWFLSA-N
CHEMBL4447794	MVULIYLBRNHLEE-LFHXYJAASA-N
CHEMBL5084955	BOXZMOCGSKLDAH-OUZJXKGJSA-N
CHEMBL5092273	OFNZESNEBSQKSE-BQGOKDIQSA-N
CHEMBL3913746	AWNXKZVIZARMME-UHFFFAOYSA-N
CHEMBL4303171	FSZPIAXLCCQFCM-FCQUAONHSA-N
CHEMBL474133	YBMGNDPBARCLFT-UHFFFAOYSA-N
CHEMBL3622373	GEPYBHCJBORHCE-SFHVURJKSA-N
CHEMBL3392845	CCAWRGNYALGPQH-UHFFFAOYSA-N
CHEMBL3414622	JCKGSPAAPQRPBW-OAQYLSRUSA-N
CHEMBL2441082	RNAMYOYQYRYFQY-UHFFFAOYSA-N
CHEMBL1231795	QOECJCJVIMVJGX-UHFFFAOYSA-N
CHEMBL3414619	DPJNKUOXBZSZAI-UHFFFAOYSA-N
CHEMBL3183531	WBKCKEHGXNWYMO-UHFFFAOYSA-N
CHEMBL3818617	OTTJIRVZJJGFTK-SFHVURJKSA-N
CHEMBL4521971	ABGOSOMRWSYAOB-UHFFFAOYSA-N
CHEMBL1093266	PSOXOVKYGWBTPB-UHFFFAOYSA-N
CHEMBL1231160	MPUQHZXIXSTTDU-QXGSTGNESA-N
CHEMBL3125702	DRLCSJFKKILATL-YWCVFVGNSA-N
CHEMBL1221600	HXZRMADPDYFMEB-FTTMEYFSSA-N
CHEMBL413	QFJCIRLUMZQUOT-HPLJOQBZSA-N
CHEMBL3819587	ZDNGJXBUEQNFBQ-GCJKJVERSA-N
CHEMBL269732	QJJXYPPXXYFBGM-LFZNUXCKSA-N
CHEMBL4564923	QJJXYPPXXYFBGM-LFZNUXCKSA-N
CHEMBL3774655	YKNAKDFZAWQEEO-IBGZPJMESA-N
CHEMBL228814	QJZRFPJCWMNVAV-HHHXNRCGSA-N
CHEMBL521686	FDLYAMZZIXQODN-UHFFFAOYSA-N
CHEMBL1173655	ULXXDDBFHOBEHA-CWDCEQMOSA-N
CHEMBL3301625	KXBDTLQSDKGAEB-UHFFFAOYSA-N
CHEMBL5178416	ZVWPOIUAPXDLMB-UHFFFAOYSA-N
CHEMBL5077276	LGWDVWIZDPGCFG-UHFFFAOYSA-N
CHEMBL2107823	SQSZANZGUXWJEA-UHFFFAOYSA-N
CHEMBL4286938	IFWUBRBMMNTBRZ-UHFFFAOYSA-N
CHEMBL3824089	GMPQGWXPDRNCBL-UHFFFAOYSA-N
CHEMBL4104741	REVJNSVNICWODC-KIDMSAQOSA-N
CHEMBL4225537	NDVQUNZCNAMROD-RZUBCFFCSA-N
CHEMBL3623004	DFBDRVGWBHBJNR-BBNFHIFMSA-N
CHEMBL1229592	ITTRLTNMFYIYPA-UHFFFAOYSA-N
CHEMBL4469414	PMQUGSPFUBGJCZ-CHOKWEPUSA-N
CHEMBL3740291	QKPUKWQKXUUTOK-UHFFFAOYSA-N
CHEMBL4471306	MFYLCAMJNGIULC-KCVUFLITSA-N
CHEMBL4444498	PIEQDBPBBQPLPL-UHFFFAOYSA-N
CHEMBL5409389	UMUQEMHROZVOTF-LJQANCHMSA-N
CHEMBL356769	BHUZLJOUHMBZQY-YXQOSMAKSA-N
CHEMBL5085204	VPQCHIWQHIOPQS-UHFFFAOYSA-N
CHEMBL4548689	MDGIEDNDSFMSLP-UHFFFAOYSA-N
CHEMBL3908979	BHKDKKZMPODMIQ-UHFFFAOYSA-N
CHEMBL569864	OSXFATOLZGZLSK-UHFFFAOYSA-N
CHEMBL5314441	KMFLQPJJHQNKKF-UHFFFAOYSA-N
CHEMBL3707331	FIVSJYGQAIEMOC-ZGNKEGEESA-N
CHEMBL5172767	RGHLRMNPUGUZEY-UHFFFAOYSA-N
CHEMBL5278315	GYKNPXCQINZRLL-UHFFFAOYSA-N
CHEMBL5414047	KGSBEYKVWODBRD-ICSRJNTNSA-N
CHEMBL5314487	XSQUJFKRXZMOKA-PAFIKIDNSA-N
CHEMBL4649390	SGSFONPFVRRJLS-UHFFFAOYSA-N
CHEMBL1672987	LGLHCXISMKHLIK-UHFFFAOYSA-N
CHEMBL1230541	JIFCFQDXHMUPGP-UHFFFAOYSA-N
CHEMBL3990456	NDEXUOWTGYUVGA-LJQANCHMSA-N
CHEMBL3408947	DADASRPKWOGKCU-FVTQAUBDSA-N
CHEMBL1236782	HZASIAXCPXTISQ-NVXWUHKLSA-N
CHEMBL3590107	HDAJDNHIBCDLQF-RUZDIDTESA-N
CHEMBL3182444	LCVIRAZGMYMNNT-UHFFFAOYSA-N
CHEMBL2396661	STUWGJZDJHPWGZ-LBPRGKRZSA-N
CHEMBL4541479	HTFNVAVTYILUCF-UHFFFAOYSA-N
CHEMBL1738797	KDGFLJKFZUIJMX-UHFFFAOYSA-N
CHEMBL189963	AHJRHEGDXFFMBM-UHFFFAOYSA-N
CHEMBL3770443	ZBCMHWUFWQFPLV-VVOJOOEHSA-N
CHEMBL2140408	IVUGFMLRJOCGAS-UHFFFAOYSA-N
CHEMBL3545215	JCINBYQJBYJGDM-UHFFFAOYSA-N
CHEMBL2336325	JUSFANSTBFGBAF-IRXDYDNUSA-N
CHEMBL2152944	HXMGCTFLLWPVFM-GOSISDBHSA-N
CHEMBL412142	AQGNHMOJWBZFQQ-UHFFFAOYSA-N
CHEMBL2203843	IENLGMOXAQMNEH-CYBMUJFWSA-N
CHEMBL521851	LHNIIDJUOCFXAP-UHFFFAOYSA-N
CHEMBL4553284	UYUHRKLITDJEHB-UHFFFAOYSA-N
CHEMBL3326006	MJSHVHLADKXCML-RQNOJGIXSA-N
CHEMBL3402762	AHYMHWXQRWRBKT-UHFFFAOYSA-N
CHEMBL5284353	VASPFLVEEOBQOS-UHFFFAOYSA-N
CHEMBL3128043	AYCPARAPKDAOEN-LJQANCHMSA-N
CHEMBL4303508	DEEOXSOLTLIWMG-UHFFFAOYSA-N
CHEMBL513909	XQVVPGYIWAGRNI-JOCHJYFZSA-N
CHEMBL1673046	QAPAJIZPZGWAND-UHFFFAOYSA-N
CHEMBL941	KTUFNOKKBVMGRW-UHFFFAOYSA-N
CHEMBL3137309	LQBVNQSMGBZMKD-UHFFFAOYSA-N
CHEMBL3342332	SOYCFODXNRVBTI-UHFFFAOYSA-N
CHEMBL3342187	JKMWZKPAXZBYEH-JWHWKPFMSA-N
CHEMBL3417704	XMVAWGSQPHFXKU-UHFFFAOYSA-N
CHEMBL4439276	ZFBHXVOCZBPADE-SSEXGKCCSA-N
CHEMBL2316207	JWZSSEWMVYKYKW-UHFFFAOYSA-N
CHEMBL4580220	OZFFKOSQNBBYCA-UHFFFAOYSA-N
CHEMBL2105717	ONIQOQHATWINJY-UHFFFAOYSA-N
CHEMBL3688339	DKZYXHCYPUVGAF-JCNLHEQBSA-N
CHEMBL4544478	SXWMIXPJPNCXQQ-UHFFFAOYSA-N
CHEMBL1976040	BKWJAKQVGHWELA-UHFFFAOYSA-N
CHEMBL2165191	IRTDIKMSKMREGO-OAHLLOKOSA-N
CHEMBL2057915	CDOOFZZILLRUQH-GDLZYMKVSA-N
CHEMBL2323775	VMJFTOSOFDEKTM-UHFFFAOYSA-N
CHEMBL3126198	AUWUGRCKTQSGJY-HHHXNRCGSA-N
CHEMBL3989927	IXZOHGPZAQLIBH-NRFANRHFSA-N
CHEMBL5205388	GSGDUDAFETZSPM-IATAILRESA-N
CHEMBL4449512	BANRYGZZIMCKNA-OYGJEQPESA-N
CHEMBL4742712	PWBHUSLMHZLGRN-UHFFFAOYSA-N
CHEMBL3740897	NWGMIELHSCQGOG-ZDUSSCGKSA-N
CHEMBL343448	OHRURASPPZQGQM-GCCNXGTGSA-N
CHEMBL5184590	KKFFOOWORPUAJB-NVXWUHKLSA-N
CHEMBL4755229	XCGYXEVLQIIEJH-UHFFFAOYSA-N
CHEMBL3605456	PFPSFENQCNMITC-MRXNPFEDSA-N
CHEMBL2169919	WXRGFPHDRFQODR-ICLZECGLSA-N
CHEMBL2204995	ULNXAWLQFZMIHX-UHFFFAOYSA-N
CHEMBL3414621	NSQSAUGJQHDYNO-UHFFFAOYSA-N
CHEMBL4545488	LQTWDAYNGMMHLV-UHFFFAOYSA-N
CHEMBL4297463	HPODOLXTMDHLLC-QGZVFWFLSA-N
CHEMBL4303679	PTPNCCWOTBBVJR-UHFFFAOYSA-N
CHEMBL1765740	QLPHOXTXAKOFMU-WBVHZDCISA-N
CHEMBL4208229	VOVZXURTCKPRDQ-CQSZACIVSA-N
CHEMBL5206992	YHMDHAMZFMNMTF-MSOLQXFVSA-N
CHEMBL3609372	OINGHOPGNMYCAB-INIZCTEOSA-N
CHEMBL4573938	HSVRUECLQUGTDS-UHFFFAOYSA-N
CHEMBL3356009	XMWUCMFVDXDRDE-NRFANRHFSA-N
CHEMBL4567157	VIQXILLOJLATEF-UHFFFAOYSA-N
CHEMBL2311578	UJGTUKMAJVCBIS-UHFFFAOYSA-N
CHEMBL4558528	ZPNTXOKOIHPCLI-UHFFFAOYSA-N
CHEMBL4568735	NVGROBHDOYRPAN-FPTDNZKUSA-N
CHEMBL4458424	VKQBTIMLSDGNLG-QHCPKHFHSA-N
CHEMBL472	ZNNLBTZKUZBEKO-UHFFFAOYSA-N
CHEMBL1272	FAEKWTJYAYMJKF-QHCPKHFHSA-N
CHEMBL4878586	RZLXOEIALAVGKH-UHFFFAOYSA-N
CHEMBL1814633	ZKIQFLSGMMYCGS-SANMLTNESA-N
CHEMBL4455633	KKMZWHRTQLNOCF-UHFFFAOYSA-N
CHEMBL3683575	NFHSJYKXENYICE-UHFFFAOYSA-N
CHEMBL239226	OJQMKCBWYCWFPU-UHFFFAOYSA-N
CHEMBL5396266	WXTJCPHELGTTJU-FMKPAKJESA-N
CHEMBL2216830	DNVFTXQYIYFQBW-UHFFFAOYSA-N
CHEMBL5187755	QYJLBHRAPDJOSO-NVXWUHKLSA-N
CHEMBL1208155	HEAUOKZIVMZVQL-VWLOTQADSA-N
CHEMBL5209881	ASRLBLHATMXGPC-UHFFFAOYSA-N
CHEMBL5094191	RKAFYSIKAVFVPS-UHFFFAOYSA-N
CHEMBL5219830	XVGSKZXXLKUEIO-MRXNPFEDSA-N
CHEMBL4525652	NRHPFMQPXSSELC-QHCPKHFHSA-N
CHEMBL3622820	KTBSXLIQKWEBRB-UHFFFAOYSA-N
CHEMBL3917975	HXYXHSDYBDFOFO-INIZCTEOSA-N
CHEMBL5518004	FSQGWBXWGNWEAV-CMDGGOBGSA-N
CHEMBL5095036	OXTSYWDBUVRXFF-GDLZYMKVSA-N
CHEMBL2178422	KRNAOFGYEFKHPB-ANJVHQHFSA-N
CHEMBL3408213	LBFYQISQYCGDDW-UHFFFAOYSA-N
CHEMBL5631912	JLIJJLLYTGASQX-UHFFFAOYSA-N
CHEMBL3577885	BXNMZRPTQFVRFA-QGZVFWFLSA-N
CHEMBL4594258	HTCJUBZBSJQWBW-CQSZACIVSA-N
CHEMBL3338865	VSOUDUXMPUHJEU-UHFFFAOYSA-N
CHEMBL540989	RSJAXPUYVJKAAA-JPGJPTAESA-N
CHEMBL1471	ATALOFNDEOCMKK-OITMNORJSA-N
CHEMBL88223	ATHZIFFSGSWIAU-UHFFFAOYSA-N
CHEMBL4650341	UXZAJSZFFARTEI-YRPNKDGESA-N
CHEMBL4594442	NCWQLHHDGDXIJN-UHFFFAOYSA-N
CHEMBL111612	OAEWNSKRLBVVBV-QSEAXJEQSA-N
CHEMBL2069499	FOBFICSYUINKAA-XMMPIXPASA-N
CHEMBL3989871	PUKBOVABABRILL-YZNIXAGQSA-N
CHEMBL4784510	FJZNNKJZHQFMCK-LRDDRELGSA-N
CHEMBL1829174	BZCALJIHZVNMGJ-HSZRJFAPSA-N
CHEMBL4537788	PZGSYNNVPNLHQG-SANMLTNESA-N
CHEMBL5075693	VXNAMCLMCBLNOL-NFQMXDRXSA-N
CHEMBL339053	HLCHESOMJVGDSJ-LOYHVIPDSA-N
CHEMBL5314557	DTCZNKWBDTXEBS-UHFFFAOYSA-N
CHEMBL1543306	PMEQBGAGFZDWQX-UHFFFAOYSA-N
CHEMBL4445670	QXURFIGBRGWPQD-UHFFFAOYSA-N
CHEMBL4650316	GQCXHIKRWBIQMD-AKJBCIBTSA-N
CHEMBL1823342	OVUNRYUVDVWTTE-UHFFFAOYSA-N
CHEMBL5421689	HUOLMBXGHHSYHC-QWQFASRJSA-N
CHEMBL5564627	NORRDWRSNUOCBV-XCIZWWPASA-N
CHEMBL4862963	CLCTZVRHDOAUGJ-SYVGMNBRSA-N
CHEMBL5268644	JNTJTCXFIXNXDV-VIFPVBQESA-N
CHEMBL5314497	DTWUUAFTYSMNQX-GFCCVEGCSA-N
CHEMBL570015	JFHROPTYMMSOLG-UHFFFAOYSA-N
CHEMBL5555035	REPLCRNGGWSKTN-JYQLQLLISA-N
CHEMBL5567902	ZOSWUNAJRAEGEW-YTIGDUPRSA-N
CHEMBL5285810	ZGSWGXNEXAXEGV-XFCHVEHOSA-N
CHEMBL4749741	PPNNFXIBKLCMTI-WXEAQWFJSA-N
CHEMBL4466284	IPNTVOAQOGRLQB-JJMBTQCASA-N
CHEMBL4748407	IVARZBJJMMUJHI-SQKKEFIPSA-N
CHEMBL4851806	OGAOHACYLUBWJQ-UHFFFAOYSA-N
CHEMBL4112323	DOVSNSDMRJVTMR-JOCHJYFZSA-N
CHEMBL4161454	AYMGZLUKTNXEMY-UHFFFAOYSA-N
CHEMBL5409425	ROINLDWZNWCWJK-ZYIHSGTPSA-N
CHEMBL5278232	ZJJZBBBSQKVNHL-BYBNZYMESA-N
CHEMBL5171934	INXGMIWEZJNJOA-NVZKIFIHSA-N
CHEMBL4525203	RTNONCBKGZNCJS-LJLQSONVSA-N
CHEMBL4540528	DUPAJELXESPTNF-PPZGWQTASA-N
CHEMBL4802133	SWVYYNLRVIYURK-AREMUKBSSA-N
CHEMBL5198592	AAZUPSFRSHFTGV-INIZCTEOSA-N
CHEMBL5198469	LLCVDQHLYHBAHR-UHFFFAOYSA-N
CHEMBL3970748	UCGWYCMPZXDHNR-UHFFFAOYSA-N
CHEMBL4639128	ZORLJXWXFABTPZ-CTNGQTDRSA-N
CHEMBL4778548	UVVQLQQNGHYTOL-JIVXZRRKSA-N
CHEMBL4301645	BASFYRLYJAZPPL-UONOGXRCSA-N
CHEMBL5207330	FHRKRGDHMCCDEO-LLVKDONJSA-N
CHEMBL5395794	QRYISIPABXJVOQ-AWEZNQCLSA-N
CHEMBL5087506	UEUNDURNLYLSNB-HOTGVXAUSA-N
CHEMBL4093612	KDOQEEMQPHIANX-NFBKMPQASA-N
CHEMBL4593677	QKVFMAAIXZONRN-UHFFFAOYSA-N
CHEMBL4757114	VUOYAALVGSMUHC-UHFFFAOYSA-N
CHEMBL4303523	SDGJBAUIGHSMRI-UHFFFAOYSA-N
CHEMBL554	BCFGMOOMADDAQU-UHFFFAOYSA-N
CHEMBL2103875	LIRYPHYGHXZJBZ-UHFFFAOYSA-N
CHEMBL3188267	LIOLIMKSCNQPLV-UHFFFAOYSA-N
CHEMBL3651966	VRQXRVAKPDCRCI-ZNMIVQPWSA-N
CHEMBL5280210	HPJVZSVEIGCFJP-SFHVURJKSA-N
CHEMBL3889654	NYNZQNWKBKUAII-KBXCAEBGSA-N
CHEMBL1950289	IBGLGMOPHJQDJB-IHRRRGAJSA-N
CHEMBL4285417	RHGZXPKHVAHQJO-BIIHCSGHSA-N
CHEMBL3643413	MWKYMZXCGYXLPL-ZDUSSCGKSA-N
CHEMBL537757	LXDPQXXUVGVIND-UHFFFAOYSA-N
CHEMBL2441340	PRWSIEBRGXYXAJ-UHFFFAOYSA-N
CHEMBL5314423	BWINBHTTZLVXGT-NVXWUHKLSA-N
CHEMBL5084426	QVOGVAVHOLLLAZ-UHFFFAOYSA-N
CHEMBL3685796	OYKPWSZSBLRRPL-HOYKHHGWSA-N
