id	inchikey	target_id	moa
1	IQCKJUKAQJINMK-HUBRGWSESA-N	496	inhibitor
2	QMDKVNSQXPVCRD-RQNOJGIXSA-N	515	inhibitor
3	WRUWGLUCNBMGPS-UHFFFAOYSA-N	562	antagonist
4	ZHMXXVNQAFCXKK-QGZVFWFLSA-N	315	inhibitor
5	TXGKRVFSSHPBAJ-JKSUJKDBSA-N	272	inhibitor
6	SCELLOWTHJGVIC-BGYRXZFFSA-N	390	inhibitor
7	XCFLWTZSJYBCPF-UHFFFAOYSA-N	445	competitive inhibitor
8	ZYVXTMKTGDARKR-UHFFFAOYSA-N	632	inhibitor
9	XSMSNFMDVXXHGJ-UHFFFAOYSA-N	272	inhibitor
10	ISOCDPQFIXDIMS-HSZRJFAPSA-N	52	inhibitor
11	GZFYZYBWLCYBMI-MYZJJQSMSA-N	27	inhibitor
12	HHKGVQGXRGQBBA-UHFFFAOYSA-N	353	inhibitor
13	LTUGYAOMCKNTGG-UHFFFAOYSA-N	329	antagonist
14	UOVSZRTTWLJPHE-HNXAPSNLSA-N	348	antagonist
15	CGCOPBXAGSCZNX-FNQJWKMRSA-N	348	antagonist
16	ARYVAQSYRLZVQD-UHFFFAOYSA-N	131	inhibitor
17	LTYNXERAWVCPAH-OHRKNAERSA-N	335	inhibitor
18	SAGZIBJAQGBRQA-UHFFFAOYSA-N	242	inhibitor
19	ATUUNJCZCOMUKD-OKILXGFUSA-N	445	inhibitor
20	XKBSPAZCFAIBJL-OAHLLOKOSA-N	516	agonist
21	KMESAVNRPDKZCQ-UHFFFAOYSA-N	229	inhibitor
22	ZDOBSAPHUUUOHX-OSYLJGHBSA-N	401	inhibitor
23	BTSUNSRQYLVGIS-ADTYUTHVSA-N	2	covalent inhibitor
24	PROGRNRRJJYCNX-UHFFFAOYSA-N	425	inhibitor
25	JQNINBDKGLWYMU-GEAQBIRJSA-N	368	antagonist
26	VSZRYLHBOKTNBO-UHFFFAOYSA-N	377	inhibitor
27	CGECJCJUHCZZGO-UHFFFAOYSA-N	317	inhibitor
28	OTKTZEZTFCAULO-DEOSSOPVSA-N	69	inhibitor
29	XMNLWOQHMQRHDV-UHFFFAOYSA-N	91	inhibitor
30	BATCTBJIJJEPHM-UHFFFAOYSA-N	9	covalent inhibitor
31	QCQQONWEDCOTBV-UHFFFAOYSA-N	367	inhibitor
32	BSISGUIVBKDTQO-QIKYYPRYSA-N	455	inhibitor
33	XUYMIRYNRKXKOR-HMHJJOSWSA-N	307	inhibitor
34	WUJVPELCYCESAP-UHFFFAOYSA-N	444	agonist
35	ZLTQCDRXWXUYHJ-UHFFFAOYSA-N	329	antagonist
36	ZLTQCDRXWXUYHJ-UHFFFAOYSA-N	82	antagonist
37	ZLTQCDRXWXUYHJ-UHFFFAOYSA-N	614	antagonist
38	NBTNHSGBRGTFJS-UHFFFAOYSA-N	108	inhibitor
39	NBTNHSGBRGTFJS-UHFFFAOYSA-N	145	inhibitor
40	SOXNKJCQBRQUMS-UHFFFAOYSA-N	211	inhibitor
41	KYWWJENKIMRJBI-UHFFFAOYSA-N	327	partial agonist
42	KYWWJENKIMRJBI-UHFFFAOYSA-N	384	partial agonist
43	MPASHPJAIUOWCK-UHFFFAOYSA-N	234	inhibitor
44	MPASHPJAIUOWCK-UHFFFAOYSA-N	353	inhibitor
45	MPASHPJAIUOWCK-UHFFFAOYSA-N	373	inhibitor
46	MPASHPJAIUOWCK-UHFFFAOYSA-N	436	inhibitor
47	JVCWPUFNLFSKFS-UHFFFAOYSA-N	113	inhibitor
48	JVCWPUFNLFSKFS-UHFFFAOYSA-N	240	inhibitor
49	JVCWPUFNLFSKFS-UHFFFAOYSA-N	137	inhibitor
50	JVCWPUFNLFSKFS-UHFFFAOYSA-N	130	inhibitor
51	JVCWPUFNLFSKFS-UHFFFAOYSA-N	153	inhibitor
52	FYMVGXGSNIVSKY-NRFANRHFSA-N	132	covalent inhibitor
53	KLGQSVMIPOVQAX-UHFFFAOYSA-N	80	inhibitor
54	KLGQSVMIPOVQAX-UHFFFAOYSA-N	556	inhibitor
55	KLGQSVMIPOVQAX-UHFFFAOYSA-N	131	inhibitor
56	KLGQSVMIPOVQAX-UHFFFAOYSA-N	600	inhibitor
57	ZJZWZIXSGNFWQQ-UHFFFAOYSA-N	80	inhibitor
58	ZJZWZIXSGNFWQQ-UHFFFAOYSA-N	556	inhibitor
59	KHWCPNJRJCNVRI-UHFFFAOYSA-N	603	antagonist
60	KHWCPNJRJCNVRI-UHFFFAOYSA-N	602	antagonist
61	ZGBAJMQHJDFTQJ-DEOSSOPVSA-N	92	inhibitor
62	ZGBAJMQHJDFTQJ-DEOSSOPVSA-N	119	inhibitor
63	LVDRREOUMKACNJ-BKMJKUGQSA-N	562	antagonist
64	LVDRREOUMKACNJ-BKMJKUGQSA-N	570	antagonist
65	CXJCGSPAPOTTSF-VURMDHGXSA-N	294	inhibitor
66	CXJCGSPAPOTTSF-VURMDHGXSA-N	566	inhibitor
67	CXJCGSPAPOTTSF-VURMDHGXSA-N	400	inhibitor
68	TXEBNKKOLVBTFK-UHFFFAOYSA-N	176	covalent inhibitor
69	CQCWHSDMJBAGDC-UHFFFAOYSA-N	501	inhibitor
70	CQCWHSDMJBAGDC-UHFFFAOYSA-N	376	inhibitor
71	DSUZLJDXUJUTGI-LLVKDONJSA-N	222	inhibitor
72	VWEDZTZAXHMZIL-UHFFFAOYSA-N	199	agonist
73	VWEDZTZAXHMZIL-UHFFFAOYSA-N	200	agonist
74	VWEDZTZAXHMZIL-UHFFFAOYSA-N	258	agonist
75	PKCDDUHJAFVJJB-VLZXCDOPSA-N	121	inhibitor
76	PKCDDUHJAFVJJB-VLZXCDOPSA-N	107	inhibitor
77	PKCDDUHJAFVJJB-VLZXCDOPSA-N	149	inhibitor
78	JGQPZPLJOBHHBK-UFXYQILXSA-N	55	degrader (protac)
79	XSMABFRQESMONQ-SFHVURJKSA-N	558	inhibitor
80	NGEBYTLALFOQKI-HDJSIYSDSA-N	69	inhibitor
81	RENRQMCACQEWFC-UGKGYDQZSA-N	94	inhibitor
82	JKCSCHXVWPSGBG-OPKPGBGESA-N	251	degrader (protac)
83	MPMKMQHJHDHPBE-RUZDIDTESA-N	36	antagonist
84	HNLHOKSDTBAERS-CWIPYCOQSA-N	348	antagonist
85	MXUSGDMIHGLCNC-HNNXBMFYSA-N	536	antagonist
86	LXRZVMYMQHNYJB-UNXOBOICSA-N	593	inhibitor
87	LXRZVMYMQHNYJB-UNXOBOICSA-N	597	inhibitor
88	TXZPMHLMPKIUGK-UHFFFAOYSA-N	192	antagonist
89	TXZPMHLMPKIUGK-UHFFFAOYSA-N	55	antagonist
90	TXZPMHLMPKIUGK-UHFFFAOYSA-N	416	antagonist
91	TXZPMHLMPKIUGK-UHFFFAOYSA-N	441	antagonist
92	RUPXKSLKGSSZCP-UHFFFAOYSA-N	19	agonist
93	ONBSHRSJOPSEGS-INIZCTEOSA-N	536	antagonist
94	TVTXCJFHQKSQQM-LJQIRTBHSA-N	348	antagonist
95	GBJVVSCPOBPEIT-UHFFFAOYSA-N	511	inhibitor
96	GBAKVEWPYUIGHN-UHFFFAOYSA-N	148	are activator
97	NBOJHRYUGLRASX-UHFFFAOYSA-N	9	covalent inhibitor
98	DJOVLOYCGXNVPI-UHFFFAOYSA-N	336	antagonist
99	WGJCHHJGGFCCRS-DEYDLUNASA-N	250	degrader (protac)
100	QXCXMVYVUHVFLP-UHFFFAOYSA-N	607	inhibitor
101	KNOUWGGQMADIBV-KRWDZBQOSA-N	397	inhibitor
102	LUHCYAOYQIFNRN-UHFFFAOYSA-N	344	degrader (protac)
103	IDKAKZRYYDCJDU-HBMMIIHUSA-N	348	antagonist
104	SGIWFELWJPNFDH-UHFFFAOYSA-N	327	agonist
105	SGIWFELWJPNFDH-UHFFFAOYSA-N	384	agonist
106	QADPYRIHXKWUSV-UHFFFAOYSA-N	141	inhibitor
107	QADPYRIHXKWUSV-UHFFFAOYSA-N	171	inhibitor
108	QADPYRIHXKWUSV-UHFFFAOYSA-N	177	inhibitor
109	QADPYRIHXKWUSV-UHFFFAOYSA-N	176	inhibitor
110	YYDUWLSETXNJJT-MTJSOVHGSA-N	106	inhibitor
111	YYDUWLSETXNJJT-MTJSOVHGSA-N	434	inhibitor
112	YYDUWLSETXNJJT-MTJSOVHGSA-N	431	inhibitor
113	BLNNXJOEJRKHAM-UHFFFAOYSA-N	289	agonist
114	ZMNWFTYYYCSSTF-SOAUALDESA-N	108	inhibitor
115	LXFOLMYKSYSZQS-XKHGBIBOSA-N	496	inhibitor
116	XQFINGFCBFHOPE-WXUXXXNLSA-N	430	inhibitor
117	XQFINGFCBFHOPE-WXUXXXNLSA-N	503	inhibitor
118	CGWBJJZOKGZCSJ-UHFFFAOYSA-N	376	antagonist
119	CGWBJJZOKGZCSJ-UHFFFAOYSA-N	501	antagonist
120	AIOCFZJGGGEWDK-UHFFFAOYSA-N	562	degrader (protac)
121	RUBYHLPRZRMTJO-MOVYNIQHSA-N	586	covalent inhibitor
122	RUBYHLPRZRMTJO-MOVYNIQHSA-N	404	covalent inhibitor
123	RDALZZCKQFLGJP-UHFFFAOYSA-N	328	inhibitor
124	JBHLOPKIPKTRSU-UHFFFAOYSA-N	625	inhibitor
125	LQSHXYHWYGKAMX-FQEVSTJZSA-N	529	inhibitor
126	AQTPWCUIYUOEMG-INIZCTEOSA-N	290	inhibitor
127	JFGOILLZIAIYGA-UHFFFAOYSA-N	595	inhibitor
128	RPMGXDCRCWWCRY-JTQLQIEISA-N	239	inhibitor
129	RIJLVEAXPNLDTC-UHFFFAOYSA-N	180	inhibitor
130	HWGQMRYQVZSGDQ-HZPDHXFCSA-N	131	inhibitor
131	HWGQMRYQVZSGDQ-HZPDHXFCSA-N	600	inhibitor
132	SEDFZSHSBUXKAC-NIYFSFCBSA-N	376	inhibitor
133	SEDFZSHSBUXKAC-NIYFSFCBSA-N	501	inhibitor
134	ZOPNBMMVVZRSGH-NRFANRHFSA-N	19	partial agonist
135	BWYBBMQLUKXECQ-GIVPXCGWSA-N	270	inhibitor
136	BWYBBMQLUKXECQ-GIVPXCGWSA-N	116	inhibitor
137	BWYBBMQLUKXECQ-GIVPXCGWSA-N	56	inhibitor
138	CVWXJKQAOSCOAB-UHFFFAOYSA-N	240	inhibitor
139	VRVJKILQRBSEAG-LFPIHBKWSA-N	376	inhibitor
140	VRVJKILQRBSEAG-LFPIHBKWSA-N	501	inhibitor
141	UQRCJCNVNUFYDX-UHFFFAOYSA-N	127	inhibitor
142	UQRCJCNVNUFYDX-UHFFFAOYSA-N	236	inhibitor
143	LWXLECMNBTVASW-UHFFFAOYSA-N	501	inhibitor
144	LWXLECMNBTVASW-UHFFFAOYSA-N	376	inhibitor
145	AILRADAXUVEEIR-UHFFFAOYSA-N	618	inhibitor
146	HUFOZJXAKZVRNJ-UHFFFAOYSA-N	93	covalent inhibitor
147	GHVMTHKJUAOZJP-CGTJXYLNSA-N	14	inhibitor
148	ZEGMEJVULDALSH-NSHDSACASA-N	133	inhibitor
149	SNCRCEGCQVMUBS-DNVCBOLYSA-N	72	inhibitor
150	FNBUZGRPJLEIMO-UHFFFAOYSA-N	33	inhibitor
151	OBSYBRPAKCASQB-AGQYDFLVSA-N	253	agonist
152	ORDHXXHTBUZRCN-NTEUORMPSA-N	489	antagonist
153	CUBDGLIBZGKXKQ-ZBLYBZFDSA-N	19	full agonist
154	XPLWBHWPOUEOSJ-GSZYCOFVSA-N	19	agonist
155	YSVWFFNZZGLLAI-XNTOLAJGSA-N	508	agonist
156	LPCWQWNRCGWRFC-UHFFFAOYSA-N	641	inhibitor
157	JYTIXGYXBIBOMN-UHFFFAOYSA-N	522	partial agonist
158	KLHOCHQJHXNKAS-UHFFFAOYSA-N	10	pirin ligand
159	IFRGXKKQHBVPCQ-UHFFFAOYSA-N	117	inhibitor
160	IFRGXKKQHBVPCQ-UHFFFAOYSA-N	125	inhibitor
161	BKLJDIJJOOQUFG-UHFFFAOYSA-N	138	inhibitor
162	FYQFEJFTCLKXTQ-UHFFFAOYSA-N	327	inverse agonist
163	FYQFEJFTCLKXTQ-UHFFFAOYSA-N	384	inverse agonist
164	RRELDGDKULRRDM-UHFFFAOYSA-N	255	inhibitor
165	IYHHRZBKXXKDDY-UHFFFAOYSA-N	20	inhibitor
166	DYUTWRFEEOPXMN-UHFFFAOYSA-N	59	inhibitor
167	AUYCSWFYKYVCLD-HXUWFJFHSA-N	584	inhibitor
168	OEDSFMUSNZDJFD-UHFFFAOYSA-N	192	inhibitor
169	OEDSFMUSNZDJFD-UHFFFAOYSA-N	55	inhibitor
170	OEDSFMUSNZDJFD-UHFFFAOYSA-N	416	inhibitor
171	OEDSFMUSNZDJFD-UHFFFAOYSA-N	441	inhibitor
172	QMHRLXNEGYTSRV-UHFFFAOYSA-N	159	antagonist
173	LQEHCKYYIXQEBM-FUKIBTTHSA-N	183	antagonist
174	WEGLOYDTDILXDA-OAHLLOKOSA-N	370	inhibitor
175	CSJYMAFXYMYNCK-UHFFFAOYSA-N	530	inhibitor
176	ILHNIWOZZKIBNW-UHFFFAOYSA-N	549	inhibitor
177	OAMLIJKKGZLNHE-UHFFFAOYSA-N	158	inhibitor
178	JTCAGRAKUAAYDY-OAHLLOKOSA-N	637	antagonist
179	FSWFYCYPTDLKON-CMJOXMDJSA-N	102	inhibitor
180	SKZQFKBIJUXXCG-INIZCTEOSA-N	330	antagonist
181	TVGAHWWPABTBCX-UHFFFAOYSA-N	113	inhibitor
182	FRBRZGLUFOZRGD-JVPBZIDWSA-N	192	inhibitor
183	FRBRZGLUFOZRGD-JVPBZIDWSA-N	416	inhibitor
184	FRBRZGLUFOZRGD-JVPBZIDWSA-N	55	inhibitor
185	FRBRZGLUFOZRGD-JVPBZIDWSA-N	441	inhibitor
186	PXQATVYJKMMHAU-UHFFFAOYSA-N	225	antagonist
187	YNFDIGJKJPNFFD-SJORKVTESA-N	290	inhibitor
188	PCJVXTDIDUMIRR-QGZVFWFLSA-N	182	inhibitor
189	RPHDOVLXDYWDGF-UHFFFAOYSA-N	173	agonist
190	KVJFJJXCBRSCDY-UHFFFAOYSA-N	79	inhibitor
191	PGIVGIFOWOVINL-GOSISDBHSA-N	126	inhibitor
192	WZQLVEPIBAOOGF-RMMWZPCPSA-N	192	inhibitor
193	WZQLVEPIBAOOGF-RMMWZPCPSA-N	416	inhibitor
194	WZQLVEPIBAOOGF-RMMWZPCPSA-N	55	inhibitor
195	WZQLVEPIBAOOGF-RMMWZPCPSA-N	441	inhibitor
196	QZZCUOVXHPAQRQ-UHFFFAOYSA-N	192	inhibitor
197	QZZCUOVXHPAQRQ-UHFFFAOYSA-N	416	inhibitor
198	QZZCUOVXHPAQRQ-UHFFFAOYSA-N	55	inhibitor
199	QZZCUOVXHPAQRQ-UHFFFAOYSA-N	441	inhibitor
200	JZTTUZXIQIRVAB-FZEVHQGJSA-N	164	inhibitor
201	ZLGNYFOIDAVMHY-MPKOGUQCSA-N	348	degrader (protac)
202	QULDDKSCVCJTPV-UHFFFAOYSA-N	117	inhibitor
203	QULDDKSCVCJTPV-UHFFFAOYSA-N	125	inhibitor
204	BLVQHYHDYFTPDV-VCABWLAWSA-N	31	inhibitor
205	VLLFGVHGKLDDLW-SFHVURJKSA-N	331	inhibitor
206	UEMQPCYDWCSVCU-UHFFFAOYSA-N	329	antagonist
207	UEMQPCYDWCSVCU-UHFFFAOYSA-N	82	antagonist
208	UEMQPCYDWCSVCU-UHFFFAOYSA-N	614	antagonist
209	XMBSZPZJLPTFMV-UHFFFAOYSA-N	211	inhibitor
210	XMBSZPZJLPTFMV-UHFFFAOYSA-N	51	inhibitor
211	WILMROCKORZEMQ-VJVIIGMYSA-N	111	inhibitor
212	FYICDSWKKFSYOM-UHFFFAOYSA-N	172	covalent inhibitor
213	NBDJDKAXIGWAIM-XZOQPEGZSA-N	415	inhibitor
214	QYDASSGXBXGRBS-CKJXQJPGSA-N	197	covalent inhibitor
215	YQOLEILXOBUDMU-KRWDZBQOSA-N	267	antagonist
216	JNSLBXJNVHYNNW-CXNSMIOJSA-N	192	bivalent inhibitor
217	JNSLBXJNVHYNNW-CXNSMIOJSA-N	55	bivalent inhibitor
218	JNSLBXJNVHYNNW-CXNSMIOJSA-N	416	bivalent inhibitor
219	JNSLBXJNVHYNNW-CXNSMIOJSA-N	441	bivalent inhibitor
220	GACOFEKSDCOVMV-RRYXBOBMSA-N	594	agonist
221	GACOFEKSDCOVMV-RRYXBOBMSA-N	612	agonist
222	SQNZDYHMCMIGGV-TZPPCSJFSA-N	55	degrader (protac)
223	RNQODBQYMXYMCT-SJORKVTESA-N	191	antagonist
224	RFZQYGBLRIKROZ-PCLIKHOPSA-N	627	inhibitor
225	BPLVDYJDAVYLRQ-UHFFFAOYSA-N	625	inhibitor
226	UJLAWZDWDVHWOW-YPMHNXCESA-N	180	inhibitor
227	UJLAWZDWDVHWOW-YPMHNXCESA-N	52	inhibitor
228	UJLAWZDWDVHWOW-YPMHNXCESA-N	318	inhibitor
229	WNEILUNVMHVMPH-UHFFFAOYSA-N	228	inhibitor
230	NMJMRSQTDLRCRQ-UHFFFAOYSA-N	228	inhibitor
231	AEJOEPSMZCEYJN-HXUWFJFHSA-N	253	agonist
232	BFTKDWYIRJGJCA-CYBMUJFWSA-N	376	antagonist
233	BFTKDWYIRJGJCA-CYBMUJFWSA-N	501	antagonist
234	OJKONCJPCULNOW-DYVFJYSZSA-N	429	inhibitor
235	YDNOHCOYQVZOMC-UHFFFAOYSA-N	5	inhibitor
236	OFWWWKWUCDUISA-UHFFFAOYSA-N	82	antagonist
237	OFWWWKWUCDUISA-UHFFFAOYSA-N	169	antagonist
238	OFWWWKWUCDUISA-UHFFFAOYSA-N	481	antagonist
239	CDQRIIUMNLMHRH-UHFFFAOYSA-N	274	inhibitor
240	CHEANNSDVJOIBS-MHZLTWQESA-N	19	full agonist
241	SFMJNHNUOVADRW-UHFFFAOYSA-N	316	covalent inhibitor
242	AOZPVMOOEJAZGK-UHFFFAOYSA-N	373	inhibitor
243	UMRRDXVUROEIKJ-JCXBGQGISA-N	86	antagonist
244	UMRRDXVUROEIKJ-JCXBGQGISA-N	3	antagonist
245	QBGKPEROWUKSBK-QPPIDDCLSA-N	348	antagonist
246	NRSGWEVTVGZDFC-UHFFFAOYSA-N	394	inhibitor
247	NRSGWEVTVGZDFC-UHFFFAOYSA-N	57	inhibitor
248	HUUSXLKCTQDPGL-UHFFFAOYSA-N	517	inhibitor
249	ARBRHWRTXPWZGN-UHFFFAOYSA-N	533	inhibitor
250	PXVFFBGSTYQHRO-REQIQPEASA-N	367	degrader (protac)
251	LIMCHOLAKDUZDS-XARBDFOFSA-N	525	degrader (protac)
252	QMGHHBHPDDAGGO-IIWOMYBWSA-N	601	degrader (protac)
253	KPBNHDGDUADAGP-VAWYXSNFSA-N	273	inhibitor
254	JFOAJUGFHDCBJJ-UHFFFAOYSA-N	228	inhibitor
255	FNYGWXSATBUBER-UHFFFAOYSA-N	68	inhibitor
256	WVAKRQOMAINQPU-UHFFFAOYSA-N	226	agonist
257	NAXSRXHZFIBFMI-UHFFFAOYSA-N	327	agonist
258	NAXSRXHZFIBFMI-UHFFFAOYSA-N	384	agonist
259	RZXMIHOUHYSGJO-UHFFFAOYSA-N	87	inhibitor
260	RZXMIHOUHYSGJO-UHFFFAOYSA-N	591	inhibitor
261	RZXMIHOUHYSGJO-UHFFFAOYSA-N	571	inhibitor
262	ZDBWLRLGUBSLPG-FDHYQTMZSA-N	393	antagonist
263	KSGZCKSNTAJOJS-DZBMUNJRSA-N	543	inhibitor
264	KSGZCKSNTAJOJS-DZBMUNJRSA-N	291	inhibitor
265	JLFSBHQQXIAQEC-UHFFFAOYSA-N	131	inhibitor
266	JLFSBHQQXIAQEC-UHFFFAOYSA-N	600	inhibitor
267	JLFSBHQQXIAQEC-UHFFFAOYSA-N	80	inhibitor
268	JLFSBHQQXIAQEC-UHFFFAOYSA-N	556	inhibitor
269	FWLMVFUGMHIOAA-UHFFFAOYSA-N	360	inhibitor
270	FWLMVFUGMHIOAA-UHFFFAOYSA-N	409	inhibitor
271	XYFPWWZEPKGCCK-GOSISDBHSA-N	363	covalent inhibitor
272	LLVZBTWPGQVVLW-SNAWJCMRSA-N	105	inhibitor
273	GJFCSAPFHAXMSF-UXBLZVDNSA-N	275	covalent inhibitor
274	GJFCSAPFHAXMSF-UXBLZVDNSA-N	276	covalent inhibitor
275	GJFCSAPFHAXMSF-UXBLZVDNSA-N	323	covalent inhibitor
276	PNYRDVBFYVDJJI-UHFFFAOYSA-N	576	inhibitor
277	VUVUVNZRUGEAHB-CYBMUJFWSA-N	55	antagonist
278	VUVUVNZRUGEAHB-CYBMUJFWSA-N	192	antagonist
279	VUVUVNZRUGEAHB-CYBMUJFWSA-N	416	antagonist
280	ALGHKWSXJUQNJJ-UHFFFAOYSA-N	252	agonist
281	QPTCYEYTAWEZNT-UHFFFAOYSA-N	280	inverse agonist
282	HNCVDRFFJZJQRW-UHFFFAOYSA-N	581	inhibitor
283	KSERXGMCDHOLSS-LJQANCHMSA-N	202	inhibitor
284	KSERXGMCDHOLSS-LJQANCHMSA-N	196	inhibitor
285	BIAVGWDGIJKWRM-FQEVSTJZSA-N	208	antagonist
286	WRCGBYNVBFVRTN-UHFFFAOYSA-N	642	inhibitor
287	XNULRSOGWPFPBL-REWPJTCUSA-N	124	antagonist
288	ADZBMFGQQWPHMJ-RHSMWYFYSA-N	113	inhibitor
289	KYOIGHSNTIJBPW-UHFFFAOYSA-N	448	inhibitor
290	ILOIOIGZFHGSMS-UHFFFAOYSA-N	450	inhibitor
291	ILOIOIGZFHGSMS-UHFFFAOYSA-N	9	inhibitor
292	FROGGFONBYACJB-KRWDZBQOSA-N	42	inhibitor
293	UQZCQKXJAXKZQH-LBPRGKRZSA-N	463	inhibitor
294	JZCWLJDSIRUGIN-UHFFFAOYSA-N	396	inhibitor
295	LCFFREMLXLZNHE-GBOLQPHISA-N	363	covalent inhibitor
296	FUIYMYNYUHVDPT-HDJSIYSDSA-N	69	inhibitor
297	XOPYFXBZMVTEJF-PDACKIITSA-N	114	inhibitor
298	GRTDDIZIUSADLD-CRAIPNDOSA-N	95	inhibitor
299	OXQNLLVUVDAEHC-OAQYLSRUSA-N	313	activator
300	PKNYXWMTHFMHKD-UHFFFAOYSA-N	369	agonist
301	HRJWSEPIRZRGCL-UHFFFAOYSA-N	578	antagonist
302	KBFUQFVFYYBHBT-UHFFFAOYSA-N	37	inhibitor
303	OYUDYQMFVRHPIY-UHFFFAOYSA-N	233	partial activator
304	USHQRIKZLHNPQR-JTQLQIEISA-N	146	modulator
305	PQUGCKBLVKJMNT-UHFFFAOYSA-N	179	inhibitor
306	WWOOWAHTEXIWBO-QFRSUPTLSA-N	17	inhibitor
307	WULUGQONDYDNKY-UHFFFAOYSA-N	291	inhibitor
308	WULUGQONDYDNKY-UHFFFAOYSA-N	543	inhibitor
309	CJAQCMBWGUOBIX-ZUQRMPMESA-M	457	antagonist
310	YEVOZZZLKJKCCD-UHFFFAOYSA-N	445	inhibitor
311	PRNXOFBDXNTIFG-FQEVSTJZSA-N	324	inhibitor
312	PQOOIERVZAXHBP-UHFFFAOYSA-N	513	inhibitor
313	COOGVHJHSCBOQT-MRVPVSSYSA-N	557	antagonist
314	DLNFTRSEHUWEGO-HUUCEWRRSA-N	76	inhibitor
315	LIIWIMDSZVNYHY-UHFFFAOYSA-N	595	inhibitor
316	PDMXSCCBEBCTGX-UHFFFAOYSA-N	361	inhibitor
317	QBIGUDRHHJTXKG-UUWRZZSWSA-N	307	inverse agonist
318	JYTISQGEFSHUIR-UHFFFAOYSA-N	378	inhibitor
319	GRXCLNMCJWKTAT-UHFFFAOYSA-N	469	inhibitor
320	VGRLXWFIXGZRMS-UHFFFAOYSA-N	81	inhibitor
321	PGKXDIMONUAMFR-AREMUKBSSA-N	165	antagonist
322	PWKAYICUBVNJAZ-UHFFFAOYSA-N	50	inhibitor
323	MSTXJJGAXXJCBY-UHFFFAOYSA-N	22	inhibitor
324	VHSVKVWHYFBIFJ-HKZYLEAXSA-N	527	agonist
325	IVDUVEGCMXCMSO-FQEVSTJZSA-N	30	inhibitor
326	WOAOENGFAAUUGT-UHFFFAOYSA-N	548	antagonist
327	HRJWTAWVFDCTGO-UHFFFAOYSA-N	299	inhibitor
328	HRJWTAWVFDCTGO-UHFFFAOYSA-N	300	inhibitor
329	BZZKEPGENYLQSC-FIBGUPNXSA-N	209	inhibitor
330	XUKUURHRXDUEBC-KAYWLYCHSA-N	103	inhibitor, prodrug
331	WDHOIABIERMLGY-CMJOXMDJSA-N	101	degrader, antagonist
332	YTINZZFBHWSAGL-NDEPHWFRSA-N	525	degrader, celmod
333	VNCIWNGCMAKKEO-UHFFFAOYSA-N	321	inhibitor
334	VNCIWNGCMAKKEO-UHFFFAOYSA-N	322	inhibitor
335	VRQMAABPASPXMW-HDICACEKSA-N	141	inhibitor
336	VRQMAABPASPXMW-HDICACEKSA-N	171	inhibitor
337	VRQMAABPASPXMW-HDICACEKSA-N	177	inhibitor
338	AVKAVKZKOFSSMY-DEOSSOPVSA-N	576	inhibitor
339	QGNDVASWIHEXCL-AWEZNQCLSA-N	355	inhibitor
340	QGNDVASWIHEXCL-AWEZNQCLSA-N	264	inhibitor
341	QCIJLRJBZDBVDB-UHFFFAOYSA-N	329	inhibitor
342	ZKIRTFGYQVXNGL-UHFFFAOYSA-N	544	inhibitor
343	AQTNUGRRZDRZIA-UHFFFAOYSA-N	308	inhibitor
344	AQTNUGRRZDRZIA-UHFFFAOYSA-N	309	inhibitor
345	AQTNUGRRZDRZIA-UHFFFAOYSA-N	467	inhibitor
346	RZFJBSIAXYEPBX-UHFFFAOYSA-N	520	inhibitor
347	IXWUILRSNIQHDM-QGZVFWFLSA-N	355	inhibitor
348	IXWUILRSNIQHDM-QGZVFWFLSA-N	264	inhibitor
349	INAICWLVUAKEPB-QSTFCLMHSA-N	308	antagonist
350	INAICWLVUAKEPB-QSTFCLMHSA-N	309	antagonist
351	INAICWLVUAKEPB-QSTFCLMHSA-N	467	antagonist
352	GWGNPYYVGANHRJ-GDBMZVCRSA-N	72	inhibitor
353	AUOSKLDNVNGKRR-UHFFFAOYSA-N	24	inhibitor
354	KGXBCWANASZZQG-UHFFFAOYSA-N	23	inhibitor
355	KGXBCWANASZZQG-UHFFFAOYSA-N	511	inhibitor
356	KGXBCWANASZZQG-UHFFFAOYSA-N	624	inhibitor
357	ZRTFTZCKJUNZIU-HNNXBMFYSA-N	355	inhibitor
358	ZRTFTZCKJUNZIU-HNNXBMFYSA-N	264	inhibitor
359	CZKPAGLXQOQNEI-UHFFFAOYSA-N	534	inhibitor
360	JKJMWHULJIOKPJ-UHFFFAOYSA-N	487	inhibitor
361	JKJMWHULJIOKPJ-UHFFFAOYSA-N	541	inhibitor
362	TXJZRSRTYPUYRW-GHTZIAJQSA-N	243	inhibitor
363	ARYUXFNGXHNNDM-UHFFFAOYSA-N	413	modulator
364	WQAVGRAETZEADU-UHFFFAOYSA-N	131	inhibitor
365	MLJVGAYSVYMPSB-MSUKGTQXSA-N	582	inhibitor
366	CDJPHTNUARAVMH-SECBINFHSA-N	187	antagonist
367	HFNKQEVNSGCOJV-OAHLLOKOSA-N	180	inhibitor
368	HFNKQEVNSGCOJV-OAHLLOKOSA-N	52	inhibitor
369	OQFCHSFVWSLDAO-UHFFFAOYSA-N	26	inhibitor
370	OQFCHSFVWSLDAO-UHFFFAOYSA-N	483	inhibitor
371	WSEQXVZVJXJVFP-FQEVSTJZSA-N	219	inhibitor
372	AJBBEYXFRYFVNM-UHFFFAOYSA-N	207	antagonist
373	HNOLTAKAPDKZRY-AWEZNQCLSA-N	596	inhibitor
374	KJDAGXLMHXUAGV-DGWLBADLSA-N	174	inhibitor
375	FLNYLINBEZROPL-NSOVKSMOSA-N	189	antagonist
376	CMJJZRAAQMUAFH-INIZCTEOSA-N	373	inhibitor
377	CMJJZRAAQMUAFH-INIZCTEOSA-N	436	inhibitor
378	CMJJZRAAQMUAFH-INIZCTEOSA-N	106	inhibitor
379	CMJJZRAAQMUAFH-INIZCTEOSA-N	434	inhibitor
380	CMJJZRAAQMUAFH-INIZCTEOSA-N	431	inhibitor
381	MSIJJXOWLFOYIN-UHFFFAOYSA-N	544	inhibitor
382	MSIJJXOWLFOYIN-UHFFFAOYSA-N	378	inhibitor
383	FFLJVBPCONQSQW-UHFFFAOYSA-N	244	inhibitor
384	FFLJVBPCONQSQW-UHFFFAOYSA-N	358	inhibitor
385	IESAJAZKMLPVIB-VXGBXAGGSA-N	67	inhibitor
386	PEMUGDMSUDYLHU-ZEQRLZLVSA-N	99	covalent inhibitor
387	NXQKSXLFSAEQCZ-SFHVURJKSA-N	99	covalent inhibitor
388	CAPZLSKZPWSIKV-LJQANCHMSA-N	607	inhibitor
389	RIGHCDSORZCRDE-UHFFFAOYSA-N	583	inhibitor
390	RAXZSEGXMBWYQK-SNVBAGLBSA-N	202	inhibitor
391	RAXZSEGXMBWYQK-SNVBAGLBSA-N	196	inhibitor
392	MVCOAUNKQVWQHZ-UHFFFAOYSA-N	432	inhibitor
393	RHFIAUKMKYHHFA-UHFFFAOYSA-N	379	inhibitor
394	LUVOYGUFQRWXGQ-UHFFFAOYSA-N	368	inhibitor
395	MCLDWKVRXDHDEI-UHFFFAOYSA-N	71	inhibitor
396	VSMTYSWGHKYXOF-UHFFFAOYSA-N	519	inhibitor
397	NWTCZTAQSRLSCP-UHFFFAOYSA-N	136	degrader (protac)
398	DRSZMILOMUPIBJ-UHFFFAOYSA-N	39	agonist
399	ZLHFILGSQDJULK-UHFFFAOYSA-N	23	inhibitor
400	CWLAIOPWFOOJHQ-QHCPKHFHSA-N	323	inhibitor
401	NCDZABJPWMBMIQ-INIZCTEOSA-N	205	inhibitor
402	XDJGNPSZQSWJCV-UHFFFAOYSA-N	180	inhibitor
403	XDJGNPSZQSWJCV-UHFFFAOYSA-N	52	inhibitor
404	XDJGNPSZQSWJCV-UHFFFAOYSA-N	318	inhibitor
405	XDJGNPSZQSWJCV-UHFFFAOYSA-N	209	inhibitor
406	UZWDCWONPYILKI-UHFFFAOYSA-N	144	inhibitor
407	UZWDCWONPYILKI-UHFFFAOYSA-N	344	inhibitor
408	QJZQFVRFJCGDKF-UHFFFAOYSA-N	231	antagonist
409	YOVVNQKCSKSHKT-HNNXBMFYSA-N	261	inhibitor
410	YOVVNQKCSKSHKT-HNNXBMFYSA-N	262	inhibitor
411	YOVVNQKCSKSHKT-HNNXBMFYSA-N	285	inhibitor
412	YOVVNQKCSKSHKT-HNNXBMFYSA-N	5	inhibitor
413	YOVVNQKCSKSHKT-HNNXBMFYSA-N	263	inhibitor
414	GBLBJPZSROAGMF-RWYJCYHVSA-N	120	inhibitor
415	HWVNEWGKWRGSRK-UHFFFAOYSA-N	357	agonist
416	KVLFRAWTRWDEDF-IRXDYDNUSA-N	263	inhibitor
417	HFLMLZKGLUEWBU-UHFFFAOYSA-N	301	inhibitor
418	UKBQFBRPXKGJPY-INIZCTEOSA-N	518	inhibitor
419	OAZAPIKYVGRNCO-UHFFFAOYSA-N	435	inhibitor
420	RSMYFSPOTCDHHJ-GOSISDBHSA-N	55	inhibitor
421	RSMYFSPOTCDHHJ-GOSISDBHSA-N	192	inhibitor
422	RSMYFSPOTCDHHJ-GOSISDBHSA-N	441	inhibitor
423	RSMYFSPOTCDHHJ-GOSISDBHSA-N	416	inhibitor
424	GOOYSJIWTIHOGW-UHFFFAOYSA-N	437	inhibitor
425	JKDGKIBAOAFRPJ-ZBINZKHDSA-N	584	inhibitor
426	SJHNWSAWWOAWJH-MRXNPFEDSA-N	584	inhibitor
427	DJVYXMINSBMUHH-QAQDUYKDSA-N	584	inhibitor
428	DJVYXMINSBMUHH-QAQDUYKDSA-N	310	inhibitor
429	CDQQWCLOMUMQMM-UHFFFAOYSA-N	493	inhibitor
430	RQFYFNAGNBUGFC-UHFFFAOYSA-N	299	inhibitor
431	RQFYFNAGNBUGFC-UHFFFAOYSA-N	300	inhibitor
432	COGUZYALRYMQTD-LJQANCHMSA-N	586	inhibitor
433	COGUZYALRYMQTD-LJQANCHMSA-N	404	inhibitor
434	WQVPGYMGERDXLH-UHFFFAOYSA-N	310	inhibitor
435	IWMCPJZTADUIFX-UHFFFAOYSA-N	445	inhibitor
436	FWJRVGZWNDOOFH-OAHLLOKOSA-N	166	antagonist
437	QJSFLEBIQZMJQF-UHFFFAOYSA-N	299	degrader (protac)
438	QJSFLEBIQZMJQF-UHFFFAOYSA-N	300	degrader (protac)
439	NIPTUMFVYBXSMZ-JOCHJYFZSA-N	515	inhibitor
440	WDBUEMWHXKHQNB-NNAUULPKSA-N	141	degrader (protac)
441	WDBUEMWHXKHQNB-NNAUULPKSA-N	171	degrader (protac)
442	LWXOPXNDPRPGMJ-UHFFFAOYSA-N	277	inhibitor
443	LWXOPXNDPRPGMJ-UHFFFAOYSA-N	16	inhibitor
444	KOZGEDUWAQFVAV-UHFFFAOYSA-N	89	antagonist
445	DMUSMYYDKCXFKR-MRJIRHQNSA-N	586	inhibitor
446	DMUSMYYDKCXFKR-MRJIRHQNSA-N	404	inhibitor
447	VNSQFPFWUAZOTQ-UHFFFAOYSA-N	502	inhibitor
448	VNSQFPFWUAZOTQ-UHFFFAOYSA-N	498	inhibitor
449	LXRBPWHQMGKMRT-GOSISDBHSA-N	605	inhibitor
450	XUOJHVFYSAMHNK-GWMXKSKGSA-N	379	inhibitor
451	IVOACCSOISMVBL-UHFFFAOYSA-N	535	inhibitor
452	HEUVRFNVTLGKMZ-SANMLTNESA-N	292	inhibitor
453	DNVXATUJJDPFDM-KRWDZBQOSA-N	192	inhibitor
454	DNVXATUJJDPFDM-KRWDZBQOSA-N	55	inhibitor
455	DNVXATUJJDPFDM-KRWDZBQOSA-N	416	inhibitor
456	DNVXATUJJDPFDM-KRWDZBQOSA-N	441	inhibitor
457	NZYTZRHHBAJPKN-UHFFFAOYSA-N	572	inhibitor
458	RCINICONZNJXQF-MZXODVADSA-N	114	inhibitor
459	BDYDINKSILYBOL-WMZHIEFXSA-N	617	mixed-mode inhibitor
460	DUCNNEYLFOQFSW-PMERELPUSA-N	68	inhibitor
461	RPBMXJHQYJLPDN-UHFFFAOYSA-N	562	inhibitor
462	RPBMXJHQYJLPDN-UHFFFAOYSA-N	570	inhibitor
463	RNEOHKZPZKEZCQ-UHFFFAOYSA-N	8	inhibitor
464	UYKVJQCPBDDIFD-ZSEKCTLFSA-N	214	antagonist
465	RMCSKUADBRROSI-UHFFFAOYSA-N	198	antagonist
466	RWRSKMSFZCQDMQ-UHFFFAOYSA-N	446	inhibitor
467	RIWTUJFFSTVYPW-UHFFFAOYSA-N	244	inhibitor
468	RIWTUJFFSTVYPW-UHFFFAOYSA-N	358	inhibitor
469	QARLNMDDSQMINK-BVRKHOPBSA-N	589	inhibitor
470	HKASDKLLEVWKJA-YADARESESA-N	143	inhibitor
471	MDUYWDNWFXSMJJ-XWLWVQCSSA-N	301	inhibitor
472	XRDVXQQZLHVEQZ-UHFFFAOYSA-N	273	inhibitor
473	MZBOZBMARIQZGX-GRRGFIRHSA-N	348	antagonist
474	LZNFQRSVDZCPTR-SCFUHWHPSA-N	174	covalent inhibitor
475	LZNFQRSVDZCPTR-SCFUHWHPSA-N	491	covalent inhibitor
476	UNRTVIQQMJRQLZ-UHFFFAOYSA-N	201	inhibitor
477	UNRTVIQQMJRQLZ-UHFFFAOYSA-N	424	inhibitor
478	UNRTVIQQMJRQLZ-UHFFFAOYSA-N	532	inhibitor
479	UNRTVIQQMJRQLZ-UHFFFAOYSA-N	423	inhibitor
480	LQHDIGAYVSAVRJ-UHFFFAOYSA-N	192	bivalent inhibitor
481	LQHDIGAYVSAVRJ-UHFFFAOYSA-N	55	bivalent inhibitor
482	LQHDIGAYVSAVRJ-UHFFFAOYSA-N	416	bivalent inhibitor
483	LQHDIGAYVSAVRJ-UHFFFAOYSA-N	441	bivalent inhibitor
484	BWBUPDTUXQDHSX-AWEZNQCLSA-N	476	inhibitor
485	ZRHWCAFAIHTQKD-QGZVFWFLSA-N	634	covalent inhibitor
486	CQAPXPSWLDAVEG-UHFFFAOYSA-N	435	inhibitor
487	YNVKFHIWFDRVNY-UHFFFAOYSA-N	253	agonist
488	OBJNFLYHUXWUPF-IZZDOVSWSA-N	303	covalent inhibitor
489	QVQHWPLHUNEREE-UHFFFAOYSA-N	492	inhibitor
490	XVFDNRYZXDHTHT-PXAZEXFGSA-N	370	inhibitor
491	IVYQPSHHYIAUFO-VXKWHMMOSA-N	567	agonist
492	RVOZYMPVGIVNJX-UHFFFAOYSA-N	72	inhibitor
493	DFQGDHBGRSTTHX-UHFFFAOYSA-N	162	inhibitor
494	HNIFCPBQMKPRCX-UHFFFAOYSA-N	214	antagonist
495	REQQVBGILUTQNN-UHFFFAOYSA-N	401	inhibitor
496	YJPWVCIGSHWNON-UHFFFAOYSA-N	232	antagonist
497	MCIACXAZCBVDEE-CUUWFGFTSA-N	217	inhibitor
498	TVMJSGGZULFVCZ-XMMPIXPASA-N	194	antagonist
499	ZAGCLFXBHOXXEN-JPTLTNPLSA-N	570	degrader (protac)
500	ZAGCLFXBHOXXEN-JPTLTNPLSA-N	562	degrader (protac)
501	YIHHYCIYAIVQKX-MBIULKOWSA-N	396	inhibitor
502	MSFPLTWUFWOKBX-IFXJQAMLSA-O	505	antagonist
503	MSFPLTWUFWOKBX-IFXJQAMLSA-O	504	antagonist
504	BBIPVJCGIASXJB-PKTZIBPZSA-N	326	inhibitor
505	BBIPVJCGIASXJB-PKTZIBPZSA-N	349	inhibitor
506	BBIPVJCGIASXJB-PKTZIBPZSA-N	405	inhibitor
507	SPMVMDHWKHCIDT-UHFFFAOYSA-N	155	inhibitor
508	SPMVMDHWKHCIDT-UHFFFAOYSA-N	236	inhibitor
509	SPMVMDHWKHCIDT-UHFFFAOYSA-N	235	inhibitor
510	ZRPZPNYZFSJUPA-UHFFFAOYSA-N	99	covalent inhibitor
511	NDRFFOKFYGUOKD-ZDUSSCGKSA-N	255	inhibitor
512	PJKRNPPUSQSCHN-UHFFFAOYSA-N	245	inhibitor
513	BLSNYSFLZAWBIV-SFHVURJKSA-N	507	inhibitor
514	QGPXEIMWTKWHMH-DEOSSOPVSA-N	162	inhibitor
515	AAHNBILIYONQLX-UHFFFAOYSA-N	297	modulator
516	FRPJGTNLZNXQEX-UHFFFAOYSA-N	173	agonist
517	WDZVWDXOIGQJIO-UHFFFAOYSA-N	297	inhibitor
518	LWJGMYMNSNVCEM-UHFFFAOYSA-N	268	antagonist
519	BEBDKSYNJJVZSO-SECBINFHSA-N	381	modulator
520	SWOIFXHMBKFCRM-UHFFFAOYSA-N	283	inhibitor
521	SWOIFXHMBKFCRM-UHFFFAOYSA-N	293	inhibitor
522	FOECKIWHCOYYFL-UHFFFAOYSA-N	420	antagonist
523	UNSHMXUHOHBLIQ-UHFFFAOYSA-N	325	inhibitor
524	UNSHMXUHOHBLIQ-UHFFFAOYSA-N	32	inhibitor
525	ZGBAPSHWPBXEKN-OPHFCASCSA-N	249	inhibitor
526	QVIWDCUKIZPUBD-WLRWWHNQSA-N	111	inhibitor
527	XFYUTGIEFKGWND-NRFANRHFSA-N	374	inhibitor
528	KIWKRCCIHSGWQS-VIFPVBQESA-N	132	covalent inhibitor
529	OMZCMEYTWSXEPZ-UHFFFAOYSA-N	93	covalent inhibitor
530	OMZCMEYTWSXEPZ-UHFFFAOYSA-N	105	covalent inhibitor
531	BMLGZNVPWRUVNM-IBGZPJMESA-N	19	agonist
532	DRIMIUYGTDAQOX-KRWDZBQOSA-N	391	inhibitor
533	LZSPYTNDRPEZBK-OXYJHPMESA-N	225	antagonist
534	FSELUFUYNUNZKD-UHFFFAOYSA-N	586	inhibitor
535	FSELUFUYNUNZKD-UHFFFAOYSA-N	404	inhibitor
536	CYFBRQHYEQKYHH-MRXNPFEDSA-N	50	inhibitor
537	AESXAJXKMUNYJP-ZWFIUULVSA-N	311	antagonist
538	CSBKUBOVPUXFLO-MAVVKCOWSA-N	135	inhibitor
539	CLSNATLUIXZPMV-UHFFFAOYSA-N	535	inhibitor
540	NTIFDLOQPKMIJK-AJTFRIOCSA-N	227	antagonist
541	VERWOWGGCGHDQE-UHFFFAOYSA-N	618	inhibitor
542	NRJKIOCCERLIDG-GOSISDBHSA-N	228	inhibitor
543	BRJXJOWXAFLRTE-OAQYLSRUSA-N	278	antagonist
544	XOQVZSSDIQQUGO-UHFFFAOYSA-N	171	covalent inhibitor
545	URWYQGVSPQJGGB-DHUJRADRSA-N	122	antagonist
546	URWYQGVSPQJGGB-DHUJRADRSA-N	163	antagonist
547	URWYQGVSPQJGGB-DHUJRADRSA-N	115	antagonist
548	HDZWHJYZJWLTAG-UHFFFAOYSA-N	327	inverse agonist
549	HDZWHJYZJWLTAG-UHFFFAOYSA-N	384	inverse agonist
550	BJXYHBKEQFQVES-NWDGAFQWSA-N	585	inhibitor
551	BJXYHBKEQFQVES-NWDGAFQWSA-N	575	inhibitor
552	BXKNUXDLZJPPBO-UHFFFAOYSA-N	228	inhibitor
553	WCPXAGKUVIPMIY-TZQLILQPSA-N	261	inhibitor
554	WCPXAGKUVIPMIY-TZQLILQPSA-N	262	inhibitor
555	WCPXAGKUVIPMIY-TZQLILQPSA-N	285	inhibitor
556	VHSIAYLBCLUAFT-UHFFFAOYSA-N	167	inverse agonist
557	AZXOTZCWQDJCLY-SJCJKPOMSA-N	246	antagonist
558	AZXOTZCWQDJCLY-SJCJKPOMSA-N	212	antagonist
559	APLVGTKXOIMODQ-IBGZPJMESA-N	308	inhibitor
560	APLVGTKXOIMODQ-IBGZPJMESA-N	309	inhibitor
561	MHMPZSOMHQSWEN-UHFFFAOYSA-N	402	inhibitor
562	WGYWHJPQFQGLOQ-UHFFFAOYSA-N	623	inhibitor
563	TXIYVFVMXNFNRX-UHFFFAOYSA-N	484	inhibitor
564	TXIYVFVMXNFNRX-UHFFFAOYSA-N	523	inhibitor
565	MAHFVAHPQSLLJF-IBGZPJMESA-N	397	inhibitor
566	BNYXRPMABDQJJR-UHFFFAOYSA-N	73	inhibitor
567	PIJSEUOSRTYUJM-UHFFFAOYSA-N	643	inhibitor
568	PIJSEUOSRTYUJM-UHFFFAOYSA-N	592	inhibitor
569	UCBIQZUJJSVQHL-UHFFFAOYSA-N	437	inhibitor
570	UCBIQZUJJSVQHL-UHFFFAOYSA-N	580	inhibitor
571	WBFJDKLBAAHKIL-UHFFFAOYSA-N	524	inhibitor
572	WBFJDKLBAAHKIL-UHFFFAOYSA-N	341	inhibitor
573	WBFJDKLBAAHKIL-UHFFFAOYSA-N	621	inhibitor
574	DVIVLYHDLNAXAT-OAQYLSRUSA-N	281	inhibitor
575	HZRJHVDNTDBTOZ-QGZVFWFLSA-N	601	inhibitor
576	HZRJHVDNTDBTOZ-QGZVFWFLSA-N	407	inhibitor
577	LHGUZCKPFXXVPV-GOSISDBHSA-N	430	sam competitive inhibitor
578	LHGUZCKPFXXVPV-GOSISDBHSA-N	503	sam competitive inhibitor
579	QKKIWEILHCXECO-UHFFFAOYSA-N	343	inhibitor
580	QKKIWEILHCXECO-UHFFFAOYSA-N	354	inhibitor
581	QKKIWEILHCXECO-UHFFFAOYSA-N	433	inhibitor
582	KLGDKBPAEMOECW-UHFFFAOYSA-N	509	inhibitor
583	KIEQQZZDWUNUQK-UHFFFAOYSA-N	195	degrader/inhibitor
584	HLHNFJNSQZZUNW-MAEOIBBWSA-N	477	inhibitor
585	GCWIQUVXWZWCLE-INIZCTEOSA-N	192	inhibitor
586	GCWIQUVXWZWCLE-INIZCTEOSA-N	55	inhibitor
587	GCWIQUVXWZWCLE-INIZCTEOSA-N	416	inhibitor
588	GCWIQUVXWZWCLE-INIZCTEOSA-N	441	inhibitor
589	AUIFRJWXYUNPPV-QFIPXVFZSA-N	104	agonist
590	KHVVJKLNKLQLJZ-SFHVURJKSA-N	397	inhibitor
591	SAAYRHKJHDIDPH-UHFFFAOYSA-N	436	inhibitor
592	SAAYRHKJHDIDPH-UHFFFAOYSA-N	373	inhibitor
593	VGFHPNRWHOQLEB-UHFFFAOYSA-N	492	inhibitor
594	VGFHPNRWHOQLEB-UHFFFAOYSA-N	475	inhibitor
595	FHCSBLWRGCOVPT-UHFFFAOYSA-N	300	inhibitor
596	WQNRDXHKVSKUPI-UHFFFAOYSA-N	66	inhibitor
597	VUIITYLFSAXKIQ-UHFFFAOYSA-N	472	inhibitor
598	WQKXOAJVNFOHNZ-UHFFFAOYSA-N	460	inhibitor
599	WQKXOAJVNFOHNZ-UHFFFAOYSA-N	611	inhibitor
600	KTACUAZSJJIUKD-QXONSOMPSA-N	332	inhibitor
601	KTACUAZSJJIUKD-QXONSOMPSA-N	555	inhibitor
602	KTACUAZSJJIUKD-QXONSOMPSA-N	629	inhibitor
603	IEFFSHLHNYVSEF-UHFFFAOYSA-N	294	inhibitor
604	IEFFSHLHNYVSEF-UHFFFAOYSA-N	295	inhibitor
605	IEFFSHLHNYVSEF-UHFFFAOYSA-N	296	inhibitor
606	IEFFSHLHNYVSEF-UHFFFAOYSA-N	566	inhibitor
607	LVEUPFUJRKZPEN-UHFFFAOYSA-N	241	inhibitor
608	LVEUPFUJRKZPEN-UHFFFAOYSA-N	242	inhibitor
609	DDKHTWASHUKHLD-UHFFFAOYSA-N	1	inhibitor
610	YCFFONJEHNSECY-UHFFFAOYSA-N	599	inhibitor
611	DZIHITUUUPJMOQ-UHFFFAOYSA-N	281	inhibitor
612	JRJKATLTRNXYCE-UHFFFAOYSA-N	240	inhibitor
613	IFSDAJWBUCMOAH-HNNXBMFYSA-N	5	inhibitor
614	BXDZOYLPNAIDOC-UHFFFAOYSA-N	304	degrader (protac)
615	BXDZOYLPNAIDOC-UHFFFAOYSA-N	417	degrader (protac)
616	WGMNFJAFXXXRLZ-GEVKEYJPSA-N	373	inhibitor
617	WGMNFJAFXXXRLZ-GEVKEYJPSA-N	436	inhibitor
618	WGMNFJAFXXXRLZ-GEVKEYJPSA-N	427	inhibitor
619	WGMNFJAFXXXRLZ-GEVKEYJPSA-N	432	inhibitor
620	OCQCKUTZHBQNEI-UHFFFAOYSA-N	299	inhibitor
621	OCQCKUTZHBQNEI-UHFFFAOYSA-N	300	inhibitor
622	PFZRXJIYAFANHP-IBGZPJMESA-N	60	inhibitor
623	PFZRXJIYAFANHP-IBGZPJMESA-N	480	inhibitor
624	KGJVKYSVVOQPDL-UHFFFAOYSA-N	184	inhibitor
625	MRHRACKJKBOJEI-UHFFFAOYSA-N	509	inhibitor
626	ZOIBZSZLMJDVDQ-UHFFFAOYSA-N	430	inhibitor
627	XASOHFCUIQARJT-UHFFFAOYSA-N	555	inhibitor
628	XASOHFCUIQARJT-UHFFFAOYSA-N	629	inhibitor
629	JCSGFHVFHSKIJH-UHFFFAOYSA-N	299	inhibitor
630	JCSGFHVFHSKIJH-UHFFFAOYSA-N	300	inhibitor
631	HEVVNKYNJCSHFA-UHFFFAOYSA-N	339	inhibitor
632	HEVVNKYNJCSHFA-UHFFFAOYSA-N	160	inhibitor
633	KFRGPUFONMCXQI-RUZDIDTESA-N	345	inhibitor
634	XKFTZKGMDDZMJI-HSZRJFAPSA-N	23	inhibitor
635	XKFTZKGMDDZMJI-HSZRJFAPSA-N	511	inhibitor
636	XKFTZKGMDDZMJI-HSZRJFAPSA-N	624	inhibitor
637	QPGYAMIHXLCFTJ-UHFFFAOYSA-N	422	inhibitor
638	QPGYAMIHXLCFTJ-UHFFFAOYSA-N	46	inhibitor
639	QPGYAMIHXLCFTJ-UHFFFAOYSA-N	526	inhibitor
640	HKROEBDHHKMNBZ-CHBKHGQFSA-N	67	antagonist
641	DFQAJLQXPSPNJE-UHFFFAOYSA-N	23	inhibitor
642	DFQAJLQXPSPNJE-UHFFFAOYSA-N	511	inhibitor
643	DFQAJLQXPSPNJE-UHFFFAOYSA-N	624	inhibitor
644	HOTSVKDMIYWWIY-UHFFFAOYSA-N	15	inhibitor
645	AECDBHGVIIRMOI-UHFFFAOYSA-N	121	inhibitor
646	PTAMRJLIOCHJMQ-PYNGZGNASA-N	55	degrader (protac)
647	PTAMRJLIOCHJMQ-PYNGZGNASA-N	416	degrader (protac)
648	PTAMRJLIOCHJMQ-PYNGZGNASA-N	192	degrader (protac)
649	JGPJQFOROWSRRS-UHFFFAOYSA-N	190	antagonist
650	QEASMQZYZCGOSA-UHFFFAOYSA-N	216	inhibitor
651	VQINULODWGEVBB-UHFFFAOYSA-N	332	inhibitor
652	VQINULODWGEVBB-UHFFFAOYSA-N	629	inhibitor
653	VQINULODWGEVBB-UHFFFAOYSA-N	555	inhibitor
654	GPXQUPCJIJBXHJ-UHFFFAOYSA-N	471	inhibitor
655	YHYKUSGACIYRML-KRWDZBQOSA-N	331	inhibitor
656	YHYKUSGACIYRML-KRWDZBQOSA-N	639	inhibitor
657	UWPFUBNCDABUEE-SIFUEBAJSA-N	408	covalent inhibitor
658	VLYNCWZASZUTNV-FCQUAONHSA-N	299	inhibitor
659	VLYNCWZASZUTNV-FCQUAONHSA-N	300	inhibitor
660	XKDHFIPNTTUSIA-UHFFFAOYSA-N	464	inhibitor
661	ALGPVOJFIGPPPX-VIFPVBQESA-N	142	inhibitor
662	ALGPVOJFIGPPPX-VIFPVBQESA-N	147	inhibitor
663	ALGPVOJFIGPPPX-VIFPVBQESA-N	563	inhibitor
664	UOZVVPXKJGOFIG-UHFFFAOYSA-N	40	inhibitor
665	MSYKRHVOOPPJKU-BDAKNGLRSA-N	459	inhibitor
666	GCVYFXYBQCKHCH-UHFFFAOYSA-N	89	inhibitor
667	JGLGMFHQGRAHAO-HXUWFJFHSA-N	620	agonist
668	XKYVECRUZPCRQR-UHFFFAOYSA-N	408	inhibitor
669	GHNYLVIESIGHDJ-OAQYLSRUSA-N	345	inhibitor
670	YHLQVQKZDZYMIP-MOPGFXCFSA-N	19	agonist
671	NDAZATDQFDPQBD-UHFFFAOYSA-N	117	inhibitor
672	NDAZATDQFDPQBD-UHFFFAOYSA-N	125	inhibitor
673	UCJZOKGUEJUNIO-IINYFYTJSA-N	362	inhibitor
674	ZLVKIBLQXFILMA-IKGGRYGDSA-N	546	inhibitor
675	STPSLAZMEWZDAJ-AREMUKBSSA-N	29	inhibitor
676	JQLMEZBHIJSVKR-UHFFFAOYSA-N	75	inhibitor
677	JQLMEZBHIJSVKR-UHFFFAOYSA-N	521	inhibitor
678	JQLMEZBHIJSVKR-UHFFFAOYSA-N	346	inhibitor
679	JQLMEZBHIJSVKR-UHFFFAOYSA-N	347	inhibitor
680	JQLMEZBHIJSVKR-UHFFFAOYSA-N	365	inhibitor
681	VBYGXNURPHQSPG-MUUNZHRXSA-N	303	inhibitor
682	DZTGIRNXWSZBIM-QURGRASLSA-N	55	inhibitor
683	DZTGIRNXWSZBIM-QURGRASLSA-N	416	inhibitor
684	YLHSFRZHEMHKAF-UHFFFAOYSA-N	595	inhibitor
685	YDPMMWAOCCOULO-JBRSBNLGSA-N	455	inhibitor
686	YDPMMWAOCCOULO-JBRSBNLGSA-N	615	inhibitor
687	SPDQRCUBFSRAFI-DOMZBBRYSA-N	488	inhibitor
688	DORZPJWJOBMQKC-UHFFFAOYSA-N	627	inhibitor
689	NDEORODKVUYMFQ-NHCUHLMSSA-N	192	inhibitor
690	NDEORODKVUYMFQ-NHCUHLMSSA-N	416	inhibitor
691	NDEORODKVUYMFQ-NHCUHLMSSA-N	55	inhibitor
692	NDEORODKVUYMFQ-NHCUHLMSSA-N	441	inhibitor
693	CFUSHHQUUUZFAG-UHFFFAOYSA-N	554	inhibitor
694	IIKPYJZUOZRTIB-UHFFFAOYSA-N	184	inhibitor
695	WKDNQONLGXOZRG-HRNNMHKYSA-N	331	inhibitor
696	WKDNQONLGXOZRG-HRNNMHKYSA-N	639	inhibitor
697	HEAGNKNMQVIVMM-UHFFFAOYSA-N	294	inhibitor
698	HEAGNKNMQVIVMM-UHFFFAOYSA-N	295	inhibitor
699	HEAGNKNMQVIVMM-UHFFFAOYSA-N	566	inhibitor
700	GPMTWAPXRJMXCC-UHFFFAOYSA-N	355	inhibitor
701	GPMTWAPXRJMXCC-UHFFFAOYSA-N	264	inhibitor
702	JNAABFZPXJJMPX-UHFFFAOYSA-N	351	inhibitor
703	JWZAQUXBYYOGFA-UHFFFAOYSA-N	370	activator
704	SZZJHKUNVBZYMT-RGULYWFUSA-N	628	inhibitor
705	GHKMIOAEPALCFS-UHFFFAOYSA-N	5	inhibitor
706	GHKMIOAEPALCFS-UHFFFAOYSA-N	285	inhibitor
707	RTFQFPZKDYMMMJ-RIAKQDHQSA-N	510	degrader (protac)
708	YJOJMGTVKMABKQ-FIQOPJFZSA-N	586	degrader (protac)
709	JECHBTRAPARMGI-KMIZWFMDSA-N	291	degrader (protac)
710	QUQTXFIMYFMULC-OGOZKGDESA-N	28	degrader (protac)
711	ZSCOIFSUFMYZEZ-YSWDPXALSA-N	93	degrader (protac)
712	ZSCOIFSUFMYZEZ-YSWDPXALSA-N	105	degrader (protac)
713	BQXUPNKLZNSUMC-YUQWMIPFSA-N	101	degrader (protac)
714	PACRWHUPEPCFHX-UHFFFAOYSA-N	344	degrader (protac)
715	ZUODKONSNNHSAJ-AMLBMYBGSA-N	640	degrader (protac)
716	XIRQUXILNXIWDI-UHFFFAOYSA-N	618	degrader (protac)
717	WMBSSRAFHKGIRA-UHFFFAOYSA-N	159	degrader (protac)
718	LJGCXHMGIUJXDV-UHFFFAOYSA-N	156	degrader (protac)
719	HZHUKQLWLNDVDZ-IBDVCRJISA-N	472	inhibitor
720	XPEJZXWPKDAYFX-UHFFFAOYSA-N	641	inhibitor
721	XPEJZXWPKDAYFX-UHFFFAOYSA-N	539	inhibitor
722	XPEJZXWPKDAYFX-UHFFFAOYSA-N	443	inhibitor
723	XPEJZXWPKDAYFX-UHFFFAOYSA-N	440	inhibitor
724	SYRVEVZSXHRXIX-KRWDZBQOSA-N	193	inhibitor
725	WAFNVKVWBPXGHK-QDUSTFBWSA-N	65	inhibitor
726	BUIJBFHGUQJYSD-XZOQPEGZSA-N	279	antagonist
727	BLFBSGVUERKSST-UHFFFAOYSA-N	412	inhibitor
728	GRKYJLSMFYQHMP-APASRLOHSA-N	636	inhibitor
729	ZOJWMCDSTRTTOW-UHFFFAOYSA-N	184	degrader (protac)
730	ZOJWMCDSTRTTOW-UHFFFAOYSA-N	345	degrader (protac)
731	MOWXJLUYGFNTAL-DEOSSOPVSA-N	342	inhibitor
732	BPLPIBNWDLPUKP-UHFFFAOYSA-N	21	inhibitor
733	SMVCNKJTRUVRLZ-UHFFFAOYSA-N	61	inhibitor
734	OMISHRJQMYQPMG-UHFFFAOYSA-N	609	degrader (protac)
735	LTOAWFRZXVPHAJ-UHFFFAOYSA-N	579	antagonist
736	AOTRIQLYUAFVSC-UHFFFAOYSA-N	390	inhibitor
737	IPDMIUDPUBUHSU-INIZCTEOSA-N	633	inhibitor
738	ATKHYZXUMVNCIO-UHFFFAOYSA-N	342	inhibitor
739	WXRCLFFPZXJCLS-UHFFFAOYSA-N	131	inhibitor
740	KLKKWCPJBTXWOV-UHFFFAOYSA-N	204	modulator
741	IPUJINDWAGRAHN-KNXBSLHKSA-N	331	inhibitor
742	IPUJINDWAGRAHN-KNXBSLHKSA-N	639	inhibitor
743	FMQWOAKTQPLQBR-SANMLTNESA-N	178	antagonist
744	JOFQERPJMGKMMX-QGZVFWFLSA-N	324	inhibitor
745	CRLZRGXSDBAEFD-UHFFFAOYSA-N	161	agonist
746	CRLZRGXSDBAEFD-UHFFFAOYSA-N	203	agonist
747	CRLZRGXSDBAEFD-UHFFFAOYSA-N	282	agonist
748	IKPNRMYDOSNVAU-UHFFFAOYSA-N	298	activator
749	OYDTWNVVTPPDDO-UHFFFAOYSA-N	332	inhibitor
750	OYDTWNVVTPPDDO-UHFFFAOYSA-N	555	inhibitor
751	UEMPFKOYBHCUIG-QVIWBNHYSA-N	380	inhibitor
752	UEMPFKOYBHCUIG-QVIWBNHYSA-N	213	inhibitor
753	ILPWEAHQRAWJIU-OAHLLOKOSA-N	370	inhibitor
754	DVFCRTGTEXUFIN-GFCCVEGCSA-N	154	inhibitor
755	DVFCRTGTEXUFIN-GFCCVEGCSA-N	156	inhibitor
756	WAVPKLNVEGDDGC-LFIBNONCSA-N	260	degrader (protac)
757	WAVPKLNVEGDDGC-LFIBNONCSA-N	134	degrader (protac)
758	LTWQQWSXYYXVGA-UHFFFAOYSA-N	619	inhibitor
759	KPABJHHKKJIDGX-JOCHJYFZSA-N	303	covalent inhibitor
760	HPBOMWKBZHYYGE-UHFFFAOYSA-N	442	modulator
761	JDUBGYFRJFOXQC-KRWDZBQOSA-N	220	inhibitor
762	JDUBGYFRJFOXQC-KRWDZBQOSA-N	221	inhibitor
763	JDUBGYFRJFOXQC-KRWDZBQOSA-N	626	inhibitor
764	MCRHRRIGPAVFNY-SFHVURJKSA-N	255	inhibitor
765	FXMIIWBGTCDJJQ-UHFFFAOYSA-N	506	inhibitor
766	HKXSBJJCHBFTMB-UHFFFAOYSA-N	243	covalent inhibitor
767	IRKXKBMGTVDZAJ-UHFFFAOYSA-N	176	covalent inhibitor
768	VBTBURGKMCKOJC-UHFFFAOYSA-N	454	inhibitor
769	IYFCFYWXRIVCTH-OAHLLOKOSA-N	84	inhibitor
770	JOAFWIHZEBKYQK-OAHLLOKOSA-N	177	inhibitor
771	QJRFBKYETDVAJQ-ZEQKJWHPSA-N	350	antagonist
772	FVZCFUKXGUUDBQ-ZWSMLAFMSA-N	83	degrader (protac)
773	YPPSMYLMSKHYAY-UHFFFAOYSA-N	588	inhibitor
774	XDPRKJSOJYMCMZ-UHFFFAOYSA-N	486	degrader (protac)
775	FOLSZCLZVLICGG-GJYPPUQNSA-N	506	inhibitor
776	AKCDDYGYIGPEKL-JQOQJDEVSA-N	297	modulator
777	CAOSCCRYLYQBES-UHFFFAOYSA-N	551	inhibitor
778	HFOBENSCBRZVSP-NRFSWKIWSA-N	589	inhibitor
779	XYKISMBNQVUKPW-GOSISDBHSA-N	48	inhibitor
780	GMZCYCKIXQZORP-UHFFFAOYSA-N	412	inhibitor
781	VDGNPEFFHQRGOP-UHFFFAOYSA-N	372	inhibitor
782	JJRRWLVKNLMRSA-UHFFFAOYSA-N	641	inhibitor
783	ZZFKEZYGYPWBGP-UHFFFAOYSA-N	210	inhibitor
784	STQKUEFQEVDNLU-UHFFFAOYSA-N	54	inhibitor
785	MVYWULXPOKYILU-UHFFFAOYSA-N	512	inhibitor
786	VZAFGXCWAWRULT-UONOGXRCSA-N	505	antagonist
787	VZAFGXCWAWRULT-UONOGXRCSA-N	504	antagonist
788	OLEFHQBTXFCZON-HXUWFJFHSA-N	303	covalent inhibitor
789	WZMIWVZGYMKUDV-UHFFFAOYSA-N	283	inhibitor
790	WZMIWVZGYMKUDV-UHFFFAOYSA-N	293	inhibitor
791	LPQXZOJIUVOCAL-NRFANRHFSA-N	608	inhibitor
792	LPQXZOJIUVOCAL-NRFANRHFSA-N	334	inhibitor
793	KHLKLLMMPVSSQY-UHFFFAOYSA-N	607	antagonist
794	KHLKLLMMPVSSQY-UHFFFAOYSA-N	85	antagonist
795	YBXRSCXGRPSTMW-CYBMUJFWSA-N	396	inhibitor
796	SCLLZBIBSFTLIN-INOGPEIASA-N	99	inhibitor
797	XVECNLUKQDKOST-UHFFFAOYSA-N	544	inhibitor
798	CKFRXCBNKKOFGO-IGEOTXOUSA-N	561	inhibitor
799	FFPHMUIGESPOTK-UHFFFAOYSA-N	601	inhibitor
800	DNHPDWGIXIMXSA-CXNSMIOJSA-N	286	inhibitor
801	MMJPVSDTLGFIQW-UHFFFAOYSA-N	274	inhibitor
802	KVMGAIOTUIGROS-AZUAARDMSA-N	44	agonist
803	ZGTWRRCZLAOQMY-UHFFFAOYSA-N	403	inhibitor
804	UFKFTBGGMLIIME-DEOSSOPVSA-N	336	inhibitor
805	ZHXNIYGJAOPMSO-UHFFFAOYSA-N	374	inhibitor
806	HCDAVCLCBXIYPW-QGZVFWFLSA-N	38	inhibitor
807	MVULIYLBRNHLEE-LFHXYJAASA-N	360	degrader (protac)
808	RXSCURXNWIHEAV-UHFFFAOYSA-N	321	inhibitor
809	RXSCURXNWIHEAV-UHFFFAOYSA-N	322	inhibitor
810	BOXZMOCGSKLDAH-OUZJXKGJSA-N	398	degrader (protac)
811	BOXZMOCGSKLDAH-OUZJXKGJSA-N	500	degrader (protac)
812	BOXZMOCGSKLDAH-OUZJXKGJSA-N	31	degrader (protac)
813	FYSWLIFIYIVHPI-DDWISSAJSA-N	192	degrader (protac)
814	FYSWLIFIYIVHPI-DDWISSAJSA-N	416	degrader (protac)
815	FYSWLIFIYIVHPI-DDWISSAJSA-N	55	degrader (protac)
816	KBTKRNXLECYGBY-NERSTHRASA-N	31	degrader (protac)
817	KBTKRNXLECYGBY-NERSTHRASA-N	545	degrader (protac)
818	OFNZESNEBSQKSE-BQGOKDIQSA-N	336	degrader (protac)
819	GJCIYFAPQUEGNE-UHFFFAOYSA-N	151	degrader (protac)
820	AZBRPAQQOMDJLZ-UHFFFAOYSA-N	96	degrader (protac)
821	AWNXKZVIZARMME-UHFFFAOYSA-N	488	inhibitor
822	FSZPIAXLCCQFCM-FCQUAONHSA-N	386	inhibitor
823	UZANYRRVDZSQGV-UHFFFAOYSA-N	453	inhibitor
824	YBMGNDPBARCLFT-UHFFFAOYSA-N	265	inhibitor
825	GEPYBHCJBORHCE-SFHVURJKSA-N	376	antagonist
826	GEPYBHCJBORHCE-SFHVURJKSA-N	501	antagonist
827	YTGYWPTWNBGCLG-UHFFFAOYSA-N	560	inhibitor
828	CCAWRGNYALGPQH-UHFFFAOYSA-N	284	inhibitor
829	JCKGSPAAPQRPBW-OAQYLSRUSA-N	497	inhibitor
830	BJFSUDWKXGMUKA-UHFFFAOYSA-N	562	inhibitor
831	BJFSUDWKXGMUKA-UHFFFAOYSA-N	570	inhibitor
832	RNAMYOYQYRYFQY-UHFFFAOYSA-N	514	inhibitor
833	RNAMYOYQYRYFQY-UHFFFAOYSA-N	565	inhibitor
834	QOECJCJVIMVJGX-UHFFFAOYSA-N	514	inhibitor
835	QOECJCJVIMVJGX-UHFFFAOYSA-N	565	inhibitor
836	DPJNKUOXBZSZAI-UHFFFAOYSA-N	430	inhibitor
837	DPJNKUOXBZSZAI-UHFFFAOYSA-N	503	inhibitor
838	WBKCKEHGXNWYMO-UHFFFAOYSA-N	25	inhibitor
839	BKCDJTRMYWSXMC-UHFFFAOYSA-N	514	inhibitor
840	BKCDJTRMYWSXMC-UHFFFAOYSA-N	565	inhibitor
841	TWKYXZSXXXKKJU-FQEVSTJZSA-N	17	inhibitor
842	OTTJIRVZJJGFTK-SFHVURJKSA-N	576	inhibitor
843	ZKXZLIFRWWKZRY-KRWDZBQOSA-N	17	inhibitor
844	ABGOSOMRWSYAOB-UHFFFAOYSA-N	439	inhibitor
845	ABGOSOMRWSYAOB-UHFFFAOYSA-N	473	inhibitor
846	PSOXOVKYGWBTPB-UHFFFAOYSA-N	327	antagonist, inverse agonist, mix agonist/antagonist in vivo
847	PSOXOVKYGWBTPB-UHFFFAOYSA-N	384	antagonist, inverse agonist, mix agonist/antagonist in vivo
848	MPUQHZXIXSTTDU-QXGSTGNESA-N	491	inhibitor
849	DYIRSNMPIZZNBK-UHFFFAOYSA-N	63	inhibitor
850	DRLCSJFKKILATL-YWCVFVGNSA-N	348	inhibitor
851	HXZRMADPDYFMEB-FTTMEYFSSA-N	338	actin disruptor
852	QFJCIRLUMZQUOT-HPLJOQBZSA-N	263	inhibitor
853	ZDNGJXBUEQNFBQ-GCJKJVERSA-N	406	inhibitor
854	QJJXYPPXXYFBGM-LFZNUXCKSA-N	337	inhibitor
855	YKNAKDFZAWQEEO-IBGZPJMESA-N	376	inhibitor
856	YKNAKDFZAWQEEO-IBGZPJMESA-N	501	inhibitor
857	QJZRFPJCWMNVAV-HHHXNRCGSA-N	319	inhibitor
858	JNAHVYVRKWKWKQ-CYBMUJFWSA-N	131	inhibitor
859	JNAHVYVRKWKWKQ-CYBMUJFWSA-N	600	inhibitor
860	FDLYAMZZIXQODN-UHFFFAOYSA-N	131	inhibitor
861	FDLYAMZZIXQODN-UHFFFAOYSA-N	600	inhibitor
862	PCHKPVIQAHNQLW-CQSZACIVSA-N	131	inhibitor
863	PCHKPVIQAHNQLW-CQSZACIVSA-N	600	inhibitor
864	ULXXDDBFHOBEHA-CWDCEQMOSA-N	93	covalent inhibitor
865	ULXXDDBFHOBEHA-CWDCEQMOSA-N	105	covalent inhibitor
866	KXBDTLQSDKGAEB-UHFFFAOYSA-N	363	covalent inhibitor
867	ZVWPOIUAPXDLMB-UHFFFAOYSA-N	266	modulator
868	LGWDVWIZDPGCFG-UHFFFAOYSA-N	495	allosteric activator, orthosteric inhibitor
869	LGWDVWIZDPGCFG-UHFFFAOYSA-N	547	allosteric activator, orthosteric inhibitor
870	LGWDVWIZDPGCFG-UHFFFAOYSA-N	564	allosteric activator, orthosteric inhibitor
871	SQSZANZGUXWJEA-UHFFFAOYSA-N	52	inhibitor
872	IFWUBRBMMNTBRZ-UHFFFAOYSA-N	470	inhibitor
873	GMPQGWXPDRNCBL-UHFFFAOYSA-N	145	inhibitor
874	CYOHGALHFOKKQC-UHFFFAOYSA-N	352	covalent inhibitor
875	REVJNSVNICWODC-KIDMSAQOSA-N	63	inhibitor
876	NDVQUNZCNAMROD-RZUBCFFCSA-N	250	inhibitor
877	DFBDRVGWBHBJNR-BBNFHIFMSA-N	101	antagonist
878	RRZVGDGTWNQAPW-UHFFFAOYSA-N	603	antagonist
879	RRZVGDGTWNQAPW-UHFFFAOYSA-N	602	antagonist
880	ITTRLTNMFYIYPA-UHFFFAOYSA-N	93	covalent inhibitor
881	OIGNJSKKLXVSLS-VWUMJDOOSA-N	104	agonist
882	PMQUGSPFUBGJCZ-CHOKWEPUSA-N	228	inhibitor
883	QKPUKWQKXUUTOK-UHFFFAOYSA-N	19	antagonist
884	MFYLCAMJNGIULC-KCVUFLITSA-N	168	inhibitor
885	PIEQDBPBBQPLPL-UHFFFAOYSA-N	482	inhibitor
886	UMUQEMHROZVOTF-LJQANCHMSA-N	517	inhibitor
887	BHUZLJOUHMBZQY-YXQOSMAKSA-N	595	inhibitor
888	VPQCHIWQHIOPQS-UHFFFAOYSA-N	574	inhibitor
889	HXBRBOYWXDLHDC-UHFFFAOYSA-N	221	covalent inhibitor
890	HXBRBOYWXDLHDC-UHFFFAOYSA-N	220	covalent inhibitor
891	FQAXDSVNYVVQSE-UHFFFAOYSA-N	257	modulator
892	VTFWALACVWFKNO-OCJYXSBASA-N	122	modulator
893	RJTJRVASUFIDQM-UHFFFAOYSA-N	139	modulator
894	MDGIEDNDSFMSLP-UHFFFAOYSA-N	426	modulator
895	BHKDKKZMPODMIQ-UHFFFAOYSA-N	176	covalent inhibitor
896	NMQUSJQZQWKQBL-UHFFFAOYSA-N	312	inhibitor
897	OSXFATOLZGZLSK-UHFFFAOYSA-N	514	inhibitor
898	KMFLQPJJHQNKKF-UHFFFAOYSA-N	206	inverse agonist
899	DUIHHZKTCSNTGM-UHFFFAOYSA-N	396	inhibitor
900	LBVKEEFIPBQIMD-JTQLQIEISA-N	106	inhibitor
901	LBVKEEFIPBQIMD-JTQLQIEISA-N	434	inhibitor
902	FIVSJYGQAIEMOC-ZGNKEGEESA-N	189	antagonist
903	WMOAPWVQPPIAFY-HSZRJFAPSA-N	167	agonist
904	YCBIMOYJAYMCOJ-CCEZHUSRSA-N	415	covalent inhibitor
905	JLNAZAXGWJVJEC-UHFFFAOYSA-N	242	inhibitor
906	YLGMPWWMPCGYBF-UHFFFAOYSA-N	506	inhibitor
907	RGHLRMNPUGUZEY-UHFFFAOYSA-N	542	inhibitor
908	GYKNPXCQINZRLL-UHFFFAOYSA-N	23	degrader (protac)
909	RDLSKDOSNKLEAQ-UHFFFAOYSA-N	257	modulator
910	KGSBEYKVWODBRD-ICSRJNTNSA-N	186	inhibitor
911	XSQUJFKRXZMOKA-PAFIKIDNSA-N	638	inhibitor
912	ISNXAOFEMNFJCO-YUXAGFNASA-N	447	covalent inhibitor
913	XUZMWHLSFXCVMG-UHFFFAOYSA-N	180	inhibitor
914	XUZMWHLSFXCVMG-UHFFFAOYSA-N	52	inhibitor
915	SGSFONPFVRRJLS-UHFFFAOYSA-N	401	inhibitor
916	LGLHCXISMKHLIK-UHFFFAOYSA-N	371	inhibitor
917	XLOGLWKOHPIJLV-UHFFFAOYSA-N	41	inhibitor
918	LOGJQOUIVKBFGH-YBEGLDIGSA-N	145	inhibitor
919	LOGJQOUIVKBFGH-YBEGLDIGSA-N	118	inhibitor
920	LOGJQOUIVKBFGH-YBEGLDIGSA-N	119	inhibitor
921	LOGJQOUIVKBFGH-YBEGLDIGSA-N	109	inhibitor
922	JIFCFQDXHMUPGP-UHFFFAOYSA-N	363	inhibitor
923	NDEXUOWTGYUVGA-LJQANCHMSA-N	18	inhibitor
924	MUOKSQABCJCOPU-UHFFFAOYSA-N	339	inhibitor
925	CMWRPDHVGMHLSZ-GFCCVEGCSA-N	287	inhibitor
926	DADASRPKWOGKCU-FVTQAUBDSA-N	7	inhibitor
927	HZASIAXCPXTISQ-NVXWUHKLSA-N	88	inhibitor
928	AUMDBEHGJRZSOO-UHFFFAOYSA-N	293	inhibitor
929	HDAJDNHIBCDLQF-RUZDIDTESA-N	202	inhibitor
930	HDAJDNHIBCDLQF-RUZDIDTESA-N	196	inhibitor
931	LCVIRAZGMYMNNT-UHFFFAOYSA-N	23	inhibitor
932	STUWGJZDJHPWGZ-LBPRGKRZSA-N	261	inhibitor
933	HTFNVAVTYILUCF-UHFFFAOYSA-N	387	inhibitor
934	VEPKQEUBKLEPRA-UHFFFAOYSA-N	432	inhibitor
935	KDGFLJKFZUIJMX-UHFFFAOYSA-N	618	inhibitor
936	AHJRHEGDXFFMBM-UHFFFAOYSA-N	144	inhibitor
937	AHJRHEGDXFFMBM-UHFFFAOYSA-N	344	inhibitor
938	ZBCMHWUFWQFPLV-VVOJOOEHSA-N	385	inhibitor
939	ZBCMHWUFWQFPLV-VVOJOOEHSA-N	388	inhibitor
940	ZBCMHWUFWQFPLV-VVOJOOEHSA-N	70	inhibitor
941	IVUGFMLRJOCGAS-UHFFFAOYSA-N	23	inhibitor
942	IVUGFMLRJOCGAS-UHFFFAOYSA-N	511	inhibitor
943	IVUGFMLRJOCGAS-UHFFFAOYSA-N	624	inhibitor
944	JCINBYQJBYJGDM-UHFFFAOYSA-N	52	inhibitor
945	JUSFANSTBFGBAF-IRXDYDNUSA-N	263	inhibitor
946	HXMGCTFLLWPVFM-GOSISDBHSA-N	432	inhibitor
947	DEZZLWQELQORIU-RELWKKBWSA-N	151	inhibitor
948	BCZUAADEACICHN-UHFFFAOYSA-N	127	inhibitor
949	AQGNHMOJWBZFQQ-UHFFFAOYSA-N	299	inhibitor
950	AQGNHMOJWBZFQQ-UHFFFAOYSA-N	300	inhibitor
951	IENLGMOXAQMNEH-CYBMUJFWSA-N	18	inhibitor
952	LHNIIDJUOCFXAP-UHFFFAOYSA-N	261	inhibitor
953	LHNIIDJUOCFXAP-UHFFFAOYSA-N	5	inhibitor
954	PSICWGWNIOOULV-UHFFFAOYSA-N	263	inhibitor
955	UYUHRKLITDJEHB-UHFFFAOYSA-N	332	inhibitor
956	UYUHRKLITDJEHB-UHFFFAOYSA-N	555	inhibitor
957	UYUHRKLITDJEHB-UHFFFAOYSA-N	629	inhibitor
958	MJSHVHLADKXCML-RQNOJGIXSA-N	240	inhibitor
959	MJSHVHLADKXCML-RQNOJGIXSA-N	380	inhibitor
960	MYKOWOGZBMOVBJ-UHFFFAOYSA-N	484	inhibitor
961	MYKOWOGZBMOVBJ-UHFFFAOYSA-N	523	inhibitor
962	AHYMHWXQRWRBKT-UHFFFAOYSA-N	127	inhibitor
963	VASPFLVEEOBQOS-UHFFFAOYSA-N	630	agonist
964	AYCPARAPKDAOEN-LJQANCHMSA-N	385	inhibitor
965	AYCPARAPKDAOEN-LJQANCHMSA-N	87	inhibitor
966	AYCPARAPKDAOEN-LJQANCHMSA-N	591	inhibitor
967	AYCPARAPKDAOEN-LJQANCHMSA-N	571	inhibitor
968	DEEOXSOLTLIWMG-UHFFFAOYSA-N	130	inhibitor
969	SCFMWQIQBVZOQR-UHFFFAOYSA-N	110	inhibitor
970	SCFMWQIQBVZOQR-UHFFFAOYSA-N	184	inhibitor
971	DTEKTGDVSARYDS-UHFFFAOYSA-N	421	inhibitor
972	DTEKTGDVSARYDS-UHFFFAOYSA-N	419	inhibitor
973	DTEKTGDVSARYDS-UHFFFAOYSA-N	315	inhibitor
974	DTEKTGDVSARYDS-UHFFFAOYSA-N	604	inhibitor
975	XQVVPGYIWAGRNI-JOCHJYFZSA-N	320	inhibitor
976	XQVVPGYIWAGRNI-JOCHJYFZSA-N	587	inhibitor
977	XQVVPGYIWAGRNI-JOCHJYFZSA-N	559	inhibitor
978	QAPAJIZPZGWAND-UHFFFAOYSA-N	387	inhibitor
979	KTUFNOKKBVMGRW-UHFFFAOYSA-N	92	inhibitor
980	KTUFNOKKBVMGRW-UHFFFAOYSA-N	137	inhibitor
981	LQBVNQSMGBZMKD-UHFFFAOYSA-N	135	inhibitor
982	SOYCFODXNRVBTI-UHFFFAOYSA-N	367	inhibitor
983	JKMWZKPAXZBYEH-JWHWKPFMSA-N	367	inhibitor
984	XMVAWGSQPHFXKU-UHFFFAOYSA-N	368	inhibitor
985	ZFBHXVOCZBPADE-SSEXGKCCSA-N	368	inhibitor
986	SXQZEMXQTRNLRZ-HXUWFJFHSA-N	418	covalent inhibitor
987	GXTJETQFYHZHNB-GASCZTMLSA-N	255	molecular glue
988	QLXULUNLCRKWRD-UHFFFAOYSA-N	502	inhibitor
989	JWZSSEWMVYKYKW-UHFFFAOYSA-N	432	inhibitor
990	VYWRYBZVVSPTQN-SANMLTNESA-N	261	inhibitor
991	OZFFKOSQNBBYCA-UHFFFAOYSA-N	383	inhibitor
992	OZFFKOSQNBBYCA-UHFFFAOYSA-N	421	inhibitor
993	ONIQOQHATWINJY-UHFFFAOYSA-N	236	inhibitor
994	WBLVOWHFRUAMCP-UHFFFAOYSA-N	552	inhibitor
995	DTBGJTHCIGPRDA-UHFFFAOYSA-N	466	inhibitor
996	DKZYXHCYPUVGAF-JCNLHEQBSA-N	412	inhibitor
997	SXWMIXPJPNCXQQ-UHFFFAOYSA-N	240	inhibitor
998	BKWJAKQVGHWELA-UHFFFAOYSA-N	210	inhibitor
999	YKDZIFFKQUNVHH-UHFFFAOYSA-N	339	inhibitor
1000	YKDZIFFKQUNVHH-UHFFFAOYSA-N	160	inhibitor
1001	GJYVLTPTDBQQCY-UHFFFAOYSA-N	294	inhibitor
1002	GJYVLTPTDBQQCY-UHFFFAOYSA-N	295	inhibitor
1003	GJYVLTPTDBQQCY-UHFFFAOYSA-N	566	inhibitor
1004	IRTDIKMSKMREGO-OAHLLOKOSA-N	262	inhibitor
1005	SUNXHXDJOIXABJ-NSHDSACASA-N	52	inhibitor
1006	CDOOFZZILLRUQH-GDLZYMKVSA-N	363	inhibitor
1007	VMJFTOSOFDEKTM-UHFFFAOYSA-N	127	inhibitor
1008	VMJFTOSOFDEKTM-UHFFFAOYSA-N	359	inhibitor
1009	WKIALOXOAZXGMG-UHFFFAOYSA-N	127	inhibitor
1010	XWQVQSXLXAXOPJ-QNGMFEMESA-N	304	inhibitor
1011	KNLROUBMVYVLGX-UHFFFAOYSA-N	318	inhibitor
1012	AUWUGRCKTQSGJY-HHHXNRCGSA-N	356	inhibitor
1013	IXZOHGPZAQLIBH-NRFANRHFSA-N	525	modulator
1014	IXZOHGPZAQLIBH-NRFANRHFSA-N	392	molecular glue
1015	IXZOHGPZAQLIBH-NRFANRHFSA-N	610	molecular glue
1016	GSGDUDAFETZSPM-IATAILRESA-N	255	molecular glue
1017	BANRYGZZIMCKNA-OYGJEQPESA-N	152	molecular glue
1018	PWBHUSLMHZLGRN-UHFFFAOYSA-N	152	molecular glue
1019	WCPTUQOMNJBIET-CALCHBBNSA-N	80	inhibitor
1020	WCPTUQOMNJBIET-CALCHBBNSA-N	556	inhibitor
1021	NWGMIELHSCQGOG-ZDUSSCGKSA-N	131	inhibitor
1022	NWGMIELHSCQGOG-ZDUSSCGKSA-N	600	inhibitor
1023	NWGMIELHSCQGOG-ZDUSSCGKSA-N	438	inhibitor
1024	FMTVWAGUJRUAKE-UHFFFAOYSA-N	538	inhibitor
1025	FMTVWAGUJRUAKE-UHFFFAOYSA-N	515	inhibitor
1026	FMTVWAGUJRUAKE-UHFFFAOYSA-N	472	inhibitor
1027	FMTVWAGUJRUAKE-UHFFFAOYSA-N	573	inhibitor
1028	FMTVWAGUJRUAKE-UHFFFAOYSA-N	53	inhibitor
1029	OHRURASPPZQGQM-GCCNXGTGSA-N	398	inhibitor
1030	OHRURASPPZQGQM-GCCNXGTGSA-N	500	inhibitor
1031	OHRURASPPZQGQM-GCCNXGTGSA-N	31	inhibitor
1032	OHRURASPPZQGQM-GCCNXGTGSA-N	545	inhibitor
1033	OHRDCQFCAWLDBP-SBUREZEXSA-N	254	antagonist
1034	KKFFOOWORPUAJB-NVXWUHKLSA-N	370	inhibitor
1035	XCGYXEVLQIIEJH-UHFFFAOYSA-N	255	inhibitor
1036	BNTAEJNPQLMGDJ-LLVKDONJSA-N	302	inhibitor
1037	PFPSFENQCNMITC-MRXNPFEDSA-N	430	inhibitor
1038	WXRGFPHDRFQODR-ICLZECGLSA-N	496	inhibitor
1039	ULNXAWLQFZMIHX-UHFFFAOYSA-N	430	inhibitor
1040	PFHDWRIVDDIFRP-UHFFFAOYSA-N	430	inhibitor
1041	NSQSAUGJQHDYNO-UHFFFAOYSA-N	430	inhibitor
1042	CACMCLIHCDTJHL-IDTAVKCVSA-N	17	inhibitor
1043	CACMCLIHCDTJHL-IDTAVKCVSA-N	582	inhibitor
1044	XGVXKJKTISMIOW-ZDUSSCGKSA-N	4	inhibitor
1045	LQTWDAYNGMMHLV-UHFFFAOYSA-N	430	inhibitor
1046	HPODOLXTMDHLLC-QGZVFWFLSA-N	430	inhibitor
1047	PTPNCCWOTBBVJR-UHFFFAOYSA-N	19	antagonist
1048	ATFQBBCQZKVZJN-QMMMGPOBSA-N	364	inhibitor
1049	QLPHOXTXAKOFMU-WBVHZDCISA-N	34	inhibitor
1050	XKQLNDPUQSZBJW-QGHHPUGFSA-N	598	inhibitor
1051	VOVZXURTCKPRDQ-CQSZACIVSA-N	92	inhibitor
1052	YHMDHAMZFMNMTF-MSOLQXFVSA-N	61	inhibitor
1053	IIQUYGWWHIHOCF-UHFFFAOYSA-N	92	inhibitor
1054	OINGHOPGNMYCAB-INIZCTEOSA-N	385	inhibitor
1055	JBGYKRAZYDNCNV-UHFFFAOYSA-N	221	inhibitor
1056	JBGYKRAZYDNCNV-UHFFFAOYSA-N	220	inhibitor
1057	DMIDPTCQPIJYFE-UHFFFAOYSA-N	53	inhibitor
1058	HSVRUECLQUGTDS-UHFFFAOYSA-N	216	inhibitor
1059	VUIRVWPJNKZOSS-UHFFFAOYSA-N	74	inhibitor
1060	VUIRVWPJNKZOSS-UHFFFAOYSA-N	490	inhibitor
1061	XMWUCMFVDXDRDE-NRFANRHFSA-N	62	inhibitor
1062	VIQXILLOJLATEF-UHFFFAOYSA-N	485	inhibitor
1063	UJGTUKMAJVCBIS-UHFFFAOYSA-N	328	inhibitor
1064	ZPNTXOKOIHPCLI-UHFFFAOYSA-N	93	inhibitor
1065	NVGROBHDOYRPAN-FPTDNZKUSA-N	598	inhibitor
1066	VKQBTIMLSDGNLG-QHCPKHFHSA-N	178	antagonist
1067	ZNNLBTZKUZBEKO-UHFFFAOYSA-N	375	inhibitor
1068	ZNNLBTZKUZBEKO-UHFFFAOYSA-N	411	inhibitor
1069	FAEKWTJYAYMJKF-QHCPKHFHSA-N	375	inhibitor
1070	FAEKWTJYAYMJKF-QHCPKHFHSA-N	411	inhibitor
1071	LYPAFUINURXJSG-AWEZNQCLSA-N	397	inhibitor
1072	JGWRKYUXBBNENE-UHFFFAOYSA-N	113	inhibitor
1073	RZLXOEIALAVGKH-UHFFFAOYSA-N	506	inhibitor
1074	ZKIQFLSGMMYCGS-SANMLTNESA-N	456	inhibitor
1075	ZKIQFLSGMMYCGS-SANMLTNESA-N	465	inhibitor
1076	PMJIHLSCWIDGMD-UHFFFAOYSA-N	299	inhibitor
1077	PMJIHLSCWIDGMD-UHFFFAOYSA-N	300	inhibitor
1078	NIHAFOURWLZLFN-UHFFFAOYSA-N	71	inhibitor
1079	NIHAFOURWLZLFN-UHFFFAOYSA-N	299	inhibitor
1080	NIHAFOURWLZLFN-UHFFFAOYSA-N	300	inhibitor
1081	KKMZWHRTQLNOCF-UHFFFAOYSA-N	492	inhibitor
1082	KKMZWHRTQLNOCF-UHFFFAOYSA-N	281	inhibitor
1083	KKMZWHRTQLNOCF-UHFFFAOYSA-N	340	inhibitor
1084	NFHSJYKXENYICE-UHFFFAOYSA-N	5	inhibitor
1085	GOVYBPLHWIEHEJ-UHFFFAOYSA-N	595	inhibitor
1086	GOVYBPLHWIEHEJ-UHFFFAOYSA-N	509	inhibitor
1087	OJQMKCBWYCWFPU-UHFFFAOYSA-N	269	agonist
1088	WXTJCPHELGTTJU-FMKPAKJESA-N	528	inhibitor
1089	JYYLVUFNAHSSFE-UHFFFAOYSA-N	432	inhibitor
1090	DNVFTXQYIYFQBW-UHFFFAOYSA-N	141	covalent inhibitor
1091	DNVFTXQYIYFQBW-UHFFFAOYSA-N	171	covalent inhibitor
1092	DNVFTXQYIYFQBW-UHFFFAOYSA-N	177	covalent inhibitor
1093	DNVFTXQYIYFQBW-UHFFFAOYSA-N	176	covalent inhibitor
1094	NDVITLLKZQXKGU-IBGZPJMESA-N	58	inhibitor
1095	NDVITLLKZQXKGU-IBGZPJMESA-N	77	inhibitor
1096	NDVITLLKZQXKGU-IBGZPJMESA-N	558	inhibitor
1097	NDVITLLKZQXKGU-IBGZPJMESA-N	449	inhibitor
1098	QYJLBHRAPDJOSO-NVXWUHKLSA-N	144	inhibitor
1099	HEAUOKZIVMZVQL-VWLOTQADSA-N	215	antagonist
1100	ASRLBLHATMXGPC-UHFFFAOYSA-N	378	inhibitor
1101	POKVQQVLRJLUAK-UHFFFAOYSA-N	7	inhibitor
1102	RKAFYSIKAVFVPS-UHFFFAOYSA-N	152	molecular glue
1103	RKAFYSIKAVFVPS-UHFFFAOYSA-N	479	molecular glue
1104	XVGSKZXXLKUEIO-MRXNPFEDSA-N	519	inhibitor
1105	NRHPFMQPXSSELC-QHCPKHFHSA-N	458	inhibitor
1106	GJMZWYLOARVASY-NTCAYCPXSA-N	318	covalent inhibitor
1107	KTBSXLIQKWEBRB-UHFFFAOYSA-N	180	inhibitor
1108	HXYXHSDYBDFOFO-INIZCTEOSA-N	401	inhibitor
1109	HHFWQMFTPDFWLM-UHFFFAOYSA-N	128	inhibitor
1110	FSQGWBXWGNWEAV-CMDGGOBGSA-N	100	inhibitor
1111	OXTSYWDBUVRXFF-GDLZYMKVSA-N	210	inhibitor
1112	KRNAOFGYEFKHPB-ANJVHQHFSA-N	64	antagonist
1113	LBFYQISQYCGDDW-UHFFFAOYSA-N	543	inhibitor
1114	LBFYQISQYCGDDW-UHFFFAOYSA-N	291	inhibitor
1115	WBFSPPPOPIJCLF-UHFFFAOYSA-N	363	covalent inhibitor
1116	XFBJUMZGUOUWSC-UHFFFAOYSA-N	11	covalent inhibitor
1117	JLIJJLLYTGASQX-UHFFFAOYSA-N	11	inhibitor
1118	FUEYCNUHTBZPRF-SVBPBHIXSA-N	116	covalent inhibitor
1119	KDTQFQYXTWVBCC-UHFFFAOYSA-N	333	activator
1120	GSLHDZCTAHKMDW-UHFFFAOYSA-N	304	inhibitor
1121	DXAQGYQVEJTSTD-UHFFFAOYSA-N	78	activator
1122	DXAQGYQVEJTSTD-UHFFFAOYSA-N	333	activator
1123	ODRITQGYYWHQGM-INIZCTEOSA-N	291	inhibitor
1124	ODRITQGYYWHQGM-INIZCTEOSA-N	543	inhibitor
1125	BODASLVEZBWITD-ACCUITESSA-N	542	molecular glue
1126	XBWKVZHZUZNMJE-UHFFFAOYSA-N	643	inhibitor
1127	OYMNPJXKQVTQTR-UHFFFAOYSA-N	166	agonist
1128	BXNMZRPTQFVRFA-QGZVFWFLSA-N	462	antagonist
1129	WCWUXEGQKLTGDX-LLVKDONJSA-N	236	inhibitor
1130	HTCJUBZBSJQWBW-CQSZACIVSA-N	575	agonist
1131	VSOUDUXMPUHJEU-UHFFFAOYSA-N	44	antagonist
1132	RSJAXPUYVJKAAA-JPGJPTAESA-N	288	antagonist
1133	ATALOFNDEOCMKK-OITMNORJSA-N	189	antagonist
1134	ATHZIFFSGSWIAU-UHFFFAOYSA-N	123	antagonist
1135	UXZAJSZFFARTEI-YRPNKDGESA-N	44	agonist
1136	YHGBLECINAKBKX-UHFFFAOYSA-N	256	antagonist
1137	NCWQLHHDGDXIJN-UHFFFAOYSA-N	206	antagonist
1138	OAEWNSKRLBVVBV-QSEAXJEQSA-N	188	antagonist
1139	QLOHOGRMRUDDPM-LBPRGKRZSA-N	428	antagonist
1140	FOBFICSYUINKAA-XMMPIXPASA-N	227	antagonist
1141	PUKBOVABABRILL-YZNIXAGQSA-N	170	antagonist
1142	FJZNNKJZHQFMCK-LRDDRELGSA-N	185	agonist
1143	BZCALJIHZVNMGJ-HSZRJFAPSA-N	19	agonist
1144	KDFQABSFVYLGPM-QFIPXVFZSA-N	223	antagonist
1145	PZGSYNNVPNLHQG-SANMLTNESA-N	215	antagonist
1146	OGJGQVFWEPNYSB-UHFFFAOYSA-N	173	antagonist
1147	AGVNHDNTFYHZNL-QGZVFWFLSA-N	230	antagonist
1148	VXNAMCLMCBLNOL-NFQMXDRXSA-N	19	agonist
1149	HVVLGXULBVAFRZ-UHFFFAOYSA-N	157	antagonist
1150	HLCHESOMJVGDSJ-LOYHVIPDSA-N	224	agonist
1151	VOSAWOSMGPKQEQ-OALUTQOASA-N	44	agonist
1152	DTCZNKWBDTXEBS-UHFFFAOYSA-N	123	activator
1153	PTOIAAWZLUQTIO-GXFFZTMASA-N	280	agonist
1154	PTOIAAWZLUQTIO-GXFFZTMASA-N	289	agonist
1155	TYXSIXOYTBHZFA-UHFFFAOYSA-N	630	agonist
1156	PMEQBGAGFZDWQX-UHFFFAOYSA-N	288	antagonist
1157	ZPCGODCPRDIFRQ-UHFFFAOYSA-N	555	inhibitor
1158	ZPCGODCPRDIFRQ-UHFFFAOYSA-N	629	inhibitor
1159	QXURFIGBRGWPQD-UHFFFAOYSA-N	387	inhibitor
1160	AFJRYPJIKHMNGL-UHFFFAOYSA-N	218	modulator
1161	LPORLBPACXEOET-UHFFFAOYSA-N	20	inhibitor
1162	GQCXHIKRWBIQMD-AKJBCIBTSA-N	101	antagonist, degrader
1163	QAKJEKTXKXAPBP-MGCURZBSSA-N	494	molecular glue
1164	ODOJVROSIRINJT-LJQANCHMSA-N	13	inhibitor
1165	ZUFHZMHKCFCIHV-JRFCFUNGSA-N	213	inhibitor
1166	LTNDTFYBIKTRBQ-UHFFFAOYSA-N	276	covalent inhibitor
1167	LTNDTFYBIKTRBQ-UHFFFAOYSA-N	323	covalent inhibitor
1168	OVUNRYUVDVWTTE-UHFFFAOYSA-N	288	antagonist
1169	HUOLMBXGHHSYHC-QWQFASRJSA-N	389	inhibitor
1170	CEGVLCNHZDUFIJ-NSHDSACASA-N	517	inhibitor
1171	ZVDNXHUSIKGTSF-UHFFFAOYSA-N	606	inhibitor
1172	QJWQAZTYFYCFQU-RMKNXTFCSA-N	260	inhibitor
1173	NORRDWRSNUOCBV-XCIZWWPASA-N	501	degrader (protac)
1174	NORRDWRSNUOCBV-XCIZWWPASA-N	376	degrader (protac)
1175	BFMWIVWPPKENIN-AWEZNQCLSA-N	622	inhibitor
1176	CLCTZVRHDOAUGJ-SYVGMNBRSA-N	134	degrader (protac)
1177	JNTJTCXFIXNXDV-VIFPVBQESA-N	410	molecular glue
1178	DTWUUAFTYSMNQX-GFCCVEGCSA-N	129	inhibitor
1179	FZJKQMONKPFLEO-NZIMVQFPSA-N	348	degrader (protac)
1180	JFHROPTYMMSOLG-UHFFFAOYSA-N	366	inhibitor
1181	BZJPCUQQPJJBTP-FGZHOGPDSA-N	550	agonist
1182	OLAGZWUBPYQCBR-JSKJCRAUSA-N	466	degrader (protac)
1183	KVDLSQZBDWJNSG-VINRIKPSSA-N	397	degrader (protac)
1184	ISQCXAWAHDJCRH-FKDRFZFOSA-N	348	degrader (protac)
1185	JBTHUOYYUUPUOZ-LIHPQFRDSA-N	308	degrader (protac)
1186	JBTHUOYYUUPUOZ-LIHPQFRDSA-N	309	degrader (protac)
1187	PTARASCXNREVCH-UHFFFAOYSA-N	400	degrader (protac)
1188	PTARASCXNREVCH-UHFFFAOYSA-N	632	degrader (protac)
1189	AJQAXIIJKPCAOP-XVNGORCSSA-N	201	degrader (protac)
1190	AJQAXIIJKPCAOP-XVNGORCSSA-N	532	degrader (protac)
1191	PLCITURFVJNAFH-GUQHISFFSA-N	452	inhibitor
1192	PLCITURFVJNAFH-GUQHISFFSA-N	17	inhibitor
1193	NIQFZCJNEODJTE-CSIWTOAPSA-N	492	degrader (protac)
1194	DYDFSGCLYIZSAQ-UHFFFAOYSA-N	517	inhibitor
1195	ANAOJSKQILNLRY-MWTRTKDXSA-N	531	negative allosteric modulator
1196	FIFRHLLUVCAOIK-SJCJKPOMSA-N	248	inhibitor
1197	MMHYOHYLSFWJJB-ZDUSSCGKSA-N	43	antagonist
1198	YPXUKPNZQTWCRR-UHFFFAOYSA-N	381	modulator
1199	DJOZFERTDDZPJO-UHFFFAOYSA-N	87	degrader (protac)
1200	YOOKRVNCYQFKCT-UHFFFAOYSA-N	321	covalent inhibitor
1201	RGHSVQHKNJAFGR-QFIPXVFZSA-N	331	inhibitor
1202	XHMSDQXEIBTTBE-QFIPXVFZSA-N	613	inhibitor
1203	XHMSDQXEIBTTBE-QFIPXVFZSA-N	628	inhibitor
1204	XHMSDQXEIBTTBE-QFIPXVFZSA-N	616	inhibitor
1205	XHMSDQXEIBTTBE-QFIPXVFZSA-N	617	inhibitor
1206	FFUVDKANSJZSAK-JDXGNMNLSA-N	47	molecular glue
1207	XRAUKWUDYSUHJM-LLVKDONJSA-N	406	covalent inhibitor
1208	IYFKRANQUJUTKF-UHFFFAOYSA-N	247	degrader (protac)
1209	LDFDXTNMCGLUMQ-YGKODULZSA-N	150	inhibitor
1210	RIEBAXQZOMUWKX-UHFFFAOYSA-N	569	agonist
1211	LPDOIXPRZOWBJV-HOCLYGCPSA-N	301	inhibitor
1212	HGQYUHFFAIXWDI-GOSISDBHSA-N	7	inhibitor
1213	APEYSKGQWJKJAZ-LCLGPXMOSA-N	90	degrader (protac)
1214	APEYSKGQWJKJAZ-LCLGPXMOSA-N	112	degrader (protac)
1215	FHFUBRLTXZVOQX-UHFFFAOYSA-N	545	degrader (protac)
1216	CLUWNSLFLMBFKA-RMCUFUCFSA-N	514	degrader (protac)
1217	CLUWNSLFLMBFKA-RMCUFUCFSA-N	565	degrader (protac)
1218	PWYJKWQDDHJXMJ-YKCITUTQSA-N	283	degrader (protac)
1219	PWYJKWQDDHJXMJ-YKCITUTQSA-N	293	degrader (protac)
1220	GPZKXLCJTKULAU-UHFFFAOYSA-N	549	degrader (protac)
1221	BXCPYBFBMAWDDY-UHFFFAOYSA-N	184	degrader (protac)
1222	SVKZUEZCCKLNIM-UHFFFAOYSA-N	562	degrader (protac)
1223	LFCNOSRNWFMQLB-UHFFFAOYSA-N	304	degrader (protac)
1224	HKSBXNVKPFTBIG-WUEKOBJSSA-N	445	degrader (protac)
1225	LPKVYTQGJNTZKY-UHFFFAOYSA-N	395	degrader (protac)
1226	DQRZNYPHOWVXPQ-YDUPODKQSA-N	99	degrader (protac)
1227	REPLCRNGGWSKTN-JYQLQLLISA-N	507	degrader (protac)
1228	ZOSWUNAJRAEGEW-YTIGDUPRSA-N	545	degrader (protac)
1229	CSTHTJLTORVUST-UHFFFAOYSA-N	89	degrader (protac)
1230	ZGSWGXNEXAXEGV-XFCHVEHOSA-N	360	degrader (protac)
1231	PPNNFXIBKLCMTI-WXEAQWFJSA-N	63	degrader (protac)
1232	PPNNFXIBKLCMTI-WXEAQWFJSA-N	430	degrader (protac)
1233	PPNNFXIBKLCMTI-WXEAQWFJSA-N	414	degrader (protac)
1234	DLQNQQYGRWMPES-LFHXKVDGSA-N	584	degrader (protac)
1235	IPNTVOAQOGRLQB-JJMBTQCASA-N	55	degrader (protac)
1236	IVARZBJJMMUJHI-SQKKEFIPSA-N	308	degrader (protac)
1237	IVARZBJJMMUJHI-SQKKEFIPSA-N	309	degrader (protac)
1238	IVARZBJJMMUJHI-SQKKEFIPSA-N	467	degrader (protac)
1239	OGAOHACYLUBWJQ-UHFFFAOYSA-N	618	degrader (protac)
1240	QGJQNPNZAYRDMS-OESUUHGFSA-N	387	degrader (protac)
1241	USEHXUPBCSTAIO-RAUDMRIHSA-N	303	degrader (protac)
1242	BOMRVPKXCINUMI-ZEGZQYLTSA-N	259	degrader (protac)
1243	DOVSNSDMRJVTMR-JOCHJYFZSA-N	126	inhibitor
1244	WFVKDTWKNVLGGS-UHFFFAOYSA-N	374	degrader (protac)
1245	JTTGVFCANBFLCE-CJLVFECKSA-N	273	degrader (protac)
1246	AYMGZLUKTNXEMY-UHFFFAOYSA-N	618	degrader (protac)
1247	ROINLDWZNWCWJK-ZYIHSGTPSA-N	23	degrader (protac)
1248	ZJJZBBBSQKVNHL-BYBNZYMESA-N	363	degrader (protac)
1249	BOXPLNRWIHHHBO-CHCOZFFLSA-N	387	degrader (protac)
1250	INXGMIWEZJNJOA-NVZKIFIHSA-N	31	degrader (protac)
1251	RTNONCBKGZNCJS-LJLQSONVSA-N	134	degrader (protac)
1252	DUPAJELXESPTNF-PPZGWQTASA-N	134	degrader (protac)
1253	SWVYYNLRVIYURK-AREMUKBSSA-N	358	inhibitor
1254	AAZUPSFRSHFTGV-INIZCTEOSA-N	201	inhibitor
1255	AAZUPSFRSHFTGV-INIZCTEOSA-N	424	inhibitor
1256	AAZUPSFRSHFTGV-INIZCTEOSA-N	532	inhibitor
1257	AAZUPSFRSHFTGV-INIZCTEOSA-N	423	inhibitor
1258	LLCVDQHLYHBAHR-UHFFFAOYSA-N	201	inhibitor
1259	JALIPZPFONOAJA-ZKGBLMBJSA-N	255	degrader (protac)
1260	XJTIGGCBXFIZJV-UHFFFAOYSA-N	488	inhibitor
1261	UCGWYCMPZXDHNR-UHFFFAOYSA-N	514	inhibitor
1262	ZORLJXWXFABTPZ-CTNGQTDRSA-N	192	inhibitor
1263	ZORLJXWXFABTPZ-CTNGQTDRSA-N	416	inhibitor
1264	ZORLJXWXFABTPZ-CTNGQTDRSA-N	55	inhibitor
1265	ZORLJXWXFABTPZ-CTNGQTDRSA-N	441	inhibitor
1266	ZZWWXIBKLBMSCS-FQEVSTJZSA-N	382	inhibitor
1267	ZZWWXIBKLBMSCS-FQEVSTJZSA-N	12	inhibitor
1268	UVVQLQQNGHYTOL-JIVXZRRKSA-N	360	degrader (protac)
1269	FQWDVNSBYDXPIO-CQSZACIVSA-N	329	inhibitor
1270	BASFYRLYJAZPPL-UONOGXRCSA-N	49	inhibitor
1271	UJDFQDPAVQIQLB-UHFFFAOYSA-N	322	degrader (protac)
1272	FHRKRGDHMCCDEO-LLVKDONJSA-N	309	inhibitor
1273	FHRKRGDHMCCDEO-LLVKDONJSA-N	308	inhibitor
1274	FHRKRGDHMCCDEO-LLVKDONJSA-N	467	inhibitor
1275	QNZYMVMEVWRUCW-UHFFFAOYSA-N	478	inhibitor
1276	QRYISIPABXJVOQ-AWEZNQCLSA-N	355	inhibitor
1277	UEUNDURNLYLSNB-HOTGVXAUSA-N	499	antagonist
1278	AXNQNPVSVCEGTP-LALXJTNGSA-N	644	degrader (protac)
1279	KDOQEEMQPHIANX-NFBKMPQASA-N	146	corrector
1280	PFEKWBKJUBCXDT-KGLIPLIRSA-N	6	inhibitor
1281	MUYQEHKMQMHJNI-ZDUSSCGKSA-N	137	inhibitor
1282	ALNBIGSEWMWEGS-UHFFFAOYSA-N	23	degrader (protac)
1283	CQFHGOWYJXQICA-FKDNKQOESA-N	348	degrader (protac)
1284	AYGDOYFDJDUPSS-UHFFFAOYSA-N	314	inhibitor
1285	QKVFMAAIXZONRN-UHFFFAOYSA-N	127	inhibitor
1286	CEIIEALEIHQDBX-UHFFFAOYSA-N	238	modulator
1287	MVPFPBIHUUHXGU-FSSWDIPSSA-N	181	inhibitor and degrader
1288	MVPFPBIHUUHXGU-FSSWDIPSSA-N	399	inhibitor and degrader
1289	DVGLTSTVSHOWJF-UHFFFAOYSA-N	461	inhibitor
1290	VUOYAALVGSMUHC-UHFFFAOYSA-N	474	inhibitor
1291	FVICRBSEYSHKFY-JYQNNKODSA-N	99	inhibitor
1292	FVICRBSEYSHKFY-JYQNNKODSA-N	97	inhibitor
1293	FVICRBSEYSHKFY-JYQNNKODSA-N	98	inhibitor
1294	SDGJBAUIGHSMRI-UHFFFAOYSA-N	48	inhibitor
1295	SDGJBAUIGHSMRI-UHFFFAOYSA-N	553	inhibitor
1296	BCFGMOOMADDAQU-UHFFFAOYSA-N	93	inhibitor
1297	BCFGMOOMADDAQU-UHFFFAOYSA-N	105	inhibitor
1298	LPGBXHWIQNZEJB-UHFFFAOYSA-N	444	agonist
1299	FMSIRMKLDQFQKI-UHFFFAOYSA-N	277	inhibitor
1300	VDLHPYFVCAHCCZ-UHFFFAOYSA-N	631	inhibitor
1301	YXYBHRORJSDZTQ-UHFFFAOYSA-N	48	inhibitor
1302	LIRYPHYGHXZJBZ-UHFFFAOYSA-N	352	inhibitor
1303	LIRYPHYGHXZJBZ-UHFFFAOYSA-N	237	inhibitor
1304	BUJWDBSVEVFQDP-UHFFFAOYSA-N	271	agonist
1305	ZABZNDRRLTXBHH-UHFFFAOYSA-N	175	inhibitor
1306	LIOLIMKSCNQPLV-UHFFFAOYSA-N	127	inhibitor
1307	VRQXRVAKPDCRCI-ZNMIVQPWSA-N	140	inhibitor
1308	VRQXRVAKPDCRCI-ZNMIVQPWSA-N	590	inhibitor
1309	VRQXRVAKPDCRCI-ZNMIVQPWSA-N	468	inhibitor
1310	HPJVZSVEIGCFJP-SFHVURJKSA-N	446	inhibitor
1311	HPJVZSVEIGCFJP-SFHVURJKSA-N	451	inhibitor
1312	NYNZQNWKBKUAII-KBXCAEBGSA-N	106	inhibitor
1313	NYNZQNWKBKUAII-KBXCAEBGSA-N	434	inhibitor
1314	NYNZQNWKBKUAII-KBXCAEBGSA-N	431	inhibitor
1315	IBGLGMOPHJQDJB-IHRRRGAJSA-N	275	inhibitor
1316	IBGLGMOPHJQDJB-IHRRRGAJSA-N	276	inhibitor
1317	IBGLGMOPHJQDJB-IHRRRGAJSA-N	323	inhibitor
1318	RHGZXPKHVAHQJO-BIIHCSGHSA-N	396	inhibitor
1319	MWKYMZXCGYXLPL-ZDUSSCGKSA-N	5	inhibitor
1320	HKTBYUWLRDZAJK-UHFFFAOYSA-N	540	inhibitor
1321	HKTBYUWLRDZAJK-UHFFFAOYSA-N	568	inhibitor
1322	LXDPQXXUVGVIND-UHFFFAOYSA-N	339	inhibitor
1323	LXDPQXXUVGVIND-UHFFFAOYSA-N	160	inhibitor
1324	PRWSIEBRGXYXAJ-UHFFFAOYSA-N	588	inhibitor
1325	VPJXPDLMACOGIZ-UHFFFAOYSA-N	291	inhibitor
1326	VPJXPDLMACOGIZ-UHFFFAOYSA-N	543	inhibitor
1327	BWINBHTTZLVXGT-NVXWUHKLSA-N	209	inhibitor
1328	XISVSTPEXYIKJL-UHFFFAOYSA-N	342	inhibitor
1329	PVKIFNZMYGMWPD-UHFFFAOYSA-N	635	inhibitor
1330	HXNUFFCHRIWTRZ-UHFFFAOYSA-N	432	inhibitor
1331	HXNUFFCHRIWTRZ-UHFFFAOYSA-N	427	inhibitor
1332	QVOGVAVHOLLLAZ-UHFFFAOYSA-N	45	inhibitor
1333	OYKPWSZSBLRRPL-HOYKHHGWSA-N	272	inhibitor
