target_id	uniprot_id
1	O00141
2	O00255
3	O00257
4	O00311
5	O00329
6	O00411
7	O00444
8	O00487
9	O00519
10	O00625
11	O00748
12	O00763
13	O14578
14	O14672
15	O14684
16	O14733
17	O14744
18	O14757
19	O14842
20	O14920
21	O14936
22	O14939
23	O14965
24	O14976
25	O15054
26	O15075
27	O15118
28	O15164
29	O15294
30	O15297
31	O15379
32	O15382
33	O15427
34	O15530
35	O15550
36	O15552
37	O15554
38	O43175
39	O43194
40	O43318
41	O43353
42	O43526
43	O43613
44	O43614
45	O43683
46	O43739
47	O60260
48	O60285
49	O60341
50	O60502
51	O60551
52	O60674
53	O60678
54	O60741
55	O60885
56	O60911
57	O75116
58	O75164
59	O75306
60	O75385
61	O75417
62	O75460
63	O75530
64	O75575
65	O75643
66	O75716
67	O75762
68	O75874
69	O75907
70	O75914
71	O76039
72	O76083
73	O94768
74	O94782
75	O94921
76	O94925
77	O94953
78	O95069
79	O95251
80	O95271
81	O95497
82	O95696
83	O95785
84	O95835
85	O95848
86	O95931
87	O96013
88	O96017
89	O96028
90	P00338
91	P00352
92	P00519
93	P00533
94	P00751
95	P00797
96	P00918
97	P01111
98	P01112
99	P01116
100	P01137
101	P03372
102	P03951
103	P04035
104	P04150
105	P04626
106	P04629
107	P06213
108	P06239
109	P06241
110	P06493
111	P06576
112	P07195
113	P07333
114	P07437
115	P07550
116	P07711
117	P07900
118	P07947
119	P07948
120	P07949
121	P08069
122	P08172
123	P08173
124	P08235
125	P08238
126	P08246
127	P08581
128	P08709
129	P08922
130	P09619
131	P09874
132	P09936
133	P09960
134	P10275
135	P10415
136	P10636
137	P10721
138	P11166
139	P11229
140	P11309
141	P11362
142	P11586
143	P11597
144	P11802
145	P12931
146	P13569
147	P13995
148	P14174
149	P14616
150	P14902
151	P15056
152	P15170
153	P16234
154	P17706
155	P17948
156	P18031
157	P18089
158	P19099
159	P19634
160	P19784
161	P19793
162	P20292
163	P20309
164	P20701
165	P21452
166	P21453
167	P21554
168	P21589
169	P21675
170	P21730
171	P21802
172	P21860
173	P21917
174	P22314
175	P22413
176	P22455
177	P22607
178	P22888
179	P23219
180	P23458
181	P23743
182	P23946
183	P24530
184	P24941
185	P25090
186	P25098
187	P25100
188	P25101
189	P25103
190	P25105
191	P25116
192	P25440
193	P25774
194	P25929
195	P26358
196	P27361
197	P28065
198	P28221
199	P28223
200	P28335
201	P28347
202	P28482
203	P28702
204	P28799
205	P28845
206	P29274
207	P29275
208	P29371
209	P29597
210	P30291
211	P30419
212	P30518
213	P30530
214	P30559
215	P30968
216	P31153
217	P31639
218	P31644
219	P31645
220	P31749
221	P31751
222	P31939
223	P32239
224	P32245
225	P32246
226	P32247
227	P32745
228	P33981
229	P34913
230	P34969
231	P35408
232	P35462
233	P35557
234	P35590
235	P35916
236	P35968
237	P36507
238	P36544
239	P36639
240	P36888
241	P36896
242	P36897
243	P36969
244	P37023
245	P37088
246	P37288
247	P37840
248	P39748
249	P39900
250	P40337
251	P40763
252	P41143
253	P41145
254	P41146
255	P41182
256	P41586
257	P41594
258	P41595
259	P42226
260	P42330
261	P42336
262	P42338
263	P42345
264	P42568
265	P43003
266	P43004
267	P43088
268	P43116
269	P43119
270	P43235
271	P43354
272	P43405
273	P43490
274	P45452
275	P45983
276	P45984
277	P45985
278	P46092
279	P46663
280	P48039
281	P48426
282	P48443
283	P48730
284	P48735
285	P48736
286	P48764
287	P49137
288	P49146
289	P49286
290	P49327
291	P49336
292	P49356
293	P49674
294	P49759
295	P49760
296	P49761
297	P49768
298	P49770
299	P49840
300	P49841
301	P50053
302	P50579
303	P50613
304	P50750
305	P51168
306	P51170
307	P51449
308	P51531
309	P51532
310	P51617
311	P51681
312	P51692
313	P51787
314	P51788
315	P51812
316	P51813
317	P51955
318	P52333
319	P52732
320	P53350
321	P53667
322	P53671
323	P53779
324	P53985
325	P54687
326	P54750
327	P55055
328	P55072
329	P55201
330	P56373
331	P56817
332	P57059
333	P57789
334	P58397
335	P61619
336	P61964
337	P62942
338	P63267
339	P68400
340	P78356
341	P78362
342	P78527
343	P80192
344	Q00534
345	Q00535
346	Q00536
347	Q00537
348	Q00987
349	Q01064
350	Q01718
351	Q02127
352	Q02750
353	Q02763
354	Q02779
355	Q03111
356	Q03164
357	Q03181
358	Q04771
359	Q04912
360	Q05397
361	Q05469
362	Q06124
363	Q06187
364	Q06495
365	Q07002
366	Q07343
367	Q07817
368	Q07820
369	Q07869
370	Q07889
371	Q07912
372	Q08211
373	Q08345
374	Q08881
375	Q09428
376	Q09472
377	Q10469
378	Q12830
379	Q12852
380	Q12866
381	Q12879
382	Q13085
383	Q13131
384	Q13133
385	Q13153
386	Q13163
387	Q13164
388	Q13177
389	Q13191
390	Q13315
391	Q13393
392	Q13422
393	Q13451
394	Q13464
395	Q13526
396	Q13535
397	Q13546
398	Q13547
399	Q13574
400	Q13627
401	Q13822
402	Q13873
403	Q13882
404	Q14004
405	Q14123
406	Q14145
407	Q14164
408	Q14191
409	Q14289
410	Q14432
411	Q14654
412	Q14680
413	Q14833
414	Q15022
415	Q15047
416	Q15059
417	Q15131
418	Q15233
419	Q15349
420	Q15391
421	Q15418
422	Q15438
423	Q15561
424	Q15562
425	Q15717
426	Q15743
427	Q15759
428	Q15825
429	Q15858
430	Q15910
431	Q16288
432	Q16539
433	Q16584
434	Q16620
435	Q16739
436	Q16832
437	Q2M2I8
438	Q2NL67
439	Q4FZB7
440	Q56A73
441	Q58F21
442	Q5BJF2
443	Q5JUX0
444	Q5NUL3
445	Q5S007
446	Q5TCY1
447	Q5VST6
448	Q5VTY9
449	Q6B0I6
450	Q6GMR7
451	Q6IQ55
452	Q6P2P2
453	Q6P5Z2
454	Q6P6C2
455	Q6PL18
456	Q6V1X1
457	Q6W5P4
458	Q70CQ3
459	Q7L0J3
460	Q7L7X3
461	Q7LBE3
462	Q7Z2W7
463	Q7Z3E1
464	Q7Z5P4
465	Q86TI2
466	Q86U44
467	Q86U86
468	Q86V86
469	Q86VF5
470	Q86W56
471	Q86WV6
472	Q86X55
473	Q86Y97
474	Q86YT5
475	Q86YV6
476	Q8IU85
477	Q8IVV7
478	Q8IXJ6
479	Q8IYD1
480	Q8IYT8
481	Q8IZX4
482	Q8N2K0
483	Q8N568
484	Q8N5S9
485	Q8N884
486	Q8NB16
487	Q8NCG7
488	Q8NEB9
489	Q8NER1
490	Q8TAF3
491	Q8TBC4
492	Q8TBX8
493	Q8TDX5
494	Q8TDX7
495	Q8TE04
496	Q8TEK3
497	Q8WTS6
498	Q8WYB5
499	Q92633
500	Q92769
501	Q92793
502	Q92794
503	Q92800
504	Q92830
505	Q92831
506	Q92918
507	Q93009
508	Q969F8
509	Q969S8
510	Q96BR1
511	Q96GD4
512	Q96GX5
513	Q96JM7
514	Q96KQ7
515	Q96LA8
516	Q96LB1
517	Q96P20
518	Q96PD7
519	Q96PN6
520	Q96Q15
521	Q96Q40
522	Q96RI1
523	Q96RR4
524	Q96SB4
525	Q96SW2
526	Q99418
527	Q99527
528	Q99538
529	Q99558
530	Q99571
531	Q99572
532	Q99594
533	Q99640
534	Q99643
535	Q99685
536	Q99814
537	Q99865
538	Q99873
539	Q9BPZ2
540	Q9BUB5
541	Q9BV23
542	Q9BVS4
543	Q9BWU1
544	Q9BXF3
545	Q9BY41
546	Q9BYW2
547	Q9BZ23
548	Q9BZ95
549	Q9C0B1
550	Q9GZN0
551	Q9GZT9
552	Q9GZV3
553	Q9H093
554	Q9H0E9
555	Q9H0K1
556	Q9H2K2
557	Q9H3N8
558	Q9H3R0
559	Q9H4B4
560	Q9H773
561	Q9H7B4
562	Q9H8M2
563	Q9H903
564	Q9H999
565	Q9H9B1
566	Q9HAZ1
567	Q9HBA0
568	Q9HBH9
569	Q9NPC1
570	Q9NPI1
571	Q9NQU5
572	Q9NQV7
573	Q9NR22
574	Q9NR48
575	Q9NR97
576	Q9NRG4
577	Q9NRM7
578	Q9NS75
579	Q9NSD7
580	Q9NSY1
581	Q9NV35
582	Q9NVM4
583	Q9NWM0
584	Q9NWZ3
585	Q9NYK1
586	Q9NYV4
587	Q9NYY3
588	Q9NZJ5
589	Q9NZQ7
590	Q9P1W9
591	Q9P286
592	Q9P289
593	Q9UBE0
594	Q9UBN4
595	Q9UBN7
596	Q9UBP0
597	Q9UBT2
598	Q9UDY8
599	Q9UEE5
600	Q9UGN5
601	Q9UHD2
602	Q9UIF8
603	Q9UIF9
604	Q9UK32
605	Q9UK80
606	Q9UKE5
607	Q9UKK9
608	Q9UKP4
609	Q9UKS7
610	Q9UKT9
611	Q9UL54
612	Q9UL62
613	Q9ULC6
614	Q9ULD4
615	Q9ULI0
616	Q9ULW8
617	Q9UM07
618	Q9UM73
619	Q9UNQ0
620	Q9UNW8
621	Q9UPE1
622	Q9UQ84
623	Q9UQ88
624	Q9UQB9
625	Q9Y233
626	Q9Y243
627	Q9Y2I7
628	Q9Y2J8
629	Q9Y2K2
630	Q9Y2T5
631	Q9Y345
632	Q9Y463
633	Q9Y4B6
634	Q9Y570
635	Q9Y572
636	Q9Y5N5
637	Q9Y5Y4
638	Q9Y5Y9
639	Q9Y5Z0
640	Q9Y616
641	Q9Y657
642	Q9Y6A5
643	Q9Y6E0
644	Q9Y6Q9
