inchikey	portal_path	published_date	pains	toxicophore	cansar_id	rating_in_cell	rating_in_organism	rating_count	reference	source_id
YHHFKWKMXWRVTJ-OQKWZONESA-N	unsuitables/jib-04	2016-12-15	No	Yes	1354531	0	0	0		952
MOUNHKKCIGVIDI-UHFFFAOYSA-L	unsuitables/ami-1	2017-03-07	No	No	723373	0	0	0		953
XVBGRTMNFNMINE-UHFFFAOYSA-N	unsuitables/xmd17-109	2016-12-15	No	No	927800	0	0	0		954
OMKHWTRUYNAGFG-IEBDPFPHSA-N	unsuitables/dznep	2017-02-03	No	No	1117457	0	0	0		955
PZPPOCZWRGNKIR-PNVYSBBASA-N	unsuitables/chaetocin	2017-02-03	No	Yes	915616	0	0	0		956
ZWNKKZSRANLVEW-UHFFFAOYSA-N	unsuitables/epiblastin	2020-12-05	No	No	2922952	0	0	0	http://www.cell.com/cell-chemical-biology/abstract/S2451-9456(16)30085-X|http://www.cell.com/cell-reports/abstract/S2211-1247(16)30362-X?_returnURL=http%3A%2F%2Flinkinghub.elsevier.com%2Fretrieve%2Fpii%2FS221112471630362X%3Fshowall%3Dtruehttp://www.cell.com/cell-reports/abstract/S2211-1247(16)30362-X?_returnURL=http%3A%2F%2Flinkinghub.elsevier.com%2Fretrieve%2Fpii%2FS221112471630362X%3F|https://pubmed.ncbi.nlm.nih.gov/27049670|https://pubmed.ncbi.nlm.nih.gov/27149845	957
UXXQOJXBIDBUAC-UHFFFAOYSA-N	unsuitables/tandutinib	2016-12-09	No	No	848749	0	0	0		958
REFJWTPEDVJJIY-UHFFFAOYSA-N	unsuitables/quercetin	2016-12-09	Yes	Yes	1305802	0	0	0		959
PIMQWRZWLQKKBJ-SFHVURJKSA-N	unsuitables/dinaciclib	2016-12-09	No	No	256723	0	0	0		960
WMBWREPUVVBILR-WIYYLYMNSA-N	unsuitables/epigallocatechin-3-gallate-ecgc	2016-12-09	Yes	Yes	498738	0	0	0		961
LUKBXSAWLPMMSZ-OWOJBTEDSA-N	unsuitables/resveratrol	2016-12-09	No	No	96102	0	0	0		962
FIAFUQMPZJWCLV-UHFFFAOYSA-N	unsuitables/suramin	2016-12-09	No	No	1009853	0	0	0		963
ZEWQUBUPAILYHI-UHFFFAOYSA-N	unsuitables/trifluoperazine	2016-12-09	No	No	1899498	0	0	0		964
RRKRXIFOHFBLHY-YEZSYGFXSA-M	unsuitables/fluoxetine-glucuronide	2016-12-09	No	No	3312909	0	0	0		965
AOJJSUZBOXZQNB-TZSSRYMLSA-N	unsuitables/doxorubicin	2016-12-09	Yes	Yes	791569	0	0	0		966
UHTHHESEBZOYNR-UHFFFAOYSA-N	unsuitables/vandetanib	2016-12-09	No	No	233726	0	0	0		967
RITAVMQDGBJQJZ-FMIVXFBMSA-N	unsuitables/axitinib	2016-12-09	No	No	1927385	0	0	0		968
UYJNQQDJUOUFQJ-UHFFFAOYSA-N	unsuitables/nvp-tae-226	2016-12-09	No	No	512994	0	0	0		969
VAARYSWULJUGST-UHFFFAOYSA-N	unsuitables/pd173955	2016-12-09	No	No	158055	0	0	0		970
ODPGGGTTYSGTGO-UHFFFAOYSA-N	unsuitables/ast-487	2016-12-09	No	No	764849	0	0	0		971
WAEXFXRVDQXREF-UHFFFAOYSA-N	unsuitables/vorinostat	2017-04-10	No	Yes	1113023	0	0	0		972
WINHZLLDWRZWRT-ATVHPVEESA-N	unsuitables/sunitinib	2016-12-09	No	No	154683	0	0	0		973
HVXKQKFEHMGHSL-QKDCVEJESA-N	unsuitables/xl-647	2016-12-09	No	No	535317	0	0	0		974
VMWNQDUVQKEIOC-CYBMUJFWSA-N	unsuitables/apomorphine	2016-12-09	Yes	Yes	1185273	0	0	0		975
DYEFUKCXAQOFHX-UHFFFAOYSA-N	unsuitables/ebselen	2016-12-09	No	Yes	65636	0	0	0		976
IQPNAANSBPBGFQ-UHFFFAOYSA-N	unsuitables/digitoflavone	2016-12-09	Yes	Yes	1241698	0	0	0		977
KZNIFHPLKGYRTM-UHFFFAOYSA-N	unsuitables/apigenin	2016-12-09	No	No	1161291	0	0	0		978
ZIUSSTSXXLLKKK-KOBPDPAPSA-N	unsuitables/curcumin	2016-12-09	No	Yes	1795385	0	0	0		979
IZEKFCXSFNUWAM-UHFFFAOYSA-N	unsuitables/dipyridamole	2016-12-09	No	No	681918	0	0	0		980
KTEIFNKAUNYNJU-GFCCVEGCSA-N	unsuitables/crizotinib	2016-12-09	No	No	259783	0	0	0		981
IYIKLHRQXLHMJQ-UHFFFAOYSA-N	unsuitables/amiodarone	2016-12-09	No	No	322374	0	0	0		982
MPVGZUGXCQEXTM-UHFFFAOYSA-N	unsuitables/linifanib	2016-12-09	No	No	1920436	0	0	0		983
QDPVYZNVVQQULH-UHFFFAOYSA-N	unsuitables/dovitinib-lactate	2016-12-09	No	No	711445	0	0	0		984
RTIXKCRFFJGDFG-UHFFFAOYSA-N	unsuitables/57-dihydroxyflavone	2016-12-09	No	No	1115786	0	0	0		985
QQWUGDVOUVUTOY-UHFFFAOYSA-N	unsuitables/nvp-tae684	2016-12-09	No	No	868137	0	0	0		986
GUBJNPWVIUFSTR-UHFFFAOYSA-N	unsuitables/jnj-28312141	2016-12-09	No	No	591760	0	0	0		987
WPHKIQPVPYJNAX-UHFFFAOYSA-N	unsuitables/ilorasertib	2016-12-09	No	No	644156	0	0	0		988
XZXHXSATPCNXJR-ZIADKAODSA-N	unsuitables/intedanib	2016-12-09	No	Yes	817948	0	0	0		989
MZDKLVOWGIOKTN-UHFFFAOYSA-N	unsuitables/pf-562271	2016-12-09	No	No	631801	0	0	0		990
QQUXFYAWXPMDOE-UHFFFAOYSA-N	unsuitables/kenpaullone	2016-12-09	No	No	1185198	0	0	0		991
SEJGTFPOEJWEGG-UHFFFAOYSA-N	unsuitables/chembl1908393	2016-12-09	No	No	3100290	0	0	0		992
JOOXLOJCABQBSG-UHFFFAOYSA-N	unsuitables/fedratinib	2016-12-09	No	No	729057	0	0	0		993
MVJMMLFMPWITEJ-UHFFFAOYSA-N	unsuitables/kinome1198	2016-12-09	No	Yes	212832	0	0	0		994
CTNPALGJUAXMMC-PMFHANACSA-N	unsuitables/su14813	2016-12-09	Yes	No	449255	0	0	0		995
KDKUVYLMPJIGKA-UHFFFAOYSA-N	unsuitables/jnj-7706621	2016-12-09	No	No	1799601	0	0	0		996
YYLKKYCXAOBSRM-JXMROGBWSA-N	unsuitables/kw-2449	2016-12-09	No	No	1708627	0	0	0		997
OWRXHGAFWZFFCW-UHFFFAOYSA-N	unsuitables/kinome1194	2016-12-09	No	No	455055	0	0	0		998
JZTOUVBEZONDKA-UHFFFAOYSA-N	unsuitables/kinome2079	2016-12-09	No	No	1720177	0	0	0		999
RYYNGWLOYLRZLK-UHFFFAOYSA-N	unsuitables/pf-03814735	2016-12-09	No	No	593029	0	0	0		1000
FUMCKNCUEAQHCV-XYPYZODXSA-N	unsuitables/chembl2062936	2016-12-09	No	No	1543298	0	0	0		1001
ZGZVRPRSFXRGCF-UHFFFAOYSA-N	unsuitables/kinome1054	2016-12-09	No	No	593085	0	0	0		1002
ZPEIMTDSQAKGNT-UHFFFAOYSA-N	unsuitables/chlorpromazine	2016-12-09	No	No	1233755	0	0	0		1003
CGIGDMFJXJATDK-UHFFFAOYSA-N	unsuitables/indometacin	2016-12-09	No	No	1616755	0	0	0		1004
GCBJDOWIQHMCMR-UHFFFAOYSA-N	unsuitables/kinome1199	2016-12-09	No	No	1705658	0	0	0		1005
KRIUNPBAQZGFQA-UHFFFAOYSA-N	unsuitables/zinc04335977	2016-12-09	No	Yes	1049783	0	0	0		1006
HJGFPNFAFSFDNN-UHFFFAOYSA-N	unsuitables/cx5011	2016-12-09	No	No	1798236	0	0	0		1007
BPNUQXPIQBZCMR-IBGZPJMESA-N	unsuitables/674563	2016-12-08	No	No	1807394	0	0	0		1008
RFAXLXKIAKIUDT-UHFFFAOYSA-N	unsuitables/ipa-3	2017-01-04	No	Yes	1503412	0	0	0		1009
KRMDCWKBEZIMAB-UHFFFAOYSA-N	unsuitables/amitriptyline	2016-12-09	Yes	No	1253640	0	0	0		1010
DDLZLOKCJHBUHD-WAVHTBQISA-N	unsuitables/6-bromoindirubin-3-oxime	2016-12-09	No	Yes	1322637	0	0	0		1011
UUADYKVKJIMIPA-UHFFFAOYSA-N	unsuitables/enzastaurin-hydrochloride	2016-12-09	No	Yes	826365	0	0	0		1012
KSOVGRCOLZZTPF-UHFFFAOYSA-N	unsuitables/kinome635	2016-12-09	Yes	No	521608	0	0	0		1013
ZVWRFVCNQOECJS-UHFFFAOYSA-N	unsuitables/kinome1202	2016-12-09	No	No	292199	0	0	0		1014
VADOZMZXXRBXNY-UHFFFAOYSA-N	unsuitables/chembl3115681	2016-12-09	Yes	No	462817	0	0	0		1015
UIARLYUEJFELEN-LROUJFHJSA-N	unsuitables/lestaurtinib	2016-12-09	No	No	578962	0	0	0		1016
BSFNGHCTZDCQBF-UHFFFAOYSA-N	unsuitables/kinome1901	2016-12-09	No	No	698309	0	0	0		1017
LYNBNVBMAGDJRW-UHFFFAOYSA-N	unsuitables/4-anilinopyrimidine-8c	2016-12-09	No	No	1493914	0	0	0		1018
GCYXEGSPUDSZJY-PTNGSMBKSA-N	unsuitables/gw8510	2016-12-09	Yes	Yes	352155	0	0	0		1019
YMIJUBCSOKSFRU-UHFFFAOYSA-N	unsuitables/4-anilinopyrimidine-15a	2016-12-09	No	No	1699687	0	0	0		1020
KLBQZWRITKRQQV-UHFFFAOYSA-N	unsuitables/thioridazine	2016-12-09	No	No	1583578	0	0	0		1021
GPSZYOIFQZPWEJ-UHFFFAOYSA-N	unsuitables/cyc-116	2016-12-09	Yes	No	1709990	0	0	0		1022
BIIVYFLTOXDAOV-YVEFUNNKSA-N	unsuitables/flavopiridol	2016-12-09	No	No	1905588	0	0	0		1023
OUSFTKFNBAZUKL-UHFFFAOYSA-N	unsuitables/bms-387032	2016-12-09	No	No	1596650	0	0	0		1024
JPYQFPGTGGLOMD-UHFFFAOYSA-N	unsuitables/chembl1649761	2016-12-09	No	No	1643156	0	0	0		1025
BQDHCGJUSXMIIS-UHFFFAOYSA-N	unsuitables/schembl3814469	2016-12-09	No	No	3312912	0	0	0		1026
AFSDNFLWKVMVRB-UHFFFAOYSA-N	unsuitables/ellagic-acid	2016-12-09	Yes	Yes	1305685	0	0	0		1027
AYQYIBVVCJFCAE-KSEXSDGBSA-N	unsuitables/c646	2016-12-13	Yes	No	654302	0	0	0		1028
XHBVYDAKJHETMP-UHFFFAOYSA-N	unsuitables/dorsomorphin	2016-12-15	No	No	252407	0	0	0		1029
SHPFDGWALWEPGS-UHFFFAOYSA-N	unsuitables/ki-20227	2017-03-02	No	No	592278	0	0	0		1030
MLKHXLFEYOOYEY-NVNXTCNLSA-N	unsuitables/k00564a	2021-02-18	Yes	No	1588377	0	0	0		1031
FMETVQKSDIOGPX-UHFFFAOYSA-N	unsuitables/lck-inhibitor	2017-03-02	No	No	1889063	0	0	0		1032
SXOZSDJHGMAEGZ-IGKKHSBFSA-N	unsuitables/sl0101	2017-03-02	No	No	716875	0	0	0		1033
BLQYVHBZHAISJM-CMDGGOBGSA-N	unsuitables/enmd-2076	2017-02-01	No	No	1907784	0	0	0		1034
CXQHYVUVSFXTMY-UHFFFAOYSA-N	unsuitables/foretinib	2017-02-01	No	No	916365	0	0	0		1035
XZXHXSATPCNXJR-UHFFFAOYSA-N	unsuitables/ninetedanib	2017-02-01	No	Yes	826661	0	0	0		1036
IFPPYSWJNWHOLQ-UHFFFAOYSA-N	unsuitables/pd166285	2017-02-01	No	No	614800	0	0	0		1037
ZBNZXTGUTAYRHI-UHFFFAOYSA-N	unsuitables/dasatinib	2017-02-01	No	No	501089	0	0	0		1038
GCIKSSRWRFVXBI-UHFFFAOYSA-N	unsuitables/tozasertib	2017-02-01	No	No	567748	0	0	0		1039
JJWMRRNGWSITSQ-UHFFFAOYSA-N	unsuitables/upf1069	2017-01-31	No	No	1302916	0	0	0		1040
HAYYBYPASCDWEQ-UHFFFAOYSA-N	unsuitables/entrectinib	2017-02-01	No	No	849266	0	0	0		1041
GKEYKDOLBLYGRB-LGMDPLHJSA-N	unsuitables/famitinib	2017-02-01	No	No	265157	0	0	0		1042
JLYAXFNOILIKPP-KXQOOQHDSA-N	unsuitables/navitoclax	2017-01-31	No	Yes	997861	0	0	0		1043
UQTPDWDAYHAZNT-AWEZNQCLSA-N	unsuitables/ns-018	2017-02-01	No	No	147527	0	0	0		1044
WVXNSAVVKYZVOE-UHFFFAOYSA-N	unsuitables/rebastinib	2017-02-01	No	No	848780	0	0	0		1045
MLDQJTXFUGDVEO-UHFFFAOYSA-N	unsuitables/sorafenib	2017-02-01	No	No	429624	0	0	0		1046
UYJZZVDLGDDTCL-UHFFFAOYSA-N	unsuitables/pj34	2017-01-31	No	No	1321633	0	0	0		1047
WVMANZPBOBRWCB-UHFFFAOYSA-N	unsuitables/aloisine	2017-02-01	No	No	1264460	0	0	0		1048
QYPJBTMRYKRTFG-UHFFFAOYSA-N	unsuitables/maritoclax	2017-03-13	No	No	466403	0	0	0		1049
UUECJWRVDTUDCB-ISLYRVAYSA-N	unsuitables/ischemin	2017-03-07	Yes	Yes	1453644	0	0	0		1050
MDOJTZQKHMAPBK-UHFFFAOYSA-N	unsuitables/iniparib	2017-03-02	No	Yes	24483	0	0	0		1051
LLEJIEBFSOEYIV-UHFFFAOYSA-N	unsuitables/chelerythrine	2017-03-02	No	No	1688064	0	0	0		1052
PBJKWGWHZVXBGU-UHFFFAOYSA-N	unsuitables/apogossypol	2017-03-02	Yes	Yes	572876	0	0	0		1053
SXJDCULZDFWMJC-UHFFFAOYSA-N	unsuitables/ha14-1	2017-03-02	No	No	1596359	0	0	0		1054
HYTMVPCGCCQGST-JGUILPGDSA-N	unsuitables/bxi-61	2017-03-02	Yes	Yes	234445	0	0	0		1055
PQAPVTKIEGUPRN-UHFFFAOYSA-N	unsuitables/tw37	2017-03-02	Yes	Yes	839902	0	0	0		1056
WUGANDSUVKXMEC-UHFFFAOYSA-N	unsuitables/umi-77	2017-03-02	Yes	No	1829299	0	0	0		1057
YPSXFMHXRZAGTG-UHFFFAOYSA-N	unsuitables/bcl-2-inhibitor	2017-03-02	No	Yes	3312891	0	0	0		1058
ILMNSCQOSGKTNZ-NKWVEPMBSA-N	unsuitables/adenosine-dialdehyde	2017-03-07	No	Yes	1146558	0	0	0		1059
NAWIFPQLACUTSO-MXGDDHKLSA-N	unsuitables/mdl-28842	2017-03-07	No	Yes	1144457	0	0	0		1060
MUJOCHRZXRZONW-FOCLMDBBSA-N	unsuitables/methylstat	2017-03-07	No	Yes	719521	0	0	0		1061
AELCINSCMGFISI-DTWKUNHWSA-N	unsuitables/tranylcypromine	2017-03-07	No	No	45808	0	0	0		1062
ZJZCTCNQTXBBFZ-PLMZOXRSSA-N	unsuitables/mb-3	2017-03-07	No	Yes	3312903	0	0	0		1063
YGSDEFSMJLZEOE-UHFFFAOYSA-M	unsuitables/salicylate	2017-03-07	No	No	2880280	0	0	0		1064
JAXSELKSZJMFSA-UHFFFAOYSA-N	unsuitables/apha	2017-03-07	No	No	3312911	0	0	0		1065
PAWIYAYFNXQGAP-UHFFFAOYSA-N	unsuitables/quisinostat	2017-03-07	No	Yes	256735	0	0	0		1066
FPOHNWQLNRZRFC-ZHACJKMWSA-N	unsuitables/panobinostat	2017-03-07	Yes	Yes	1710013	0	0	0		1067
KGDMFBRXTHKRPA-GRCJMCHGSA-N	unsuitables/pandacostat	2017-03-07	Yes	Yes	1718170	0	0	0		1068
PTJGLFIIZFVFJV-UHFFFAOYSA-N	unsuitables/pyroxamide	2017-03-07	No	Yes	1123828	0	0	0		1069
MUTBJZVSRNUIHA-UHFFFAOYSA-N	unsuitables/r306465	2017-03-07	No	Yes	169499	0	0	0		1070
IDQPVOFTURLJPT-UHFFFAOYSA-N	unsuitables/sbha	2017-03-07	No	Yes	30287	0	0	0		1071
GYKLFBYWXZYSOW-UHFFFAOYSA-N	unsuitables/pivanex	2017-03-07	No	Yes	28056	0	0	0		1072
MIGJEXKBUJPKJF-UHFFFAOYSA-N	unsuitables/ms7972	2017-04-04	No	No	1119325	0	0	0		1073
RFTSSZJZXOSICM-GRSHGNNSSA-N	unsuitables/obatoclax	2017-03-02	No	No	1500972	0	0	0		1074
QBKSWRVVCFFDOT-UHFFFAOYSA-N	unsuitables/gossypol	2017-03-02	Yes	Yes	754444	0	0	0		1075
KLDXJTOLSGUMSJ-JGWLITMVSA-N	unsuitables/101	2017-03-02	No	No	56967	0	0	0		1076
UIFFUZWRFRDZJC-SBOOETFBSA-N	unsuitables/antimycin	2017-03-02	No	Yes	793808	0	0	0		1077
PRDFBSVERLRRMY-UHFFFAOYSA-N	unsuitables/bxi-72	2017-03-02	No	No	565476	0	0	0		1078
RGGFUBMUOVFZEF-LDRVEFRDSA-N	unsuitables/mim1	2017-03-02	Yes	Yes	1556735	0	0	0		1079
COHIEJLWRGREHV-XFFZJAGNSA-N	unsuitables/bh3i-1	2017-03-02	Yes	Yes	1320297	0	0	0		1080
YUYJEQHNWKQNBT-UHFFFAOYSA-N	unsuitables/lji308	2017-03-02	No	No	1868394	0	0	0		1081
OUKYUETWWIPKQR-UHFFFAOYSA-N	unsuitables/saracatinib	2017-03-02	No	No	766308	0	0	0		1082
WUUGFSXJNOTRMR-IOSLPCCCSA-N	unsuitables/5-methyl-thioadenosine	2017-03-07	No	No	1171526	0	0	0		1083
LMXOHSDXUQEUSF-YECHIGJVSA-N	unsuitables/sinefungin	2017-03-07	No	No	1823000	0	0	0		1084
IRSFLDGTOHBADP-UHFFFAOYSA-N	unsuitables/embelin	2017-03-07	Yes	Yes	1241811	0	0	0		1085
VCMMXZQDRFWYSE-UHFFFAOYSA-N	unsuitables/plumbagin	2017-03-07	Yes	Yes	30007	0	0	0		1086
FECGNJPYVFEKOD-VMPITWQZSA-N	unsuitables/resminostat	2017-03-07	No	Yes	1583363	0	0	0		1087
YALNUENQHAQXEA-UHFFFAOYSA-N	unsuitables/givinostat	2017-03-07	No	Yes	350456	0	0	0		1088
BWDQBBCUWLSASG-MDZDMXLPSA-N	unsuitables/dacinostat	2017-03-07	No	Yes	1902688	0	0	0		1089
IVTKCTFTVKYWIQ-WEVVVXLNSA-N	unsuitables/oxamflatin	2017-03-07	No	Yes	1496674	0	0	0		1090
MAUCONCHVWBMHK-UHFFFAOYSA-N	unsuitables/abexinostat	2017-03-07	No	Yes	256658	0	0	0		1091
NCNRHFGMJRPRSK-MDZDMXLPSA-N	unsuitables/belinostat	2017-03-07	No	Yes	1322821	0	0	0		1092
JHDKZFFAIZKUCU-ZRDIBKRKSA-N	unsuitables/pracinostat	2017-03-07	No	Yes	1718108	0	0	0		1093
JTDYUFSDZATMKU-UHFFFAOYSA-N	unsuitables/scriptaid	2017-03-07	No	Yes	1487542	0	0	0		1094
RTKIYFITIVXBLE-QEQCGCAPSA-N	unsuitables/trichostatin	2017-03-07	No	Yes	1317329	0	0	0		1095
MFBOGIVSZKQAPD-UHFFFAOYSA-M	unsuitables/butyrate	2017-03-07	No	No	1190	0	0	0		1096
NIJJYAXOARWZEE-UHFFFAOYSA-N	unsuitables/valproic-acid	2017-03-07	No	Yes	45378	0	0	0		1097
XHEFDIBZLJXQHF-UHFFFAOYSA-N	unsuitables/fisetin	2017-03-07	Yes	Yes	1234742	0	0	0		1098
CDRPUGZCRXZLFL-OWOJBTEDSA-N	unsuitables/piceatannol	2017-03-07	Yes	Yes	1066438	0	0	0		1099
NETXMUIMUZJUTB-UHFFFAOYSA-N	unsuitables/apabetalone	2017-03-07	No	No	1857922	0	0	0		1100
HUPFGZXOMWLGNK-UHFFFAOYSA-N	unsuitables/diflusinal	2017-03-20	No	No	1065883	0	0	0		1101
XGALLCVXEZPNRQ-UHFFFAOYSA-N	unsuitables/gefitinib	2017-03-21	No	No	337949	0	0	0		1102
AYMYWHCQALZEGT-ORCRQEGFSA-N	unsuitables/butein	2017-03-07	Yes	Yes	1166678	0	0	0		1103
DXDRHHKMWQZJHT-FPYGCLRLSA-N	unsuitables/isoliquiritigenin	2017-03-07	No	Yes	1116690	0	0	0		1104
KDPSGIFCBZTBEZ-UHFFFAOYSA-N	unsuitables/bic1	2017-03-07	No	Yes	1508966	0	0	0		1105
ZZZYHIMVKOHVIH-MWFXHRFLSA-N	unsuitables/brusatol	2017-03-17	No	Yes	720663	0	0	0		1106
QDKLRKZQSOQWJQ-SMDXAGPFSA-N	unsuitables/garcinol	2017-03-20	Yes	Yes	898879	0	0	0		1107
AJRGHIGYPXNABY-UHFFFAOYSA-N	unsuitables/pci-34051	2017-04-10	No	Yes	1358819	0	0	0		1108
JWOGUUIOCYMBPV-GMFLJSBRSA-N	unsuitables/apicidin	2017-04-11	No	No	902928	0	0	0		1109
VAZAPHZUAVEOMC-UHFFFAOYSA-N	unsuitables/ci-994	2017-04-11	No	Yes	1170255	0	0	0		1110
DLVJMFOLJOOWFS-VJIFSZOSSA-N	unsuitables/depudecin	2017-04-11	No	Yes	51775	0	0	0		1111
GNYCTMYOHGBSBI-KVUCBBCISA-N	unsuitables/hc-toxin	2017-04-11	No	Yes	3312889	0	0	0		1112
HRNLUBSXIHFDHP-UHFFFAOYSA-N	unsuitables/mocetinostat	2017-04-11	No	Yes	244348	0	0	0		1113
INVTYAOGFAGBOE-UHFFFAOYSA-N	unsuitables/entinostat	2017-04-11	No	Yes	1888264	0	0	0		1114
DEZFNHCVIZBHBI-ZHACJKMWSA-N	unsuitables/rottlerin	2017-06-27	No	No	754171	0	0	0		1115
URWCXPXBBITYLR-UHFFFAOYSA-N	unsuitables/th287	2017-07-08	No	No	1061093	0	0	0		1116
PVRYEWOXWGDQHA-URLMMPGGSA-N	unsuitables/nutlin-2	2017-06-02	No	No	847292	0	0	0		1117
UNXQGBMZYKHQCO-NVHWNKAKSA-N	unsuitables/mi-219	2017-06-02	No	No	724668	0	0	0		1118
RLUGRMMSGGKTPV-UHFFFAOYSA-N	unsuitables/mcl0527-3	2017-06-02	Yes	No	203147	0	0	0		1119
NNGMKDJOKUWNGN-NMMPVGNLSA-N	unsuitables/4-pbha	2017-04-11	No	Yes	1078674	0	0	0		1120
IYDMGGPKSVWQRT-UHFFFAOYSA-N	unsuitables/nutlin-1	2017-06-02	No	No	865782	0	0	0		1121
BDUHCSBCVGXTJM-WUFINQPMSA-N	unsuitables/nutlin-3a	2017-06-02	No	No	813911	0	0	0		1122
QZJRNGXHRQJBJH-UHFFFAOYSA-N	unsuitables/pb12	2017-06-02	No	No	432336	0	0	0		1123
FLEPRYJBTOPZTM-UKILVPOCSA-N	unsuitables/pb11	2017-06-02	No	No	391134	0	0	0		1124
HMKAZNCSHAJLSA-HIJQLYNKSA-N	unsuitables/am-8735	2017-06-06	No	No	777492	0	0	0	https://doi.org/10.1021/jm401767k|https://pubmed.ncbi.nlm.nih.gov/24548297	1125
XZFYSTPLSPZNKJ-UHFFFAOYSA-N	unsuitables/rh02007	2017-06-22	Yes	No	3312902	0	0	0		1126
ZFEXNHYQHDJAGL-UHFFFAOYSA-N	unsuitables/nsc83143	2017-06-22	No	No	3312905	0	0	0		1127
CGLMQIIIQWNAMG-UHFFFAOYSA-N	unsuitables/nsc135098	2017-06-22	No	Yes	3313081	0	0	0		1128
XKTMIJODWOEBKO-UHFFFAOYSA-M	unsuitables/acid green 3	2017-06-22	Yes	Yes	933654	0	0	0		1129
ASUGUQWIHMTFJL-QGZVFWFLSA-N	unsuitables/decernotinib	2017-06-26	No	No	113802	0	0	0		1130
ZHEHVZXPFVXKEY-LYGOBDSISA-N	unsuitables/kt5720	2017-06-27	No	No	3145847	0	0	0		1131
VLULRUCCHYVXOH-UHFFFAOYSA-N	unsuitables/onc201	2017-07-18	No	No	233041	0	0	0		1132
YRRAGUMVDQQZIY-UHFFFAOYSA-N	unsuitables/gossypetin	2017-06-22	Yes	Yes	1401932	0	0	0		1133
VWFIHGWHMXSTAO-UHFFFAOYSA-N	unsuitables/dshs00884	2017-06-22	No	No	1200722	0	0	0		1134
JPOAXWSMFOLMQH-UWWJMHSNSA-N	unsuitables/nsc117907	2017-06-22	No	No	3312910	0	0	0		1135
QKJRDUVFCNBDGG-YKXMQWBGSA-N	unsuitables/nsc216029	2017-06-22	No	Yes	3312907	0	0	0		1136
BGLPECHZZQDNCD-UHFFFAOYSA-N	unsuitables/cerdulatinib	2017-06-26	Yes	No	328588	0	0	0		1137
HWXVIOGONBBTBY-ONEGZZNKSA-N	unsuitables/pacritinib	2017-06-26	No	No	646856	0	0	0		1138
PNMYJIOQIAEYQL-UHFFFAOYSA-N	unsuitables/th588	2017-07-08	No	No	1157610	0	0	0		1139
KTEIFNKAUNYNJU-LBPRGKRZSA-N	unsuitables/s-crizotinib	2017-07-08	No	No	255181	0	0	0		1140
AVZCPICCWKMZDT-UHFFFAOYSA-N	unsuitables/gsk-j1	2017-07-08	No	No	207430	0	0	0		1141
KWUZCAVKPCRJPO-UHFFFAOYSA-N	unsuitables/thio-2	2017-07-08	No	No	3312908	0	0	0		1142
TZALECNALKOBPY-UHFFFAOYSA-N	unsuitables/thioflavin-s	2017-07-08	Yes	No	3313069	0	0	0		1143
RYCBSFIKWACFBY-UHFFFAOYSA-N	unsuitables/frax1036	2017-07-08	No	No	744970	0	0	0		1144
JVDOKQYTTYUYDV-UHFFFAOYSA-N	unsuitables/tg10129	2017-07-08	Yes	No	698084	0	0	0		1145
HHFBDROWDBDFBR-UHFFFAOYSA-N	unsuitables/mln8054	2017-07-08	No	No	575044	0	0	0		1146
ZIMMTPFXOMAJTQ-UHFFFAOYSA-N	unsuitables/apoptozole	2017-07-08	No	No	908308	0	0	0		1147
ZZUZYEMRHCMVTB-UHFFFAOYSA-N	unsuitables/pifithrin-mu	2017-07-08	No	No	8743	0	0	0		1148
HAGVCKULCLQGRF-UHFFFAOYSA-N	unsuitables/pifithrin-alpha	2017-07-08	Yes	No	1244293	0	0	0		1149
IMUKUMUNZJILCG-UHFFFAOYSA-N	unsuitables/pifithrin-beta	2017-07-08	No	No	1118708	0	0	0		1150
MMBSCBVEHMETSA-GDAWTGGTSA-N	unsuitables/mcb-613	2017-07-08	Yes	No	1433969	0	0	0		1151
LUYWAGVRXKSNLL-DEOSSOPVSA-N	unsuitables/k4f	2017-07-08	No	No	528188	0	0	0		1152
FDQXEDMRIBACLZ-UHFFFAOYSA-N	unsuitables/chembl3414768	2017-07-08	No	No	1221513	0	0	0		1153
GNFSYBNDPOBXLJ-PLNGDYQASA-N	unsuitables/chembl2179989	2017-07-08	No	Yes	1054590	0	0	0		1154
HWTVYWVFOWWESR-GFCCVEGCSA-N	unsuitables/chembl3092538	2017-07-08	No	No	1550908	0	0	0		1155
HRYKZAKEAVZGJD-UHFFFAOYSA-N	unsuitables/chembl483348	2017-07-08	No	No	8926	0	0	0		1156
VBHDTUSGPSUCNL-KRWDZBQOSA-N	unsuitables/chembl3092523	2017-07-08	No	No	114471	0	0	0		1157
HWTVYWVFOWWESR-LBPRGKRZSA-N	unsuitables/chembl3092539	2017-07-08	No	No	1550909	0	0	0		1158
NMZRTRAYSHQMPR-UHFFFAOYSA-N	unsuitables/chembl3416132	2017-07-08	No	No	14467	0	0	0		1159
ZHXIMGYEMBZGOI-UHFFFAOYSA-N	unsuitables/nsc-93392	2017-07-08	No	No	1065940	0	0	0		1160
DTMHAFMUJHYVGK-UHFFFAOYSA-N	unsuitables/chembl3589281	2017-07-08	No	No	1107538	0	0	0		1161
KXSIHXHEHABEJX-UHFFFAOYSA-N	unsuitables/620223	2017-07-08	No	No	1308630	0	0	0		1162
IJAPPYDYQCXOEF-UHFFFAOYSA-N	unsuitables/phthalazinone	2017-07-08	No	No	89399	0	0	0		1163
ZLYVTQGSZRQZLA-UHFFFAOYSA-N	unsuitables/gjw	2017-07-08	No	No	1181168	0	0	0		1164
NVVWVYYHTKCIAE-UHFFFAOYSA-N	unsuitables/bzc	2017-07-08	No	No	1166997	0	0	0		1165
GLBZSOQDAOLMGC-UHFFFAOYSA-N	unsuitables/amg-458	2017-07-08	No	No	817363	0	0	0		1166
AXRCEOKUDYDWLF-UHFFFAOYSA-N	unsuitables/enzastaurin	2017-07-08	No	Yes	795308	0	0	0		1167
VHBFFQKBGNRLFZ-UHFFFAOYSA-N	unsuitables/flavone	2017-07-08	No	No	1109148	0	0	0		1168
WHTVZRBIWZFKQO-UHFFFAOYSA-N	unsuitables/chloroquine	2017-07-08	No	No	1305871	0	0	0		1169
PPOQMSJVMJCEAI-UHFFFAOYSA-N	unsuitables/aj4	2017-07-08	No	No	1146534	0	0	0		1170
GNFSYBNDPOBXLJ-SNAWJCMRSA-N	unsuitables/chembl2179988	2017-07-08	No	Yes	1054589	0	0	0		1171
NZSKSXWSNJEOQY-UHFFFAOYSA-N	unsuitables/chembl3593715	2017-07-08	No	No	1570026	0	0	0		1172
INPZIMSQNZGLHQ-JTQLQIEISA-N	unsuitables/chembl3092521	2017-07-08	No	No	1284750	0	0	0		1173
YAXDRRKYLDEMKO-INIZCTEOSA-N	unsuitables/chembl3092544	2017-07-08	No	No	1653084	0	0	0		1174
XFDUHJPVQKIXHO-UHFFFAOYSA-N	unsuitables/3-aminobenzoic-acid	2017-07-08	No	No	56288	0	0	0		1175
YWPMKTWUFVOFPL-UHFFFAOYSA-N	unsuitables/chembl1688212	2017-07-08	No	No	3985	0	0	0		1176
ISZWRZGKEWQACU-UHFFFAOYSA-N	unsuitables/nsc-22356	2017-07-08	No	No	1068678	0	0	0		1177
PVFGJHYLIHMCQD-UHFFFAOYSA-N	unsuitables/chembl301624	2017-07-08	Yes	Yes	1172273	0	0	0		1178
SQVXWIUVAILQRH-UHFFFAOYSA-N	unsuitables/nsc-123414	2017-07-08	No	No	1161709	0	0	0		1179
ZGSXEXBYLJIOGF-ALFLXDJESA-N	unsuitables/iwr-1	2017-07-08	No	Yes	344422	0	0	0		1180
PISBNXWDAGANOP-UHFFFAOYSA-N	unsuitables/ag-014376	2017-07-08	No	No	1499401	0	0	0		1181
HGEPGGJUGUMFHT-UHFFFAOYSA-N	unsuitables/ku-0058948	2017-07-08	No	No	1903925	0	0	0		1182
YQSZNYLPVBOGPO-UHFFFAOYSA-N	unsuitables/ku-58684	2017-07-08	No	No	1696288	0	0	0		1183
SDXBGOVSVBZDFL-UHFFFAOYSA-N	unsuitables/cep-6800	2017-07-08	No	Yes	1401652	0	0	0		1184
UVSVTDVJQAJIFG-VURMDHGXSA-N	unsuitables/lfm-a13	2017-07-08	No	Yes	99599	0	0	0		1185
ZRWNRAJCPNLYAK-UHFFFAOYSA-N	unsuitables/4-bromo-benzamide	2017-07-08	No	No	56360	0	0	0		1186
SQCWABLHLAOJBR-UHFFFAOYSA-N	unsuitables/wlh	2017-07-08	No	No	1107542	0	0	0		1187
LPTGUSPVGHUCQF-UHFFFAOYSA-N	unsuitables/ruski-41	2020-03-05	No	No	3312888	0	0	0	https://doi.org/10.1021/acschembio.6b00896	1188
AEENEMOEBJOKGN-UHFFFAOYSA-N	unsuitables/ruski-43	2020-03-05	No	No	1861430	0	0	0	https://doi.org/10.1021/acschembio.6b00896	1188
AYUNIORJHRXIBJ-TXHRRWQRSA-N	unsuitables/tanespimycin-17-aag	2020-12-02	Yes	Yes	866964	0	0	0		1189
CYPYTURSJDMMMP-WVCUSYJESA-N	unsuitables/tris-dba-palladium	2021-05-27	No	Yes	3313089	0	0	0		1190
XUSDVLHKNBOGJY-UHFFFAOYSA-N	unsuitables/d-nmappd	2021-05-27	No	Yes	296713	0	0	0		1191
JYZJYKOZGGEXSX-UHFFFAOYSA-N	unsuitables/2-hydroxymyristic-acid	2021-05-27	No	Yes	1052019	0	0	0		1192
CSWHYHPUEDNIQY-UHFFFAOYSA-N	unsuitables/ihap1	2022-09-21	No	No	1610895	0	0	0		1193
PHCFSFBQEROREL-BQBZGAKWSA-N	unsuitables/talabostat	2021-03-29	No	Yes	27596	0	0	0		1194
WGKGADVPRVLHHZ-ZHRMCQFGSA-N	unsuitables/dt-061	2022-09-21	No	No	2912974	0	0	0		1195
QMGUOJYZJKLOLH-UHFFFAOYSA-N	unsuitables/gf109203x	2017-07-20	No	Yes	321917	0	0	0		1196
QGZYDVAGYRLSKP-UHFFFAOYSA-N	unsuitables/ricolinostat	2023-01-12	No	Yes	3450665	0	0	0		1197
OBKXEAXTFZPCHS-UHFFFAOYSA-N	unsuitables/phenylbutyrate	2023-03-31	No	No	7664	0	0	0		1198
DGEZNRSVGBDHLK-UHFFFAOYSA-N	unsuitables/phenanthroline	2023-05-09	No	No	31029	0	0	0		1199
GSCPDZHWVNUUFI-UHFFFAOYSA-N	unsuitables/3-aminobenzamide	2017-02-01	No	No	67064	0	0	0		1200
TUCIOBMMDDOEMM-RIYZIHGNSA-N	unsuitables/ag490	2024-02-19	Yes	Yes	3444910	0	0	0		1201
HKSZLNNOFSGOKW-FYTWVXJKSA-N	unsuitables/staurosporine	2016-12-09	No	No	624063	0	0	0		1202
OPQRFPHLZZPCCH-PGMHBOJBSA-N	unsuitables/ldn-57444	2023-06-19	No	Yes	1660579	0	0	0		1203
PCOXPBOKDABARQ-UHFFFAOYSA-N	unsuitables/nsc617145	2024-08-14	No	Yes	1443338	0	0	0		1204
YXEWPGYLMHXLPS-UHFFFAOYSA-N	unsuitables/nsc19630	2024-08-14	No	Yes	20808	0	0	0		1205
WMCOYUSJXXCHFH-UHFFFAOYSA-N	unsuitables/ml216	2024-08-14	No	No	1756830	0	0	0		1206
HUQKUJNSVHEHIH-UHFFFAOYSA-N	unsuitables/an2	2024-12-12	No	No	1129932	0	0	0		1207
LMXYVLFTZRPNRV-KMKOMSMNSA-N	unsuitables/gw-5074	2024-12-12	No	No	1236171	0	0	0		1208
GPKLWRHHVIBYEO-KMKOMSMNSA-N	unsuitables/an1	2024-12-12	Yes	Yes	4205887	0	0	0		1209
CZQHHVNHHHRRDU-UHFFFAOYSA-N	unsuitables/ly294002	2016-12-15	No	No	1394412	0	0	0		1210
