target_id	type	name
1	protein	SGK1
2	protein	MEN1
3	protein	CBX4
4	protein	CDC7
5	protein	PIK3CD
6	protein	POLRMT
7	protein	PLK4
8	protein	PSMD14
9	protein	FAAH
10	protein	PIR
11	protein	CES2
12	protein	ACACB
13	protein	CIT
14	protein	ADAM10
15	protein	PTGES
16	protein	MAP2K7
17	protein	PRMT5
18	protein	CHEK1
19	protein	FFAR1
20	protein	IKBKB
21	protein	CASK
22	protein	PLD2
23	protein	AURKA
24	protein	GAK
25	protein	KDM6B
26	protein	DCLK1
27	protein	NPC1
28	protein	TRIM24
29	protein	OGT
30	protein	PPM1D
31	protein	HDAC3
32	protein	BCAT2
33	protein	SLC16A3
34	protein	PDPK1
35	protein	KDM6A
36	protein	FFAR2
37	protein	KCNN4
38	protein	PHGDH
39	protein	GPR39
40	protein	MAP3K7
41	protein	RIPK2
42	protein	KCNQ2
43	protein	HCRTR1
44	protein	HCRTR2
45	protein	BUB1
46	protein	CYTH3
47	protein	PRKN
48	protein	NUAK1
49	protein	KDM1A
50	protein	OGA
51	protein	NMT2
52	protein	JAK2
53	protein	PRMT3
54	protein	HCN1
55	protein	BRD4
56	protein	CTSV
57	protein	ROCK2
58	protein	KDM4A
59	protein	NDUFS2
60	protein	ULK1
61	protein	POLQ
62	protein	ERN1
63	protein	EED
64	protein	CRCP
65	protein	SNRNP200
66	protein	STK16
67	protein	TRPA1
68	protein	IDH1
69	protein	DGAT1
70	protein	PAK3
71	protein	CDKL5
72	protein	PDE9A
73	protein	STK17B
74	protein	USP1
75	protein	CDK14
76	protein	GLS
77	protein	KDM4B
78	protein	KCNK2
79	protein	KAT7
80	protein	TNKS
81	protein	VNN1
82	protein	BRD1
83	protein	WIZ
84	protein	LATS1
85	protein	NUDT14
86	protein	CBX7
87	protein	PAK4
88	protein	CHEK2
89	protein	NSD2
90	protein	LDHA
91	protein	ALDH1A1
92	protein	ABL1
93	protein	EGFR
94	protein	CFB
95	protein	REN
96	protein	CA2
97	protein	NRAS
98	protein	HRAS
99	protein	KRAS
100	protein	TGFB1
101	protein	ESR1
102	protein	F11
103	protein	HMGCR
104	protein	NR3C1
105	protein	ERBB2
106	protein	NTRK1
107	protein	INSR
108	protein	LCK
109	protein	FYN
110	protein	CDK1
111	protein	ATP5F1B
112	protein	LDHB
113	protein	CSF1R
114	protein	TUBB
115	protein	ADRB2
116	protein	CTSL
117	protein	HSP90AA1
118	protein	YES1
119	protein	LYN
120	protein	RET
121	protein	IGF1R
122	protein	CHRM2
123	protein	CHRM4
124	protein	NR3C2
125	protein	HSP90AB1
126	protein	ELANE
127	protein	MET
128	protein	F7
129	protein	ROS1
130	protein	PDGFRB
131	protein	PARP1
132	protein	UCHL1
133	protein	LTA4H
134	protein	AR
135	protein	BCL2
136	protein	MAPT
137	protein	KIT
138	protein	SLC2A1
139	protein	CHRM1
140	protein	PIM1
141	protein	FGFR1
142	protein	MTHFD1
143	protein	CETP
144	protein	CDK4
145	protein	SRC
146	protein	CFTR
147	protein	MTHFD2
148	protein	MIF
149	protein	INSRR
150	protein	IDO1
151	protein	BRAF
152	protein	GSPT1
153	protein	PDGFRA
154	protein	PTPN2
155	protein	FLT1
156	protein	PTPN1
157	protein	ADRA2B
158	protein	CYP11B2
159	protein	SLC9A1
160	protein	CSNK2A2
161	protein	RXRA
162	protein	ALOX5AP
163	protein	CHRM3
164	protein	ITGAL
165	protein	TACR2
166	protein	S1PR1
167	protein	CNR1
168	protein	NT5E
169	protein	TAF1
170	protein	C5AR1
171	protein	FGFR2
172	protein	ERBB3
173	protein	DRD4
174	protein	UBA1
175	protein	ENPP1
176	protein	FGFR4
177	protein	FGFR3
178	protein	LHCGR
179	protein	PTGS1
180	protein	JAK1
181	protein	DGKA
182	protein	CMA1
183	protein	EDNRB
184	protein	CDK2
185	protein	FPR2
186	protein	GRK2
187	protein	ADRA1D
188	protein	EDNRA
189	protein	TACR1
190	protein	PTAFR
191	protein	F2R
192	protein	BRD2
193	protein	CTSS
194	protein	NPY1R
195	protein	DNMT1
196	protein	MAPK3
197	protein	PSMB9
198	protein	HTR1D
199	protein	HTR2A
200	protein	HTR2C
201	protein	TEAD1
202	protein	MAPK1
203	protein	RXRB
204	protein	GRN
205	protein	HSD11B1
206	protein	ADORA2A
207	protein	ADORA2B
208	protein	TACR3
209	protein	TYK2
210	protein	WEE1
211	protein	NMT1
212	protein	AVPR2
213	protein	AXL
214	protein	OXTR
215	protein	GNRHR
216	protein	MAT2A
217	protein	SLC5A2
218	protein	GABRA5
219	protein	SLC6A4
220	protein	AKT1
221	protein	AKT2
222	protein	ATIC
223	protein	CCKBR
224	protein	MC4R
225	protein	CCR1
226	protein	BRS3
227	protein	SSTR3
228	protein	TTK
229	protein	EPHX2
230	protein	HTR7
231	protein	PTGER4
232	protein	DRD3
233	protein	GCK
234	protein	TIE1
235	protein	FLT4
236	protein	KDR
237	protein	MAP2K2
238	protein	CHRNA7
239	protein	NUDT1
240	protein	FLT3
241	protein	ACVR1B
242	protein	TGFBR1
243	protein	GPX4
244	protein	ACVRL1
245	protein	SCNN1A
246	protein	AVPR1A
247	protein	SNCA
248	protein	FEN1
249	protein	MMP12
250	protein	VHL
251	protein	STAT3
252	protein	OPRD1
253	protein	OPRK1
254	protein	OPRL1
255	protein	BCL6
256	protein	ADCYAP1R1
257	protein	GRM5
258	protein	HTR2B
259	protein	STAT6
260	protein	AKR1C3
261	protein	PIK3CA
262	protein	PIK3CB
263	protein	MTOR
264	protein	MLLT3
265	protein	SLC1A3
266	protein	SLC1A2
267	protein	PTGFR
268	protein	PTGER2
269	protein	PTGIR
270	protein	CTSK
271	protein	NR4A2
272	protein	SYK
273	protein	NAMPT
274	protein	MMP13
275	protein	MAPK8
276	protein	MAPK9
277	protein	MAP2K4
278	protein	CCR10
279	protein	BDKRB1
280	protein	MTNR1A
281	protein	PIP4K2A
282	protein	RXRG
283	protein	CSNK1D
284	protein	IDH2
285	protein	PIK3CG
286	protein	SLC9A3
287	protein	MAPKAPK2
288	protein	NPY2R
289	protein	MTNR1B
290	protein	FASN
291	protein	CDK8
292	protein	FNTB
293	protein	CSNK1E
294	protein	CLK1
295	protein	CLK2
296	protein	CLK3
297	protein	PSEN1
298	protein	EIF2B2
299	protein	GSK3A
300	protein	GSK3B
301	protein	KHK
302	protein	METAP2
303	protein	CDK7
304	protein	CDK9
305	protein	SCNN1B
306	protein	SCNN1G
307	protein	RORC
308	protein	SMARCA2
309	protein	SMARCA4
310	protein	IRAK1
311	protein	CCR5
312	protein	STAT5B
313	protein	KCNQ1
314	protein	CLCN2
315	protein	RPS6KA3
316	protein	BMX
317	protein	NEK2
318	protein	JAK3
319	protein	KIF11
320	protein	PLK1
321	protein	LIMK1
322	protein	LIMK2
323	protein	MAPK10
324	protein	SLC16A1
325	protein	BCAT1
326	protein	PDE1A
327	protein	NR1H2
328	protein	VCP
329	protein	BRPF1
330	protein	P2RX3
331	protein	BACE1
332	protein	SIK1
333	protein	KCNK10
334	protein	ADAMTS12
335	protein	SEC61A1
336	protein	WDR5
337	protein	FKBP1A
338	protein	ACTG2
339	protein	CSNK2A1
340	protein	PIP4K2B
341	protein	SRPK2
342	protein	PRKDC
343	protein	MAP3K9
344	protein	CDK6
345	protein	CDK5
346	protein	CDK16
347	protein	CDK17
348	protein	MDM2
349	protein	PDE1B
350	protein	MC2R
351	protein	DHODH
352	protein	MAP2K1
353	protein	TEK
354	protein	MAP3K10
355	protein	MLLT1
356	protein	KMT2A
357	protein	PPARD
358	protein	ACVR1
359	protein	MST1R
360	protein	PTK2
361	protein	LIPE
362	protein	PTPN11
363	protein	BTK
364	protein	SLC34A1
365	protein	CDK18
366	protein	PDE4B
367	protein	BCL2L1
368	protein	MCL1
369	protein	PPARA
370	protein	SOS1
371	protein	TNK2
372	protein	DHX9
373	protein	DDR1
374	protein	ITK
375	protein	ABCC8
376	protein	EP300
377	protein	MGAT2
378	protein	BPTF
379	protein	MAP3K12
380	protein	MERTK
381	protein	GRIN2A
382	protein	ACACA
383	protein	PRKAA1
384	protein	NR1H3
385	protein	PAK1
386	protein	MAP2K5
387	protein	MAPK7
388	protein	PAK2
389	protein	CBLB
390	protein	ATM
391	protein	PLD1
392	protein	IKZF1
393	protein	FKBP5
394	protein	ROCK1
395	protein	PIN1
396	protein	ATR
397	protein	RIPK1
398	protein	HDAC1
399	protein	DGKZ
400	protein	DYRK1A
401	protein	ENPP2
402	protein	BMPR2
403	protein	PTK6
404	protein	CDK13
405	protein	PDE1C
406	protein	KEAP1
407	protein	IKBKE
408	protein	WRN
409	protein	PTK2B
410	protein	PDE3A
411	protein	KCNJ11
412	protein	MELK
413	protein	GRM4
414	protein	SUZ12
415	protein	SETDB1
416	protein	BRD3
417	protein	CDK10
418	protein	NONO
419	protein	RPS6KA2
420	protein	P2RY14
421	protein	RPS6KA1
422	protein	CYTH1
423	protein	TEAD4
424	protein	TEAD2
425	protein	ELAVL1
426	protein	GPR68
427	protein	MAPK11
428	protein	CHRNA6
429	protein	SCN9A
430	protein	EZH2
431	protein	NTRK3
432	protein	MAPK14
433	protein	MAP3K11
434	protein	NTRK2
435	protein	UGCG
436	protein	DDR2
437	protein	AAK1
438	protein	PARP6
439	protein	KMT5B
440	protein	SPIN4
441	protein	BRDT
442	protein	TMEM97
443	protein	SPIN3
444	protein	FFAR4
445	protein	LRRK2
446	protein	TTBK1
447	protein	ABHD17B
448	protein	HHAT
449	protein	KDM4D
450	protein	FAAH2
451	protein	TTBK2
452	protein	PRMT9
453	protein	PKN3
454	protein	ALKBH5
455	protein	ATAD2
456	protein	DPP8
457	protein	NPSR1
458	protein	USP30
459	protein	SV2A
460	protein	TAOK1
461	protein	SLC26A9
462	protein	TRPM8
463	protein	TIPARP
464	protein	HSD17B13
465	protein	DPP9
466	protein	METTL3
467	protein	PBRM1
468	protein	PIM3
469	protein	MOGAT3
470	protein	PARG
471	protein	STING1
472	protein	CARM1
473	protein	KMT5C
474	protein	SLC13A5
475	protein	MYLK4
476	protein	CAMK1D
477	protein	GID4
478	protein	SIRT2
479	protein	GSPT2
480	protein	ULK2
481	protein	TAF1L
482	protein	ABHD12
483	protein	DCLK2
484	protein	CAMKK1
485	protein	CGAS
486	protein	MLKL
487	protein	DAGLB
488	protein	PIK3C3
489	protein	TRPV1
490	protein	WDR48
491	protein	UBA3
492	protein	PIP4K2C
493	protein	ACMSD
494	protein	NEK7
495	protein	PANK1
496	protein	DOT1L
497	protein	SETD7
498	protein	KAT6B
499	protein	LPAR1
500	protein	HDAC2
501	protein	CREBBP
502	protein	KAT6A
503	protein	EZH1
504	protein	KAT2A
505	protein	KAT2B
506	protein	MAP4K1
507	protein	USP7
508	protein	KISS1R
509	protein	HDAC10
510	protein	SGK3
511	protein	AURKB
512	protein	MASTL
513	protein	L3MBTL3
514	protein	EHMT2
515	protein	PRMT6
516	protein	MRGPRX2
517	protein	NLRP3
518	protein	DGAT2
519	protein	ADCY10
520	protein	SMG1
521	protein	CDK15
522	protein	NR1H4
523	protein	CAMKK2
524	protein	SRPK1
525	protein	CRBN
526	protein	CYTH2
527	protein	GPER1
528	protein	LGMN
529	protein	MAP3K14
530	protein	P2RX4
531	protein	P2RX7
532	protein	TEAD3
533	protein	PKMYT1
534	protein	SDHC
535	protein	MGLL
536	protein	EPAS1
537	protein	SPIN2A
538	protein	PRMT1
539	protein	SPIN2B
540	protein	MKNK1
541	protein	ABHD6
542	protein	RIOK2
543	protein	CDK19
544	protein	CECR2
545	protein	HDAC8
546	protein	SETD2
547	protein	PANK2
548	protein	NSD3
549	protein	FTO
550	protein	GPR88
551	protein	EGLN1
552	protein	SLC5A7
553	protein	NUAK2
554	protein	BRD8
555	protein	SIK2
556	protein	TNKS2
557	protein	HRH4
558	protein	KDM4C
559	protein	PLK3
560	protein	DCTPP1
561	protein	SMYD3
562	protein	BRD9
563	protein	MTHFD2L
564	protein	PANK3
565	protein	EHMT1
566	protein	CLK4
567	protein	TRPV4
568	protein	MKNK2
569	protein	LTB4R2
570	protein	BRD7
571	protein	PAK6
572	protein	PRDM9
573	protein	PRMT8
574	protein	ASH1L
575	protein	TLR8
576	protein	SMYD2
577	protein	LATS2
578	protein	CYSLTR2
579	protein	RXFP3
580	protein	BMP2K
581	protein	NUDT15
582	protein	PRMT7
583	protein	SMOX
584	protein	IRAK4
585	protein	TLR7
586	protein	CDK12
587	protein	PLK2
588	protein	EIF2AK3
589	protein	CD274
590	protein	PIM2
591	protein	PAK5
592	protein	STK26
593	protein	SAE1
594	protein	TRPC4
595	protein	HDAC6
596	protein	SPAST
597	protein	UBA2
598	protein	MALT1
599	protein	STK17A
600	protein	PARP2
601	protein	TBK1
602	protein	BAZ2B
603	protein	BAZ2A
604	protein	RPS6KA6
605	protein	USP21
606	protein	TNIK
607	protein	NUDT5
608	protein	ADAMTS7
609	protein	IKZF2
610	protein	IKZF3
611	protein	TAOK2
612	protein	TRPC5
613	protein	PADI1
614	protein	BRPF3
615	protein	ATAD2B
616	protein	PADI3
617	protein	PADI4
618	protein	ALK
619	protein	ABCG2
620	protein	GPR132
621	protein	SRPK3
622	protein	EXO1
623	protein	CDK11A
624	protein	AURKC
625	protein	PDE10A
626	protein	AKT3
627	protein	PIKFYVE
628	protein	PADI2
629	protein	SIK3
630	protein	GPR52
631	protein	SLC6A5
632	protein	DYRK1B
633	protein	DCAF1
634	protein	PPME1
635	protein	RIPK3
636	protein	N6AMT1
637	protein	PTGDR2
638	protein	SCN10A
639	protein	BACE2
640	protein	IRAK3
641	protein	SPIN1
642	protein	TACC3
643	protein	STK24
644	protein	NCOA3
