uniprot_id	target_key	hgnc	species
Q8N5Z0	AADAT	AADAT	Homo sapiens (Human)
Q2M2I8	AAK1	AAK1	Homo sapiens (Human)
P80404	ABAT	ABAT	Homo sapiens (Human)
O95477	ABCA1	ABCA1	Homo sapiens (Human)
P08183	ABCB1	ABCB1	Homo sapiens (Human)
P33527	ABCC1	ABCC1	Homo sapiens (Human)
Q92887	ABCC2	ABCC2	Homo sapiens (Human)
O15438	ABCC3	ABCC3	Homo sapiens (Human)
O15439	ABCC4	ABCC4	Homo sapiens (Human)
O15440	ABCC5	ABCC5	Homo sapiens (Human)
Q09428	ABCC8	ABCC8	Homo sapiens (Human)
O60706	ABCC9	ABCC9	Homo sapiens (Human)
Q9UNQ0	ABCG2	ABCG2	Homo sapiens (Human)
O95870	ABHD16A	ABHD16A	Homo sapiens (Human)
Q9BV23	ABHD6	ABHD6	Homo sapiens (Human)
P00519	ABL1	ABL1	Homo sapiens (Human)
P42684	ABL2	ABL2	Homo sapiens (Human)
P42765	ACAA2	ACAA2	Homo sapiens (Human)
Q13085	ACACA	ACACA	Homo sapiens (Human)
O00763	ACACB	ACACB	Homo sapiens (Human)
P45954	ACADSB	ACADSB	Homo sapiens (Human)
P24752	ACAT1	ACAT1	Homo sapiens (Human)
Q9BWD1	ACAT2	ACAT2	Homo sapiens (Human)
P12821	ACE	ACE	Homo sapiens (Human)
Q9BYF1	ACE2	ACE2	Homo sapiens (Human)
P22303	ACHE	ACHE	Homo sapiens (Human)
P25106	ACKR3	ACKR3	Homo sapiens (Human)
P53396	ACLY	ACLY	Homo sapiens (Human)
Q8TDX5	ACMSD	ACMSD	Homo sapiens (Human)
P24666	ACP1	ACP1	Homo sapiens (Human)
P15309	ACP3	ACP3	Homo sapiens (Human)
P68133	ACTA1	ACTA1	Homo sapiens (Human)
P60709	ACTB	ACTB	Homo sapiens (Human)
P61160	ACTR2	ACTR2	Homo sapiens (Human)
P61158	ACTR3	ACTR3	Homo sapiens (Human)
Q04771	ACVR1	ACVR1	Homo sapiens (Human)
P36896	ACVR1B	ACVR1B	Homo sapiens (Human)
P37023	ACVRL1	ACVRL1	Homo sapiens (Human)
P00813	ADA	ADA	Homo sapiens (Human)
O14672	ADAM10	ADAM10	Homo sapiens (Human)
O43184	ADAM12	ADAM12	Homo sapiens (Human)
P78536	ADAM17	ADAM17	Homo sapiens (Human)
O75173	ADAMTS4	ADAMTS4	Homo sapiens (Human)
Q9UNA0	ADAMTS5	ADAMTS5	Homo sapiens (Human)
P55265	ADAR	ADAR	Homo sapiens (Human)
Q08828	ADCY1	ADCY1	Homo sapiens (Human)
Q96PN6	ADCY10	ADCY10	Homo sapiens (Human)
Q08462	ADCY2	ADCY2	Homo sapiens (Human)
O60266	ADCY3	ADCY3	Homo sapiens (Human)
Q8NFM4	ADCY4	ADCY4	Homo sapiens (Human)
O95622	ADCY5	ADCY5	Homo sapiens (Human)
O43306	ADCY6	ADCY6	Homo sapiens (Human)
P51828	ADCY7	ADCY7	Homo sapiens (Human)
P40145	ADCY8	ADCY8	Homo sapiens (Human)
O60503	ADCY9	ADCY9	Homo sapiens (Human)
P18509	ADCYAP1	ADCYAP1	Homo sapiens (Human)
P11766	ADH5	ADH5	Homo sapiens (Human)
Q96A54	ADIPOR1	ADIPOR1	Homo sapiens (Human)
Q86V24	ADIPOR2	ADIPOR2	Homo sapiens (Human)
P55263	ADK	ADK	Homo sapiens (Human)
P30542	ADORA1	ADORA1	Homo sapiens (Human)
P29274	ADORA2A	ADORA2A	Homo sapiens (Human)
P29275	ADORA2B	ADORA2B	Homo sapiens (Human)
P0DMS8	ADORA3	ADORA3	Homo sapiens (Human)
P35348	ADRA1A	ADRA1A	Homo sapiens (Human)
P35368	ADRA1B	ADRA1B	Homo sapiens (Human)
P25100	ADRA1D	ADRA1D	Homo sapiens (Human)
P08913	ADRA2A	ADRA2A	Homo sapiens (Human)
P18089	ADRA2B	ADRA2B	Homo sapiens (Human)
P18825	ADRA2C	ADRA2C	Homo sapiens (Human)
P08588	ADRB1	ADRB1	Homo sapiens (Human)
P07550	ADRB2	ADRB2	Homo sapiens (Human)
P13945	ADRB3	ADRB3	Homo sapiens (Human)
O15120	AGPAT2	AGPAT2	Homo sapiens (Human)
P30556	AGTR1	AGTR1	Homo sapiens (Human)
P50052	AGTR2	AGTR2	Homo sapiens (Human)
P23526	AHCY	AHCY	Homo sapiens (Human)
P35869	AHR	AHR	Homo sapiens (Human)
P00568	AK1	AK1	Homo sapiens (Human)
P54819	AK2	AK2	Homo sapiens (Human)
Q9UIJ7	AK3	AK3	Homo sapiens (Human)
P27144	AK4	AK4	Homo sapiens (Human)
Q9Y6K8	AK5	AK5	Homo sapiens (Human)
Q9Y3D8	AK6	AK6	Homo sapiens (Human)
Q96M32	AK7	AK7	Homo sapiens (Human)
Q96MA6	AK8	AK8	Homo sapiens (Human)
Q5TCS8	AK9	AK9	Homo sapiens (Human)
Q12802	AKAP13	AKAP13	Homo sapiens (Human)
P14550	AKR1A1	AKR1A1	Homo sapiens (Human)
P15121	AKR1B1	AKR1B1	Homo sapiens (Human)
O60218	AKR1B10	AKR1B10	Homo sapiens (Human)
Q04828	AKR1C1	AKR1C1	Homo sapiens (Human)
P42330	AKR1C3	AKR1C3	Homo sapiens (Human)
P31749	AKT1	AKT1	Homo sapiens (Human)
P31751	AKT2	AKT2	Homo sapiens (Human)
Q9Y243	AKT3	AKT3	Homo sapiens (Human)
P00352	ALDH1A1	ALDH1A1	Homo sapiens (Human)
O94788	ALDH1A2	ALDH1A2	Homo sapiens (Human)
P05091	ALDH2	ALDH2	Homo sapiens (Human)
P30838	ALDH3A1	ALDH3A1	Homo sapiens (Human)
P51649	ALDH5A1	ALDH5A1	Homo sapiens (Human)
P49419	ALDH7A1	ALDH7A1	Homo sapiens (Human)
Q9UM73	ALK	ALK	Homo sapiens (Human)
Q96Q83	ALKBH3	ALKBH3	Homo sapiens (Human)
P18054	ALOX12	ALOX12	Homo sapiens (Human)
P16050	ALOX15	ALOX15	Homo sapiens (Human)
O15296	ALOX15B	ALOX15B	Homo sapiens (Human)
P09917	ALOX5	ALOX5	Homo sapiens (Human)
P20292	ALOX5AP	ALOX5AP	Homo sapiens (Human)
P09923	ALPI	ALPI	Homo sapiens (Human)
P05186	ALPL	ALPL	Homo sapiens (Human)
P05187	ALPP	ALPP	Homo sapiens (Human)
P17707	AMD1	AMD1	Homo sapiens (Human)
P23109	AMPD1	AMPD1	Homo sapiens (Human)
Q01433	AMPD2	AMPD2	Homo sapiens (Human)
Q01432	AMPD3	AMPD3	Homo sapiens (Human)
Q9UJX3	ANAPC7	ANAPC7	Homo sapiens (Human)
Q5XXA6	ANO1	ANO1	Homo sapiens (Human)
P15144	ANPEP	ANPEP	Homo sapiens (Human)
Q16853	AOC3	AOC3	Homo sapiens (Human)
P02743	APCS	APCS	Homo sapiens (Human)
P13798	APEH	APEH	Homo sapiens (Human)
P27695	APEX1	APEX1	Homo sapiens (Human)
Q96BI3	APH1A	APH1A	Homo sapiens (Human)
Q8WW43	APH1B	APH1B	Homo sapiens (Human)
P35414	APLNR	APLNR	Homo sapiens (Human)
P04114	APOB	APOB	Homo sapiens (Human)
P05067	APP	APP	Homo sapiens (Human)
P29972	AQP1	AQP1	Homo sapiens (Human)
P55087	AQP4	AQP4	Homo sapiens (Human)
P10275	AR	AR	Homo sapiens (Human)
P84077	ARF1	ARF1	Homo sapiens (Human)
P18085	ARF4	ARF4	Homo sapiens (Human)
Q8N6T3	ARFGAP1	ARFGAP1	Homo sapiens (Human)
Q9Y6D6	ARFGEF1	ARFGEF1	Homo sapiens (Human)
Q9Y6D5	ARFGEF2	ARFGEF2	Homo sapiens (Human)
P05089	ARG1	ARG1	Homo sapiens (Human)
P78540	ARG2	ARG2	Homo sapiens (Human)
O14497	ARID1A	ARID1A	Homo sapiens (Human)
P32121	ARRB2	ARRB2	Homo sapiens (Human)
Q13510	ASAH1	ASAH1	Homo sapiens (Human)
P78348	ASIC1	ASIC1	Homo sapiens (Human)
Q9UHC3	ASIC3	ASIC3	Homo sapiens (Human)
Q6PL18	ATAD2	ATAD2	Homo sapiens (Human)
Q9ULI0	ATAD2B	ATAD2B	Homo sapiens (Human)
Q96QE3	ATAD5	ATAD5	Homo sapiens (Human)
Q9Y4P1	ATG4B	ATG4B	Homo sapiens (Human)
P31939	ATIC	ATIC	Homo sapiens (Human)
Q13315	ATM	ATM	Homo sapiens (Human)
O00244	ATOX1	ATOX1	Homo sapiens (Human)
P05023	ATP1A1	ATP1A1	Homo sapiens (Human)
P50993	ATP1A2	ATP1A2	Homo sapiens (Human)
P13637	ATP1A3	ATP1A3	Homo sapiens (Human)
Q13733	ATP1A4	ATP1A4	Homo sapiens (Human)
P05026	ATP1B1	ATP1B1	Homo sapiens (Human)
P14415	ATP1B2	ATP1B2	Homo sapiens (Human)
P54709	ATP1B3	ATP1B3	Homo sapiens (Human)
Q9UN42	ATP1B4	ATP1B4	Homo sapiens (Human)
O14983	ATP2A1	ATP2A1	Homo sapiens (Human)
P16615	ATP2A2	ATP2A2	Homo sapiens (Human)
Q93084	ATP2A3	ATP2A3	Homo sapiens (Human)
P20648	ATP4A	ATP4A	Homo sapiens (Human)
P51164	ATP4B	ATP4B	Homo sapiens (Human)
P25705	ATP5F1A	ATP5F1A	Homo sapiens (Human)
P06576	ATP5F1B	ATP5F1B	Homo sapiens (Human)
P05496	ATP5MC1	ATP5MC1	Homo sapiens (Human)
Q06055	ATP5MC2	ATP5MC2	Homo sapiens (Human)
P48201	ATP5MC3	ATP5MC3	Homo sapiens (Human)
P18859	ATP5PF	ATP5PF	Homo sapiens (Human)
Q9Y487	ATP6V0A2	ATP6V0A2	Homo sapiens (Human)
P38606	ATP6V1A	ATP6V1A	Homo sapiens (Human)
P15313	ATP6V1B1	ATP6V1B1	Homo sapiens (Human)
P21281	ATP6V1B2	ATP6V1B2	Homo sapiens (Human)
P21283	ATP6V1C1	ATP6V1C1	Homo sapiens (Human)
Q8NEY4	ATP6V1C2	ATP6V1C2	Homo sapiens (Human)
P36543	ATP6V1E1	ATP6V1E1	Homo sapiens (Human)
O75348	ATP6V1G1	ATP6V1G1	Homo sapiens (Human)
Q9UI12	ATP6V1H	ATP6V1H	Homo sapiens (Human)
Q13535	ATR	ATR	Homo sapiens (Human)
Q8WXE1	ATRIP	ATRIP	Homo sapiens (Human)
O14965	AURKA	AURKA	Homo sapiens (Human)
Q96GD4	AURKB	AURKB	Homo sapiens (Human)
Q9UQB9	AURKC	AURKC	Homo sapiens (Human)
P37288	AVPR1A	AVPR1A	Homo sapiens (Human)
P47901	AVPR1B	AVPR1B	Homo sapiens (Human)
P30518	AVPR2	AVPR2	Homo sapiens (Human)
O15169	AXIN1	AXIN1	Homo sapiens (Human)
Q9Y2T1	AXIN2	AXIN2	Homo sapiens (Human)
P30530	AXL	AXL	Homo sapiens (Human)
P56817	BACE1	BACE1	Homo sapiens (Human)
Q9Y5Z0	BACE2	BACE2	Homo sapiens (Human)
O14867	BACH1	BACH1	Homo sapiens (Human)
O75531	BANF1	BANF1	Homo sapiens (Human)
Q07812	BAX	BAX	Homo sapiens (Human)
Q9UIF9	BAZ2A	BAZ2A	Homo sapiens (Human)
Q9UIF8	BAZ2B	BAZ2B	Homo sapiens (Human)
P54687	BCAT1	BCAT1	Homo sapiens (Human)
O15382	BCAT2	BCAT2	Homo sapiens (Human)
P06276	BCHE	BCHE	Homo sapiens (Human)
P10415	BCL2	BCL2	Homo sapiens (Human)
Q16548	BCL2A1	BCL2A1	Homo sapiens (Human)
Q07817	BCL2L1	BCL2L1	Homo sapiens (Human)
Q92843	BCL2L2	BCL2L2	Homo sapiens (Human)
P11274	BCR	BCR	Homo sapiens (Human)
P46663	BDKRB1	BDKRB1	Homo sapiens (Human)
P30411	BDKRB2	BDKRB2	Homo sapiens (Human)
P02818	BGLAP	BGLAP	Homo sapiens (Human)
Q13490	BIRC2	BIRC2	Homo sapiens (Human)
Q13489	BIRC3	BIRC3	Homo sapiens (Human)
O15392	BIRC5	BIRC5	Homo sapiens (Human)
P54132	BLM	BLM	Homo sapiens (Human)
P35226	BMI1	BMI1	Homo sapiens (Human)
P13497	BMP1	BMP1	Homo sapiens (Human)
P12643	BMP2	BMP2	Homo sapiens (Human)
Q9NSY1	BMP2K	BMP2K	Homo sapiens (Human)
P12644	BMP4	BMP4	Homo sapiens (Human)
P36894	BMPR1A	BMPR1A	Homo sapiens (Human)
O00238	BMPR1B	BMPR1B	Homo sapiens (Human)
Q12830	BPTF	BPTF	Homo sapiens (Human)
P15056	BRAF	BRAF	Homo sapiens (Human)
O95696	BRD1	BRD1	Homo sapiens (Human)
P25440	BRD2	BRD2	Homo sapiens (Human)
Q15059	BRD3	BRD3	Homo sapiens (Human)
O60885	BRD4	BRD4	Homo sapiens (Human)
Q9NPI1	BRD7	BRD7	Homo sapiens (Human)
Q9H8M2	BRD9	BRD9	Homo sapiens (Human)
Q58F21	BRDT	BRDT	Homo sapiens (Human)
P55201	BRPF1	BRPF1	Homo sapiens (Human)
Q9ULD4	BRPF3	BRPF3	Homo sapiens (Human)
P32247	BRS3	BRS3	Homo sapiens (Human)
Q06187	BTK	BTK	Homo sapiens (Human)
Q9Y297	BTRC	BTRC	Homo sapiens (Human)
O43683	BUB1	BUB1	Homo sapiens (Human)
P00736	C1R	C1R	Homo sapiens (Human)
P09871	C1S	C1S	Homo sapiens (Human)
P01024	C3	C3	Homo sapiens (Human)
Q16581	C3AR1	C3AR1	Homo sapiens (Human)
P01031	C5	C5	Homo sapiens (Human)
P21730	C5AR1	C5AR1	Homo sapiens (Human)
P00915	CA1	CA1	Homo sapiens (Human)
Q9NS85	CA10	CA10	Homo sapiens (Human)
O75493	CA11	CA11	Homo sapiens (Human)
O43570	CA12	CA12	Homo sapiens (Human)
Q8N1Q1	CA13	CA13	Homo sapiens (Human)
Q9ULX7	CA14	CA14	Homo sapiens (Human)
P00918	CA2	CA2	Homo sapiens (Human)
P07451	CA3	CA3	Homo sapiens (Human)
P22748	CA4	CA4	Homo sapiens (Human)
P35218	CA5A	CA5A	Homo sapiens (Human)
Q9Y2D0	CA5B	CA5B	Homo sapiens (Human)
P23280	CA6	CA6	Homo sapiens (Human)
P43166	CA7	CA7	Homo sapiens (Human)
P35219	CA8	CA8	Homo sapiens (Human)
Q16790	CA9	CA9	Homo sapiens (Human)
O00555	CACNA1A	CACNA1A	Homo sapiens (Human)
Q00975	CACNA1B	CACNA1B	Homo sapiens (Human)
Q13936	CACNA1C	CACNA1C	Homo sapiens (Human)
Q01668	CACNA1D	CACNA1D	Homo sapiens (Human)
Q15878	CACNA1E	CACNA1E	Homo sapiens (Human)
O60840	CACNA1F	CACNA1F	Homo sapiens (Human)
O43497	CACNA1G	CACNA1G	Homo sapiens (Human)
O95180	CACNA1H	CACNA1H	Homo sapiens (Human)
Q9P0X4	CACNA1I	CACNA1I	Homo sapiens (Human)
Q13698	CACNA1S	CACNA1S	Homo sapiens (Human)
P54289	CACNA2D1	CACNA2D1	Homo sapiens (Human)
Q9NY47	CACNA2D2	CACNA2D2	Homo sapiens (Human)
Q8IZS8	CACNA2D3	CACNA2D3	Homo sapiens (Human)
Q7Z3S7	CACNA2D4	CACNA2D4	Homo sapiens (Human)
Q02641	CACNB1	CACNB1	Homo sapiens (Human)
Q08289	CACNB2	CACNB2	Homo sapiens (Human)
O00305	CACNB4	CACNB4	Homo sapiens (Human)
Q06432	CACNG1	CACNG1	Homo sapiens (Human)
Q9Y698	CACNG2	CACNG2	Homo sapiens (Human)
O60359	CACNG3	CACNG3	Homo sapiens (Human)
Q9UF02	CACNG5	CACNG5	Homo sapiens (Human)
Q8WXS5	CACNG8	CACNG8	Homo sapiens (Human)
P27708	CAD	CAD	Homo sapiens (Human)
P01258	CALCA	CALCA	Homo sapiens (Human)
P10092	CALCB	CALCB	Homo sapiens (Human)
Q16602	CALCRL	CALCRL	Homo sapiens (Human)
P0DP23	CALM1	CALM1	Homo sapiens (Human)
Q14012	CAMK1	CAMK1	Homo sapiens (Human)
Q8IU85	CAMK1D	CAMK1D	Homo sapiens (Human)
Q96NX5	CAMK1G	CAMK1G	Homo sapiens (Human)
Q9UQM7	CAMK2A	CAMK2A	Homo sapiens (Human)
Q13554	CAMK2B	CAMK2B	Homo sapiens (Human)
Q13557	CAMK2D	CAMK2D	Homo sapiens (Human)
Q13555	CAMK2G	CAMK2G	Homo sapiens (Human)
Q8N5S9	CAMKK1	CAMKK1	Homo sapiens (Human)
Q96RR4	CAMKK2	CAMKK2	Homo sapiens (Human)
P07384	CAPN1	CAPN1	Homo sapiens (Human)
P17655	CAPN2	CAPN2	Homo sapiens (Human)
Q86X55	CARM1	CARM1	Homo sapiens (Human)
P29466	CASP1	CASP1	Homo sapiens (Human)
Q92851	CASP10	CASP10	Homo sapiens (Human)
P42574	CASP3	CASP3	Homo sapiens (Human)
P55212	CASP6	CASP6	Homo sapiens (Human)
P55210	CASP7	CASP7	Homo sapiens (Human)
Q14790	CASP8	CASP8	Homo sapiens (Human)
P55211	CASP9	CASP9	Homo sapiens (Human)
P41180	CASR	CASR	Homo sapiens (Human)
P16152	CBR1	CBR1	Homo sapiens (Human)
P35520	CBS	CBS	Homo sapiens (Human)
O00257	CBX4	CBX4	Homo sapiens (Human)
O95503	CBX6	CBX6	Homo sapiens (Human)
O95931	CBX7	CBX7	Homo sapiens (Human)
P32238	CCKAR	CCKAR	Homo sapiens (Human)
P32239	CCKBR	CCKBR	Homo sapiens (Human)
P13500	CCL2	CCL2	Homo sapiens (Human)
P78396	CCNA1	CCNA1	Homo sapiens (Human)
P20248	CCNA2	CCNA2	Homo sapiens (Human)
P14635	CCNB1	CCNB1	Homo sapiens (Human)
O95067	CCNB2	CCNB2	Homo sapiens (Human)
Q8WWL7	CCNB3	CCNB3	Homo sapiens (Human)
P24385	CCND1	CCND1	Homo sapiens (Human)
P30279	CCND2	CCND2	Homo sapiens (Human)
P30281	CCND3	CCND3	Homo sapiens (Human)
P24864	CCNE1	CCNE1	Homo sapiens (Human)
O96020	CCNE2	CCNE2	Homo sapiens (Human)
O60563	CCNT1	CCNT1	Homo sapiens (Human)
P32246	CCR1	CCR1	Homo sapiens (Human)
P46092	CCR10	CCR10	Homo sapiens (Human)
P41597	CCR2	CCR2	Homo sapiens (Human)
P51677	CCR3	CCR3	Homo sapiens (Human)
P51679	CCR4	CCR4	Homo sapiens (Human)
P51681	CCR5	CCR5	Homo sapiens (Human)
P51684	CCR6	CCR6	Homo sapiens (Human)
P32248	CCR7	CCR7	Homo sapiens (Human)
P51685	CCR8	CCR8	Homo sapiens (Human)
P51686	CCR9	CCR9	Homo sapiens (Human)
P10747	CD28	CD28	Homo sapiens (Human)
P28907	CD38	CD38	Homo sapiens (Human)
P01730	CD4	CD4	Homo sapiens (Human)
P33681	CD80	CD80	Homo sapiens (Human)
P32320	CDA	CDA	Homo sapiens (Human)
Q13042	CDC16	CDC16	Homo sapiens (Human)
Q12834	CDC20	CDC20	Homo sapiens (Human)
Q9UJX2	CDC23	CDC23	Homo sapiens (Human)
P30305	CDC25B	CDC25B	Homo sapiens (Human)
P30307	CDC25C	CDC25C	Homo sapiens (Human)
P30260	CDC27	CDC27	Homo sapiens (Human)
P49427	CDC34	CDC34	Homo sapiens (Human)
P60953	CDC42	CDC42	Homo sapiens (Human)
Q5VT25	CDC42BPA	CDC42BPA	Homo sapiens (Human)
Q9Y5S2	CDC42BPB	CDC42BPB	Homo sapiens (Human)
O00311	CDC7	CDC7	Homo sapiens (Human)
P19022	CDH2	CDH2	Homo sapiens (Human)
P06493	CDK1	CDK1	Homo sapiens (Human)
Q00536	CDK16	CDK16	Homo sapiens (Human)
Q9BWU1	CDK19	CDK19	Homo sapiens (Human)
P24941	CDK2	CDK2	Homo sapiens (Human)
P11802	CDK4	CDK4	Homo sapiens (Human)
Q00535	CDK5	CDK5	Homo sapiens (Human)
Q15078	CDK5R1	CDK5R1	Homo sapiens (Human)
Q00534	CDK6	CDK6	Homo sapiens (Human)
P50613	CDK7	CDK7	Homo sapiens (Human)
P49336	CDK8	CDK8	Homo sapiens (Human)
P50750	CDK9	CDK9	Homo sapiens (Human)
O76039	CDKL5	CDKL5	Homo sapiens (Human)
P38936	CDKN1A	CDKN1A	Homo sapiens (Human)
P46527	CDKN1B	CDKN1B	Homo sapiens (Human)
Q8N8U2	CDYL2	CDYL2	Homo sapiens (Human)
P06731	CEACAM5	CEACAM5	Homo sapiens (Human)
Q9BXF3	CECR2	CECR2	Homo sapiens (Human)
P19835	CEL	CEL	Homo sapiens (Human)
Q9UNI1	CELA1	CELA1	Homo sapiens (Human)
Q02224	CENPE	CENPE	Homo sapiens (Human)
Q8TCT0	CERK	CERK	Homo sapiens (Human)
P27544	CERS1	CERS1	Homo sapiens (Human)
P23141	CES1	CES1	Homo sapiens (Human)
Q9UKY3	CES1P1	CES1P1	Homo sapiens (Human)
O00748	CES2	CES2	Homo sapiens (Human)
Q6UWW8	CES3	CES3	Homo sapiens (Human)
Q6NT32	CES5A	CES5A	Homo sapiens (Human)
P11597	CETP	CETP	Homo sapiens (Human)
P00751	CFB	CFB	Homo sapiens (Human)
P00746	CFD	CFD	Homo sapiens (Human)
P05156	CFI	CFI	Homo sapiens (Human)
P13569	CFTR	CFTR	Homo sapiens (Human)
Q8N884	CGAS	CGAS	Homo sapiens (Human)
P28329	CHAT	CHAT	Homo sapiens (Human)
O14757	CHEK1	CHEK1	Homo sapiens (Human)
O96017	CHEK2	CHEK2	Homo sapiens (Human)
Q9BZP6	CHIA	CHIA	Homo sapiens (Human)
P11229	CHRM1	CHRM1	Homo sapiens (Human)
P08172	CHRM2	CHRM2	Homo sapiens (Human)
P20309	CHRM3	CHRM3	Homo sapiens (Human)
P08173	CHRM4	CHRM4	Homo sapiens (Human)
P08912	CHRM5	CHRM5	Homo sapiens (Human)
P02708	CHRNA1	CHRNA1	Homo sapiens (Human)
Q9GZZ6	CHRNA10	CHRNA10	Homo sapiens (Human)
Q15822	CHRNA2	CHRNA2	Homo sapiens (Human)
P32297	CHRNA3	CHRNA3	Homo sapiens (Human)
P43681	CHRNA4	CHRNA4	Homo sapiens (Human)
P30532	CHRNA5	CHRNA5	Homo sapiens (Human)
Q15825	CHRNA6	CHRNA6	Homo sapiens (Human)
P36544	CHRNA7	CHRNA7	Homo sapiens (Human)
Q9UGM1	CHRNA9	CHRNA9	Homo sapiens (Human)
P11230	CHRNB1	CHRNB1	Homo sapiens (Human)
P17787	CHRNB2	CHRNB2	Homo sapiens (Human)
Q05901	CHRNB3	CHRNB3	Homo sapiens (Human)
P30926	CHRNB4	CHRNB4	Homo sapiens (Human)
Q07001	CHRND	CHRND	Homo sapiens (Human)
Q04844	CHRNE	CHRNE	Homo sapiens (Human)
P07510	CHRNG	CHRNG	Homo sapiens (Human)
O15111	CHUK	CHUK	Homo sapiens (Human)
P12277	CKB	CKB	Homo sapiens (Human)
P12277	CKBE	CKB	Homo sapiens (Human)
P06732	CKM	CKM	Homo sapiens (Human)
P12532	CKMT1A	CKMT1A; CKMT1B	Homo sapiens (Human)
P12532	CKMT1B	CKMT1A; CKMT1B	Homo sapiens (Human)
P17540	CKMT2	CKMT2	Homo sapiens (Human)
A8K7I4	CLCA1	CLCA1	Homo sapiens (Human)
P51788	CLCN2	CLCN2	Homo sapiens (Human)
P51790	CLCN3	CLCN3	Homo sapiens (Human)
P51798	CLCN7	CLCN7	Homo sapiens (Human)
P49759	CLK1	CLK1	Homo sapiens (Human)
P49760	CLK2	CLK2	Homo sapiens (Human)
Q9HAZ1	CLK4	CLK4	Homo sapiens (Human)
P58418	CLRN1	CLRN1	Homo sapiens (Human)
P23946	CMA1	CMA1	Homo sapiens (Human)
Q99788	CMKLR1	CMKLR1	Homo sapiens (Human)
P29973	CNGA1	CNGA1	Homo sapiens (Human)
Q16280	CNGA2	CNGA2	Homo sapiens (Human)
Q16281	CNGA3	CNGA3	Homo sapiens (Human)
Q8IV77	CNGA4	CNGA4	Homo sapiens (Human)
Q14028	CNGB1	CNGB1	Homo sapiens (Human)
Q9NQW8	CNGB3	CNGB3	Homo sapiens (Human)
P21554	CNR1	CNR1	Homo sapiens (Human)
P34972	CNR2	CNR2	Homo sapiens (Human)
Q13057	COASY	COASY	Homo sapiens (Human)
P21964	COMT	COMT	Homo sapiens (Human)
P15085	CPA1	CPA1	Homo sapiens (Human)
Q96IY4	CPB2	CPB2	Homo sapiens (Human)
P31327	CPS1	CPS1	Homo sapiens (Human)
P50416	CPT1A	CPT1A	Homo sapiens (Human)
Q92523	CPT1B	CPT1B	Homo sapiens (Human)
P23786	CPT2	CPT2	Homo sapiens (Human)
P29373	CRABP2	CRABP2	Homo sapiens (Human)
P43155	CRAT	CRAT	Homo sapiens (Human)
Q96SW2	CRBN	CRBN	Homo sapiens (Human)
O75575	CRCP	CRCP	Homo sapiens (Human)
P16220	CREB1	CREB1	Homo sapiens (Human)
Q92793	CREBBP	CREBBP	Homo sapiens (Human)
P34998	CRHR1	CRHR1	Homo sapiens (Human)
Q13324	CRHR2	CRHR2	Homo sapiens (Human)
Q16526	CRY1	CRY1	Homo sapiens (Human)
Q49AN0	CRY2	CRY2	Homo sapiens (Human)
P07333	CSF1R	CSF1R	Homo sapiens (Human)
P41240	CSK	CSK	Homo sapiens (Human)
P48729	CSNK1A1	CSNK1A1	Homo sapiens (Human)
P48730	CSNK1D	CSNK1D	Homo sapiens (Human)
P49674	CSNK1E	CSNK1E	Homo sapiens (Human)
P68400	CSNK2A1	CSNK2A1	Homo sapiens (Human)
P19784	CSNK2A2	CSNK2A2	Homo sapiens (Human)
P67870	CSNK2B	CSNK2B	Homo sapiens (Human)
P35222	CTNNB1	CTNNB1	Homo sapiens (Human)
P17538	CTRB1	CTRB1	Homo sapiens (Human)
Q99895	CTRC	CTRC	Homo sapiens (Human)
P10619	CTSA	CTSA	Homo sapiens (Human)
P07858	CTSB	CTSB	Homo sapiens (Human)
P53634	CTSC	CTSC	Homo sapiens (Human)
P07339	CTSD	CTSD	Homo sapiens (Human)
P14091	CTSE	CTSE	Homo sapiens (Human)
Q9UBX1	CTSF	CTSF	Homo sapiens (Human)
P08311	CTSG	CTSG	Homo sapiens (Human)
P43235	CTSK	CTSK	Homo sapiens (Human)
P07711	CTSL	CTSL	Homo sapiens (Human)
Q5NE16	CTSL3P	CTSL3P	Homo sapiens (Human)
P25774	CTSS	CTSS	Homo sapiens (Human)
O60911	CTSV	CTSV	Homo sapiens (Human)
Q9UBR2	CTSZ	CTSZ	Homo sapiens (Human)
P49238	CX3CR1	CX3CR1	Homo sapiens (Human)
O43927	CXCL13	CXCL13	Homo sapiens (Human)
P25024	CXCR1	CXCR1	Homo sapiens (Human)
P25025	CXCR2	CXCR2	Homo sapiens (Human)
P49682	CXCR3	CXCR3	Homo sapiens (Human)
P61073	CXCR4	CXCR4	Homo sapiens (Human)
O00574	CXCR6	CXCR6	Homo sapiens (Human)
P04839	CYBB	CYBB	Homo sapiens (Human)
P05108	CYP11A1	CYP11A1	Homo sapiens (Human)
P15538	CYP11B1	CYP11B1	Homo sapiens (Human)
P19099	CYP11B2	CYP11B2	Homo sapiens (Human)
P05093	CYP17A1	CYP17A1	Homo sapiens (Human)
P11511	CYP19A1	CYP19A1	Homo sapiens (Human)
P04798	CYP1A1	CYP1A1	Homo sapiens (Human)
P05177	CYP1A2	CYP1A2	Homo sapiens (Human)
Q16678	CYP1B1	CYP1B1	Homo sapiens (Human)
P08686	CYP21A2	CYP21A2	Homo sapiens (Human)
Q07973	CYP24A1	CYP24A1	Homo sapiens (Human)
O43174	CYP26A1	CYP26A1	Homo sapiens (Human)
Q02318	CYP27A1	CYP27A1	Homo sapiens (Human)
O15528	CYP27B1	CYP27B1	Homo sapiens (Human)
P11509	CYP2A6	CYP2A6	Homo sapiens (Human)
P20813	CYP2B6	CYP2B6	Homo sapiens (Human)
P33261	CYP2C19	CYP2C19	Homo sapiens (Human)
P11712	CYP2C9	CYP2C9	Homo sapiens (Human)
P10635	CYP2D6	CYP2D6	Homo sapiens (Human)
Q8TAV3	CYP2W1	CYP2W1	Homo sapiens (Human)
P08684	CYP3A4	CYP3A4	Homo sapiens (Human)
P20815	CYP3A5	CYP3A5	Homo sapiens (Human)
Q02928	CYP4A11	CYP4A11	Homo sapiens (Human)
P78329	CYP4F2	CYP4F2	Homo sapiens (Human)
Q16850	CYP51A1	CYP51A1	Homo sapiens (Human)
P22680	CYP7A1	CYP7A1	Homo sapiens (Human)
Q9Y271	CYSLTR1	CYSLTR1	Homo sapiens (Human)
Q9NS75	CYSLTR2	CYSLTR2	Homo sapiens (Human)
Q15438	CYTH1	CYTH1	Homo sapiens (Human)
Q99418	CYTH2	CYTH2	Homo sapiens (Human)
Q9Y4D2	DAGLA	DAGLA	Homo sapiens (Human)
Q8NCG7	DAGLB	DAGLB	Homo sapiens (Human)
P14920	DAO	DAO	Homo sapiens (Human)
P53355	DAPK1	DAPK1	Homo sapiens (Human)
O43293	DAPK3	DAPK3	Homo sapiens (Human)
P09172	DBH	DBH	Homo sapiens (Human)
Q66K64	DCAF15	DCAF15	Homo sapiens (Human)
P27707	DCK	DCK	Homo sapiens (Human)
Q96C86	DCPS	DCPS	Homo sapiens (Human)
Q9H773	DCTPP1	DCTPP1	Homo sapiens (Human)
Q96GG9	DCUN1D1	DCUN1D1	Homo sapiens (Human)
P20711	DDC	DDC	Homo sapiens (Human)
Q08345	DDR1	DDR1	Homo sapiens (Human)
Q16832	DDR2	DDR2	Homo sapiens (Human)
O00571	DDX3X	DDX3X	Homo sapiens (Human)
P17844	DDX5	DDX5	Homo sapiens (Human)
O15121	DEGS1	DEGS1	Homo sapiens (Human)
O75907	DGAT1	DGAT1	Homo sapiens (Human)
Q96PD7	DGAT2	DGAT2	Homo sapiens (Human)
Q15392	DHCR24	DHCR24	Homo sapiens (Human)
Q9UBM7	DHCR7	DHCR7	Homo sapiens (Human)
P00374	DHFR	DHFR	Homo sapiens (Human)
O43323	DHH	DHH	Homo sapiens (Human)
Q02127	DHODH	DHODH	Homo sapiens (Human)
P49366	DHPS	DHPS	Homo sapiens (Human)
P49895	DIO1	DIO1	Homo sapiens (Human)
P10515	DLAT	DLAT	Homo sapiens (Human)
P25685	DNAJB1	DNAJB1	Homo sapiens (Human)
Q13609	DNASE1L3	DNASE1L3	Homo sapiens (Human)
Q05193	DNM1	DNM1	Homo sapiens (Human)
P50570	DNM2	DNM2	Homo sapiens (Human)
P26358	DNMT1	DNMT1	Homo sapiens (Human)
Q9Y6K1	DNMT3A	DNMT3A	Homo sapiens (Human)
Q9H7D0	DOCK5	DOCK5	Homo sapiens (Human)
Q8TEK3	DOT1L	DOT1L	Homo sapiens (Human)
P16444	DPEP1	DPEP1	Homo sapiens (Human)
P27487	DPP4	DPP4	Homo sapiens (Human)
Q9UHL4	DPP7	DPP7	Homo sapiens (Human)
Q6V1X1	DPP8	DPP8	Homo sapiens (Human)
Q86TI2	DPP9	DPP9	Homo sapiens (Human)
Q12882	DPYD	DPYD	Homo sapiens (Human)
P21728	DRD1	DRD1	Homo sapiens (Human)
P14416	DRD2	DRD2	Homo sapiens (Human)
P35462	DRD3	DRD3	Homo sapiens (Human)
P21917	DRD4	DRD4	Homo sapiens (Human)
P21918	DRD5	DRD5	Homo sapiens (Human)
P23919	DTYMK	DTYMK	Homo sapiens (Human)
Q16828	DUSP6	DUSP6	Homo sapiens (Human)
P33316	DUT	DUT	Homo sapiens (Human)
Q13627	DYRK1A	DYRK1A	Homo sapiens (Human)
Q9Y463	DYRK1B	DYRK1B	Homo sapiens (Human)
Q92630	DYRK2	DYRK2	Homo sapiens (Human)
O43781	DYRK3	DYRK3	Homo sapiens (Human)
P27487	Dpp4	DPP4	Homo sapiens (Human)
Q15125	EBP	EBP	Homo sapiens (Human)
P42892	ECE1	ECE1	Homo sapiens (Human)
P0DPD6	ECE2	ECE2	Homo sapiens (Human)
P25101	EDNRA	EDNRA	Homo sapiens (Human)
P24530	EDNRB	EDNRB	Homo sapiens (Human)
O75530	EED	EED	Homo sapiens (Human)
P68104	EEF1A1	EEF1A1	Homo sapiens (Human)
P00533	EGFR	EGFR	Homo sapiens (Human)
Q9GZT9	EGLN1	EGLN1	Homo sapiens (Human)
Q96KS0	EGLN2	EGLN2	Homo sapiens (Human)
Q9H6Z9	EGLN3	EGLN3	Homo sapiens (Human)
Q9H9B1	EHMT1	EHMT1	Homo sapiens (Human)
Q96KQ7	EHMT2	EHMT2	Homo sapiens (Human)
Q9BQI3	EIF2AK1	EIF2AK1	Homo sapiens (Human)
P19525	EIF2AK2	EIF2AK2	Homo sapiens (Human)
Q9NZJ5	EIF2AK3	EIF2AK3	Homo sapiens (Human)
Q9UI10	EIF2B4	EIF2B4	Homo sapiens (Human)
P60842	EIF4A1	EIF4A1	Homo sapiens (Human)
Q14240	EIF4A2	EIF4A2	Homo sapiens (Human)
P38919	EIF4A3	EIF4A3	Homo sapiens (Human)
P06730	EIF4E	EIF4E	Homo sapiens (Human)
Q04637	EIF4G1	EIF4G1	Homo sapiens (Human)
P08246	ELANE	ELANE	Homo sapiens (Human)
Q15717	ELAVL1	ELAVL1	Homo sapiens (Human)
Q9H5J4	ELOVL6	ELOVL6	Homo sapiens (Human)
O95163	ELP1	ELP1	Homo sapiens (Human)
Q9HC35	EML4	EML4	Homo sapiens (Human)
P17813	ENG	ENG	Homo sapiens (Human)
Q16206	ENOX2	ENOX2	Homo sapiens (Human)
Q07075	ENPEP	ENPEP	Homo sapiens (Human)
Q13822	ENPP2	ENPP2	Homo sapiens (Human)
O14638	ENPP3	ENPP3	Homo sapiens (Human)
Q9Y6X5	ENPP4	ENPP4	Homo sapiens (Human)
Q6UWR7	ENPP6	ENPP6	Homo sapiens (Human)
Q09472	EP300	EP300	Homo sapiens (Human)
Q99814	EPAS1	EPAS1	Homo sapiens (Human)
P29317	EPHA2	EPHA2	Homo sapiens (Human)
P54753	EPHB3	EPHB3	Homo sapiens (Human)
P54760	EPHB4	EPHB4	Homo sapiens (Human)
P34913	EPHX2	EPHX2	Homo sapiens (Human)
P07814	EPRS1	EPRS1	Homo sapiens (Human)
P04626	ERBB2	ERBB2	Homo sapiens (Human)
P21860	ERBB3	ERBB3	Homo sapiens (Human)
Q15303	ERBB4	ERBB4	Homo sapiens (Human)
P07992	ERCC1	ERCC1	Homo sapiens (Human)
P19447	ERCC3	ERCC3	Homo sapiens (Human)
Q92889	ERCC4	ERCC4	Homo sapiens (Human)
P28715	ERCC5	ERCC5	Homo sapiens (Human)
O75460	ERN1	ERN1	Homo sapiens (Human)
P03372	ESR1	ESR1	Homo sapiens (Human)
Q92731	ESR2	ESR2	Homo sapiens (Human)
P11474	ESRRA	ESRRA	Homo sapiens (Human)
P62508	ESRRG	ESRRG	Homo sapiens (Human)
Q01844	EWSR1	EWSR1	Homo sapiens (Human)
Q92800	EZH1	EZH1	Homo sapiens (Human)
Q15910	EZH2	EZH2	Homo sapiens (Human)
P00742	F10	F10	Homo sapiens (Human)
P03951	F11	F11	Homo sapiens (Human)
P00748	F12	F12	Homo sapiens (Human)
P00734	F2	F2	Homo sapiens (Human)
P25116	F2R	F2R	Homo sapiens (Human)
P55085	F2RL1	F2RL1	Homo sapiens (Human)
Q96RI0	F2RL3	F2RL3	Homo sapiens (Human)
P08709	F7	F7	Homo sapiens (Human)
P00740	F9	F9	Homo sapiens (Human)
O00519	FAAH	FAAH	Homo sapiens (Human)
P07148	FABP1	FABP1	Homo sapiens (Human)
A6NFH5	FABP12	FABP12	Homo sapiens (Human)
P12104	FABP2	FABP2	Homo sapiens (Human)
P05413	FABP3	FABP3	Homo sapiens (Human)
P15090	FABP4	FABP4	Homo sapiens (Human)
Q01469	FABP5	FABP5	Homo sapiens (Human)
P51161	FABP6	FABP6	Homo sapiens (Human)
O15540	FABP7	FABP7	Homo sapiens (Human)
Q0Z7S8	FABP9	FABP9	Homo sapiens (Human)
O60427	FADS1	FADS1	Homo sapiens (Human)
O95363	FARS2	FARS2	Homo sapiens (Human)
P49327	FASN	FASN	Homo sapiens (Human)
P09467	FBP1	FBP1	Homo sapiens (Human)
O00757	FBP2	FBP2	Homo sapiens (Human)
Q9UK99	FBXO3	FBXO3	Homo sapiens (Human)
P12319	FCER1A	FCER1A	Homo sapiens (Human)
P06734	FCER2	FCER2	Homo sapiens (Human)
P37268	FDFT1	FDFT1	Homo sapiens (Human)
P14324	FDPS	FDPS	Homo sapiens (Human)
P39748	FEN1	FEN1	Homo sapiens (Human)
O14842	FFAR1	FFAR1	Homo sapiens (Human)
O15552	FFAR2	FFAR2	Homo sapiens (Human)
O14843	FFAR3	FFAR3	Homo sapiens (Human)
Q5NUL3	FFAR4	FFAR4	Homo sapiens (Human)
P05230	FGF1	FGF1	Homo sapiens (Human)
P09038	FGF2	FGF2	Homo sapiens (Human)
P08620	FGF4	FGF4	Homo sapiens (Human)
P11362	FGFR1	FGFR1	Homo sapiens (Human)
P21802	FGFR2	FGFR2	Homo sapiens (Human)
P22607	FGFR3	FGFR3	Homo sapiens (Human)
P22455	FGFR4	FGFR4	Homo sapiens (Human)
P62942	FKBP1A	FKBP1A	Homo sapiens (Human)
Q02790	FKBP4	FKBP4	Homo sapiens (Human)
Q13451	FKBP5	FKBP5	Homo sapiens (Human)
Q01543	FLI1	FLI1	Homo sapiens (Human)
P21333	FLNA	FLNA	Homo sapiens (Human)
P17948	FLT1	FLT1	Homo sapiens (Human)
P36888	FLT3	FLT3	Homo sapiens (Human)
P35916	FLT4	FLT4	Homo sapiens (Human)
P49354	FNTA	FNTA	Homo sapiens (Human)
P49356	FNTB	FNTB	Homo sapiens (Human)
Q04609	FOLH1	FOLH1	Homo sapiens (Human)
P15328	FOLR1	FOLR1	Homo sapiens (Human)
P21462	FPR1	FPR1	Homo sapiens (Human)
P25090	FPR2	FPR2	Homo sapiens (Human)
P23945	FSHR	FSHR	Homo sapiens (Human)
P04066	FUCA1	FUCA1	Homo sapiens (Human)
P09958	FURIN	FURIN	Homo sapiens (Human)
P21217	FUT3	FUT3	Homo sapiens (Human)
P54710	FXYD2	FXYD2	Homo sapiens (Human)
P06241	FYN	FYN	Homo sapiens (Human)
Q9ULV1	FZD4	FZD4	Homo sapiens (Human)
P35575	G6PC	G6PC1	Homo sapiens (Human)
P10253	GAA	GAA	Homo sapiens (Human)
Q9UBS5	GABBR1	GABBR1	Homo sapiens (Human)
O75899	GABBR2	GABBR2	Homo sapiens (Human)
P14867	GABRA1	GABRA1	Homo sapiens (Human)
P47869	GABRA2	GABRA2	Homo sapiens (Human)
P34903	GABRA3	GABRA3	Homo sapiens (Human)
P48169	GABRA4	GABRA4	Homo sapiens (Human)
P31644	GABRA5	GABRA5	Homo sapiens (Human)
Q16445	GABRA6	GABRA6	Homo sapiens (Human)
P18505	GABRB1	GABRB1	Homo sapiens (Human)
P47870	GABRB2	GABRB2	Homo sapiens (Human)
P28472	GABRB3	GABRB3	Homo sapiens (Human)
O14764	GABRD	GABRD	Homo sapiens (Human)
P78334	GABRE	GABRE	Homo sapiens (Human)
Q8N1C3	GABRG1	GABRG1	Homo sapiens (Human)
P18507	GABRG2	GABRG2	Homo sapiens (Human)
Q99928	GABRG3	GABRG3	Homo sapiens (Human)
O00591	GABRP	GABRP	Homo sapiens (Human)
Q9UN88	GABRQ	GABRQ	Homo sapiens (Human)
P24046	GABRR1	GABRR1	Homo sapiens (Human)
P28476	GABRR2	GABRR2	Homo sapiens (Human)
O14976	GAK	GAK	Homo sapiens (Human)
P47211	GALR1	GALR1	Homo sapiens (Human)
O43603	GALR2	GALR2	Homo sapiens (Human)
O60755	GALR3	GALR3	Homo sapiens (Human)
Q8TET4	GANC	GANC	Homo sapiens (Human)
P04406	GAPDH	GAPDH	Homo sapiens (Human)
P22102	GART	GART	Homo sapiens (Human)
P04062	GBA	GBA1	Homo sapiens (Human)
Q9HCG7	GBA2	GBA2	Homo sapiens (Human)
Q92538	GBF1	GBF1	Homo sapiens (Human)
P47871	GCGR	GCGR	Homo sapiens (Human)
P35557	GCK	GCK	Homo sapiens (Human)
Q96RP9	GFM1	GFM1	Homo sapiens (Human)
P56159	GFRA1	GFRA1	Homo sapiens (Human)
P38435	GGCX	GGCX	Homo sapiens (Human)
O95749	GGPS1	GGPS1	Homo sapiens (Human)
P19440	GGT1	GGT1	Homo sapiens (Human)
P01241	GH1	GH1	Homo sapiens (Human)
Q92847	GHSR	GHSR	Homo sapiens (Human)
P48165	GJA8	GJA8	Homo sapiens (Human)
Q9UKL4	GJD2	GJD2	Homo sapiens (Human)
P06280	GLA	GLA	Homo sapiens (Human)
P08151	GLI1	GLI1	Homo sapiens (Human)
Q04760	GLO1	GLO1	Homo sapiens (Human)
P43220	GLP1R	GLP1R	Homo sapiens (Human)
P23415	GLRA1	GLRA1	Homo sapiens (Human)
P23416	GLRA2	GLRA2	Homo sapiens (Human)
O75311	GLRA3	GLRA3	Homo sapiens (Human)
O94925	GLS	GLS	Homo sapiens (Human)
P49915	GMPS	GMPS	Homo sapiens (Human)
P29992	GNA11	GNA11	Homo sapiens (Human)
P50148	GNAQ	GNAQ	Homo sapiens (Human)
P01148	GNRH1	GNRH1	Homo sapiens (Human)
P30968	GNRHR	GNRHR	Homo sapiens (Human)
Q8TDU6	GPBAR1	GPBAR1	Homo sapiens (Human)
P21695	GPD1	GPD1	Homo sapiens (Human)
P43304	GPD2	GPD2	Homo sapiens (Human)
Q99527	GPER1	GPER1	Homo sapiens (Human)
Q8TDV5	GPR119	GPR119	Homo sapiens (Human)
Q6DWJ6	GPR139	GPR139	Homo sapiens (Human)
Q7Z601	GPR142	GPR142	Homo sapiens (Human)
Q13304	GPR17	GPR17	Homo sapiens (Human)
O14626	GPR171	GPR171	Homo sapiens (Human)
P32249	GPR183	GPR183	Homo sapiens (Human)
P46089	GPR3	GPR3	Homo sapiens (Human)
Q9UPC5	GPR34	GPR34	Homo sapiens (Human)
Q9HC97	GPR35	GPR35	Homo sapiens (Human)
P46093	GPR4	GPR4	Homo sapiens (Human)
Q9Y2T5	GPR52	GPR52	Homo sapiens (Human)
Q9Y2T6	GPR55	GPR55	Homo sapiens (Human)
P46095	GPR6	GPR6	Homo sapiens (Human)
Q8IYL9	GPR65	GPR65	Homo sapiens (Human)
Q15743	GPR68	GPR68	Homo sapiens (Human)
Q9NQS5	GPR84	GPR84	Homo sapiens (Human)
Q9GZN0	GPR88	GPR88	Homo sapiens (Human)
P36969	GPX4	GPX4	Homo sapiens (Human)
P62993	GRB2	GRB2	Homo sapiens (Human)
P42261	GRIA1	GRIA1	Homo sapiens (Human)
P42262	GRIA2	GRIA2	Homo sapiens (Human)
P42263	GRIA3	GRIA3	Homo sapiens (Human)
P48058	GRIA4	GRIA4	Homo sapiens (Human)
P39086	GRIK1	GRIK1	Homo sapiens (Human)
Q13002	GRIK2	GRIK2	Homo sapiens (Human)
Q13003	GRIK3	GRIK3	Homo sapiens (Human)
Q16099	GRIK4	GRIK4	Homo sapiens (Human)
Q16478	GRIK5	GRIK5	Homo sapiens (Human)
Q05586	GRIN1	GRIN1	Homo sapiens (Human)
Q12879	GRIN2A	GRIN2A	Homo sapiens (Human)
Q13224	GRIN2B	GRIN2B	Homo sapiens (Human)
Q14957	GRIN2C	GRIN2C	Homo sapiens (Human)
O15399	GRIN2D	GRIN2D	Homo sapiens (Human)
Q8TCU5	GRIN3A	GRIN3A	Homo sapiens (Human)
O60391	GRIN3B	GRIN3B	Homo sapiens (Human)
Q15835	GRK1	GRK1	Homo sapiens (Human)
P25098	GRK2	GRK2	Homo sapiens (Human)
P35626	GRK3	GRK3	Homo sapiens (Human)
Q13255	GRM1	GRM1	Homo sapiens (Human)
Q14416	GRM2	GRM2	Homo sapiens (Human)
Q14832	GRM3	GRM3	Homo sapiens (Human)
Q14833	GRM4	GRM4	Homo sapiens (Human)
P41594	GRM5	GRM5	Homo sapiens (Human)
O15303	GRM6	GRM6	Homo sapiens (Human)
Q14831	GRM7	GRM7	Homo sapiens (Human)
O00222	GRM8	GRM8	Homo sapiens (Human)
P30550	GRPR	GRPR	Homo sapiens (Human)
P57764	GSDMD	GSDMD	Homo sapiens (Human)
P49840	GSK3A	GSK3A	Homo sapiens (Human)
P49841	GSK3B	GSK3B	Homo sapiens (Human)
P28161	GSTM2	GSTM2	Homo sapiens (Human)
P09211	GSTP1	GSTP1	Homo sapiens (Human)
Q02108	GUCY1A1	GUCY1A1	Homo sapiens (Human)
P33402	GUCY1A2	GUCY1A2	Homo sapiens (Human)
Q02153	GUCY1B1	GUCY1B1	Homo sapiens (Human)
O75343	GUCY1B2	GUCY1B2	Homo sapiens (Human)
P25092	GUCY2C	GUCY2C	Homo sapiens (Human)
P13807	GYS1	GYS1	Homo sapiens (Human)
P10144	GZMB	GZMB	Homo sapiens (Human)
Q8TF76	HASPIN	HASPIN	Homo sapiens (Human)
O14929	HAT1	HAT1	Homo sapiens (Human)
P68871	HBB	HBB	Homo sapiens (Human)
Q8TDS4	HCAR2	HCAR2	Homo sapiens (Human)
P49019	HCAR3	HCAR3	Homo sapiens (Human)
P08631	HCK	HCK	Homo sapiens (Human)
O60741	HCN1	HCN1	Homo sapiens (Human)
Q9UL51	HCN2	HCN2	Homo sapiens (Human)
Q9P1Z3	HCN3	HCN3	Homo sapiens (Human)
Q9Y3Q4	HCN4	HCN4	Homo sapiens (Human)
O43612	HCRT	HCRT	Homo sapiens (Human)
O43613	HCRTR1	HCRTR1	Homo sapiens (Human)
O43614	HCRTR2	HCRTR2	Homo sapiens (Human)
Q13547	HDAC1	HDAC1	Homo sapiens (Human)
Q969S8	HDAC10	HDAC10	Homo sapiens (Human)
Q96DB2	HDAC11	HDAC11	Homo sapiens (Human)
Q92769	HDAC2	HDAC2	Homo sapiens (Human)
O15379	HDAC3	HDAC3	Homo sapiens (Human)
P56524	HDAC4	HDAC4	Homo sapiens (Human)
Q9UQL6	HDAC5	HDAC5	Homo sapiens (Human)
Q9UBN7	HDAC6	HDAC6	Homo sapiens (Human)
Q8WUI4	HDAC7	HDAC7	Homo sapiens (Human)
Q9BY41	HDAC8	HDAC8	Homo sapiens (Human)
Q9UKV0	HDAC9	HDAC9	Homo sapiens (Human)
P19113	HDC	HDC	Homo sapiens (Human)
P06865	HEXA	HEXA	Homo sapiens (Human)
P07686	HEXB	HEXB	Homo sapiens (Human)
P14210	HGF	HGF	Homo sapiens (Human)
Q5VTY9	HHAT	HHAT	Homo sapiens (Human)
Q16665	HIF1A	HIF1A	Homo sapiens (Human)
P49773	HINT1	HINT1	Homo sapiens (Human)
P52789	HK2	HK2	Homo sapiens (Human)
Q8TCT9	HM13	HM13	Homo sapiens (Human)
P09429	HMGB1	HMGB1	Homo sapiens (Human)
P26583	HMGB2	HMGB2	Homo sapiens (Human)
P04035	HMGCR	HMGCR	Homo sapiens (Human)
P09601	HMOX1	HMOX1	Homo sapiens (Human)
P50135	HNMT	HNMT	Homo sapiens (Human)
P00738	HP	HP	Homo sapiens (Human)
P32754	HPD	HPD	Homo sapiens (Human)
P15428	HPGD	HPGD	Homo sapiens (Human)
O60760	HPGDS	HPGDS	Homo sapiens (Human)
P05981	HPN	HPN	Homo sapiens (Human)
P00492	HPRT1	HPRT1	Homo sapiens (Human)
Q9Y251	HPSE	HPSE	Homo sapiens (Human)
P35367	HRH1	HRH1	Homo sapiens (Human)
P25021	HRH2	HRH2	Homo sapiens (Human)
Q9Y5N1	HRH3	HRH3	Homo sapiens (Human)
Q9H3N8	HRH4	HRH4	Homo sapiens (Human)
P28845	HSD11B1	HSD11B1	Homo sapiens (Human)
P80365	HSD11B2	HSD11B2	Homo sapiens (Human)
P14061	HSD17B1	HSD17B1	Homo sapiens (Human)
Q99714	HSD17B10	HSD17B10	Homo sapiens (Human)
Q8NBQ5	HSD17B11	HSD17B11	Homo sapiens (Human)
Q53GQ0	HSD17B12	HSD17B12	Homo sapiens (Human)
Q7Z5P4	HSD17B13	HSD17B13	Homo sapiens (Human)
Q9BPX1	HSD17B14	HSD17B14	Homo sapiens (Human)
P37059	HSD17B2	HSD17B2	Homo sapiens (Human)
P37058	HSD17B3	HSD17B3	Homo sapiens (Human)
P51659	HSD17B4	HSD17B4	Homo sapiens (Human)
O14756	HSD17B6	HSD17B6	Homo sapiens (Human)
P56937	HSD17B7	HSD17B7	Homo sapiens (Human)
Q92506	HSD17B8	HSD17B8	Homo sapiens (Human)
P14060	HSD3B1	HSD3B1	Homo sapiens (Human)
P26439	HSD3B2	HSD3B2	Homo sapiens (Human)
Q9H2F3	HSD3B7	HSD3B7	Homo sapiens (Human)
P07900	HSP90AA1	HSP90AA1	Homo sapiens (Human)
P08238	HSP90AB1	HSP90AB1	Homo sapiens (Human)
P14625	HSP90B1	HSP90B1	Homo sapiens (Human)
P0DMV8	HSPA1A	HSPA1A	Homo sapiens (Human)
P54652	HSPA2	HSPA2	Homo sapiens (Human)
P34932	HSPA4	HSPA4	Homo sapiens (Human)
P11142	HSPA8	HSPA8	Homo sapiens (Human)
P04792	HSPB1	HSPB1	Homo sapiens (Human)
P08908	HTR1A	HTR1A	Homo sapiens (Human)
P28222	HTR1B	HTR1B	Homo sapiens (Human)
P28221	HTR1D	HTR1D	Homo sapiens (Human)
P28566	HTR1E	HTR1E	Homo sapiens (Human)
P30939	HTR1F	HTR1F	Homo sapiens (Human)
P28223	HTR2A	HTR2A	Homo sapiens (Human)
P41595	HTR2B	HTR2B	Homo sapiens (Human)
P28335	HTR2C	HTR2C	Homo sapiens (Human)
P46098	HTR3A	HTR3A	Homo sapiens (Human)
O95264	HTR3B	HTR3B	Homo sapiens (Human)
Q8WXA8	HTR3C	HTR3C	Homo sapiens (Human)
Q70Z44	HTR3D	HTR3D	Homo sapiens (Human)
A5X5Y0	HTR3E	HTR3E	Homo sapiens (Human)
Q13639	HTR4	HTR4	Homo sapiens (Human)
P47898	HTR5A	HTR5A	Homo sapiens (Human)
P50406	HTR6	HTR6	Homo sapiens (Human)
P34969	HTR7	HTR7	Homo sapiens (Human)
Q92743	HTRA1	HTRA1	Homo sapiens (Human)
O43464	HTRA2	HTRA2	Homo sapiens (Human)
P41252	IARS1	IARS1	Homo sapiens (Human)
P05362	ICAM1	ICAM1	Homo sapiens (Human)
O60725	ICMT	ICMT	Homo sapiens (Human)
P14735	IDE	IDE	Homo sapiens (Human)
O75874	IDH1	IDH1	Homo sapiens (Human)
P48735	IDH2	IDH2	Homo sapiens (Human)
P14902	IDO1	IDO1	Homo sapiens (Human)
P08069	IGF1R	IGF1R	Homo sapiens (Human)
P22692	IGFBP4	IGFBP4	Homo sapiens (Human)
P01854	IGHE	IGHE	Homo sapiens (Human)
Q14623	IHH	IHH	Homo sapiens (Human)
O14920	IKBKB	IKBKB	Homo sapiens (Human)
Q14164	IKBKE	IKBKE	Homo sapiens (Human)
Q9Y6K9	IKBKG	IKBKG	Homo sapiens (Human)
P22301	IL10	IL10	Homo sapiens (Human)
P01584	IL1B	IL1B	Homo sapiens (Human)
P60568	IL2	IL2	Homo sapiens (Human)
P05112	IL4	IL4	Homo sapiens (Human)
P05113	IL5	IL5	Homo sapiens (Human)
Q01344	IL5RA	IL5RA	Homo sapiens (Human)
P05231	IL6	IL6	Homo sapiens (Human)
Q13418	ILK	ILK	Homo sapiens (Human)
P29218	IMPA1	IMPA1	Homo sapiens (Human)
P20839	IMPDH1	IMPDH1	Homo sapiens (Human)
P12268	IMPDH2	IMPDH2	Homo sapiens (Human)
O15357	INPPL1	INPPL1	Homo sapiens (Human)
P06213	INSR	INSR	Homo sapiens (Human)
P51617	IRAK1	IRAK1	Homo sapiens (Human)
O43187	IRAK2	IRAK2	Homo sapiens (Human)
Q9NWZ3	IRAK4	IRAK4	Homo sapiens (Human)
P08514	ITGA2B	ITGA2B	Homo sapiens (Human)
P26006	ITGA3	ITGA3	Homo sapiens (Human)
P13612	ITGA4	ITGA4	Homo sapiens (Human)
P08648	ITGA5	ITGA5	Homo sapiens (Human)
P23229	ITGA6	ITGA6	Homo sapiens (Human)
P20701	ITGAL	ITGAL	Homo sapiens (Human)
P06756	ITGAV	ITGAV	Homo sapiens (Human)
P05556	ITGB1	ITGB1	Homo sapiens (Human)
P05107	ITGB2	ITGB2	Homo sapiens (Human)
P05106	ITGB3	ITGB3	Homo sapiens (Human)
P18084	ITGB5	ITGB5	Homo sapiens (Human)
P18564	ITGB6	ITGB6	Homo sapiens (Human)
Q08881	ITK	ITK	Homo sapiens (Human)
P27987	ITPKB	ITPKB	Homo sapiens (Human)
Q14643	ITPR1	ITPR1	Homo sapiens (Human)
Q14571	ITPR2	ITPR2	Homo sapiens (Human)
Q14573	ITPR3	ITPR3	Homo sapiens (Human)
P23458	JAK1	JAK1	Homo sapiens (Human)
O60674	JAK2	JAK2	Homo sapiens (Human)
P52333	JAK3	JAK3	Homo sapiens (Human)
P05412	JUN	JUN	Homo sapiens (Human)
Q92830	KAT2A	KAT2A	Homo sapiens (Human)
Q92831	KAT2B	KAT2B	Homo sapiens (Human)
Q92993	KAT5	KAT5	Homo sapiens (Human)
Q92794	KAT6A	KAT6A	Homo sapiens (Human)
Q8WYB5	KAT6B	KAT6B	Homo sapiens (Human)
Q09470	KCNA1	KCNA1	Homo sapiens (Human)
P16389	KCNA2	KCNA2	Homo sapiens (Human)
P22001	KCNA3	KCNA3	Homo sapiens (Human)
P22459	KCNA4	KCNA4	Homo sapiens (Human)
P22460	KCNA5	KCNA5	Homo sapiens (Human)
P17658	KCNA6	KCNA6	Homo sapiens (Human)
Q96RP8	KCNA7	KCNA7	Homo sapiens (Human)
Q13303	KCNAB2	KCNAB2	Homo sapiens (Human)
P48547	KCNC1	KCNC1	Homo sapiens (Human)
Q96PR1	KCNC2	KCNC2	Homo sapiens (Human)
Q14003	KCNC3	KCNC3	Homo sapiens (Human)
Q9NZV8	KCND2	KCND2	Homo sapiens (Human)
Q9UK17	KCND3	KCND3	Homo sapiens (Human)
P15382	KCNE1	KCNE1	Homo sapiens (Human)
Q9Y6J6	KCNE2	KCNE2	Homo sapiens (Human)
Q9Y6H6	KCNE3	KCNE3	Homo sapiens (Human)
Q8WWG9	KCNE4	KCNE4	Homo sapiens (Human)
O95259	KCNH1	KCNH1	Homo sapiens (Human)
Q12809	KCNH2	KCNH2	Homo sapiens (Human)
Q9ULD8	KCNH3	KCNH3	Homo sapiens (Human)
Q9H252	KCNH6	KCNH6	Homo sapiens (Human)
Q9NS40	KCNH7	KCNH7	Homo sapiens (Human)
P48048	KCNJ1	KCNJ1	Homo sapiens (Human)
P78508	KCNJ10	KCNJ10	Homo sapiens (Human)
Q14654	KCNJ11	KCNJ11	Homo sapiens (Human)
Q14500	KCNJ12	KCNJ12	Homo sapiens (Human)
Q15842	KCNJ8	KCNJ8	Homo sapiens (Human)
O00180	KCNK1	KCNK1	Homo sapiens (Human)
Q7Z418	KCNK18	KCNK18	Homo sapiens (Human)
O95069	KCNK2	KCNK2	Homo sapiens (Human)
O14649	KCNK3	KCNK3	Homo sapiens (Human)
Q9Y257	KCNK6	KCNK6	Homo sapiens (Human)
Q9NPC2	KCNK9	KCNK9	Homo sapiens (Human)
Q12791	KCNMA1	KCNMA1	Homo sapiens (Human)
Q16558	KCNMB1	KCNMB1	Homo sapiens (Human)
Q92952	KCNN1	KCNN1	Homo sapiens (Human)
Q9H2S1	KCNN2	KCNN2	Homo sapiens (Human)
Q9UGI6	KCNN3	KCNN3	Homo sapiens (Human)
O15554	KCNN4	KCNN4	Homo sapiens (Human)
P51787	KCNQ1	KCNQ1	Homo sapiens (Human)
O43526	KCNQ2	KCNQ2	Homo sapiens (Human)
O43525	KCNQ3	KCNQ3	Homo sapiens (Human)
P56696	KCNQ4	KCNQ4	Homo sapiens (Human)
Q9NR82	KCNQ5	KCNQ5	Homo sapiens (Human)
Q9BQ31	KCNS3	KCNS3	Homo sapiens (Human)
O60341	KDM1A	KDM1A	Homo sapiens (Human)
Q9Y2K7	KDM2A	KDM2A	Homo sapiens (Human)
O75164	KDM4A	KDM4A	Homo sapiens (Human)
O94953	KDM4B	KDM4B	Homo sapiens (Human)
Q9H3R0	KDM4C	KDM4C	Homo sapiens (Human)
Q6B0I6	KDM4D	KDM4D	Homo sapiens (Human)
B2RXH2	KDM4E	KDM4E	Homo sapiens (Human)
P29375	KDM5A	KDM5A	Homo sapiens (Human)
Q9UGL1	KDM5B	KDM5B	Homo sapiens (Human)
P41229	KDM5C	KDM5C	Homo sapiens (Human)
Q9BY66	KDM5D	KDM5D	Homo sapiens (Human)
O15550	KDM6A	KDM6A	Homo sapiens (Human)
O15054	KDM6B	KDM6B	Homo sapiens (Human)
P35968	KDR	KDR	Homo sapiens (Human)
Q14145	KEAP1	KEAP1	Homo sapiens (Human)
P50053	KHK	KHK	Homo sapiens (Human)
P52732	KIF11	KIF11	Homo sapiens (Human)
Q969F8	KISS1R	KISS1R	Homo sapiens (Human)
P10721	KIT	KIT	Homo sapiens (Human)
O43474	KLF4	KLF4	Homo sapiens (Human)
P06870	KLK1	KLK1	Homo sapiens (Human)
O43240	KLK10	KLK10	Homo sapiens (Human)
Q9UBX7	KLK11	KLK11	Homo sapiens (Human)
Q9UKR0	KLK12	KLK12	Homo sapiens (Human)
Q9UKR3	KLK13	KLK13	Homo sapiens (Human)
Q9P0G3	KLK14	KLK14	Homo sapiens (Human)
Q9H2R5	KLK15	KLK15	Homo sapiens (Human)
P20151	KLK2	KLK2	Homo sapiens (Human)
P07288	KLK3	KLK3	Homo sapiens (Human)
Q9Y5K2	KLK4	KLK4	Homo sapiens (Human)
Q9Y337	KLK5	KLK5	Homo sapiens (Human)
Q92876	KLK6	KLK6	Homo sapiens (Human)
P49862	KLK7	KLK7	Homo sapiens (Human)
O60259	KLK8	KLK8	Homo sapiens (Human)
Q9UKQ9	KLK9	KLK9	Homo sapiens (Human)
P03952	KLKB1	KLKB1	Homo sapiens (Human)
O15229	KMO	KMO	Homo sapiens (Human)
Q03164	KMT2A	KMT2A	Homo sapiens (Human)
Q9NQR1	KMT5A	KMT5A	Homo sapiens (Human)
Q4FZB7	KMT5B	KMT5B	Homo sapiens (Human)
Q86Y97	KMT5C	KMT5C	Homo sapiens (Human)
Q14974	KPNB1	KPNB1	Homo sapiens (Human)
P01116	KRAS	KRAS	Homo sapiens (Human)
Q99456	KRT12	KRT12	Homo sapiens (Human)
Q8IVT5	KSR1	KSR1	Homo sapiens (Human)
Q9Y468	L3MBTL1	L3MBTL1	Homo sapiens (Human)
Q96JM7	L3MBTL3	L3MBTL3	Homo sapiens (Human)
Q8NA19	L3MBTL4	L3MBTL4	Homo sapiens (Human)
P83111	LACTB	LACTB	Homo sapiens (Human)
P11279	LAMP1	LAMP1	Homo sapiens (Human)
P28838	LAP3	LAP3	Homo sapiens (Human)
Q15031	LARS2	LARS2	Homo sapiens (Human)
O95835	LATS1	LATS1	Homo sapiens (Human)
Q9NRM7	LATS2	LATS2	Homo sapiens (Human)
P06239	LCK	LCK	Homo sapiens (Human)
P00338	LDHA	LDHA	Homo sapiens (Human)
P07195	LDHB	LDHB	Homo sapiens (Human)
P01130	LDLR	LDLR	Homo sapiens (Human)
P48357	LEPR	LEPR	Homo sapiens (Human)
P09382	LGALS1	LGALS1	Homo sapiens (Human)
P17931	LGALS3	LGALS3	Homo sapiens (Human)
Q99538	LGMN	LGMN	Homo sapiens (Human)
P22888	LHCGR	LHCGR	Homo sapiens (Human)
P18858	LIG1	LIG1	Homo sapiens (Human)
P49916	LIG3	LIG3	Homo sapiens (Human)
P49917	LIG4	LIG4	Homo sapiens (Human)
P53667	LIMK1	LIMK1	Homo sapiens (Human)
P53671	LIMK2	LIMK2	Homo sapiens (Human)
Q9H9Z2	LIN28A	LIN28A	Homo sapiens (Human)
P38571	LIPA	LIPA	Homo sapiens (Human)
P11150	LIPC	LIPC	Homo sapiens (Human)
Q05469	LIPE	LIPE	Homo sapiens (Human)
P07098	LIPF	LIPF	Homo sapiens (Human)
Q9Y5X9	LIPG	LIPG	Homo sapiens (Human)
Q9UIQ6	LNPEP	LNPEP	Homo sapiens (Human)
P28300	LOX	LOX	Homo sapiens (Human)
Q9Y4K0	LOXL2	LOXL2	Homo sapiens (Human)
Q92633	LPAR1	LPAR1	Homo sapiens (Human)
Q9HBW0	LPAR2	LPAR2	Homo sapiens (Human)
Q9UBY5	LPAR3	LPAR3	Homo sapiens (Human)
Q9H1C0	LPAR5	LPAR5	Homo sapiens (Human)
Q5S007	LRRK2	LRRK2	Homo sapiens (Human)
P48449	LSS	LSS	Homo sapiens (Human)
P09960	LTA4H	LTA4H	Homo sapiens (Human)
Q15722	LTB4R	LTB4R	Homo sapiens (Human)
Q9NPC1	LTB4R2	LTB4R2	Homo sapiens (Human)
Q16873	LTC4S	LTC4S	Homo sapiens (Human)
P07948	LYN	LYN	Homo sapiens (Human)
O95372	LYPLA2	LYPLA2	Homo sapiens (Human)
Q5VWZ2	LYPLAL1	LYPLAL1	Homo sapiens (Human)
Q9UDY8	MALT1	MALT1	Homo sapiens (Human)
Q16706	MAN2A1	MAN2A1	Homo sapiens (Human)
P49641	MAN2A2	MAN2A2	Homo sapiens (Human)
O00754	MAN2B1	MAN2B1	Homo sapiens (Human)
Q9Y2E5	MAN2B2	MAN2B2	Homo sapiens (Human)
Q9NTJ4	MAN2C1	MAN2C1	Homo sapiens (Human)
P21397	MAOA	MAOA	Homo sapiens (Human)
P27338	MAOB	MAOB	Homo sapiens (Human)
Q02750	MAP2K1	MAP2K1	Homo sapiens (Human)
P36507	MAP2K2	MAP2K2	Homo sapiens (Human)
P46734	MAP2K3	MAP2K3	Homo sapiens (Human)
P45985	MAP2K4	MAP2K4	Homo sapiens (Human)
Q13163	MAP2K5	MAP2K5	Homo sapiens (Human)
P52564	MAP2K6	MAP2K6	Homo sapiens (Human)
O14733	MAP2K7	MAP2K7	Homo sapiens (Human)
Q16584	MAP3K11	MAP3K11	Homo sapiens (Human)
Q12852	MAP3K12	MAP3K12	Homo sapiens (Human)
Q99558	MAP3K14	MAP3K14	Homo sapiens (Human)
Q9NYL2	MAP3K20	MAP3K20	Homo sapiens (Human)
Q99683	MAP3K5	MAP3K5	Homo sapiens (Human)
P41279	MAP3K8	MAP3K8	Homo sapiens (Human)
P80192	MAP3K9	MAP3K9	Homo sapiens (Human)
Q92918	MAP4K1	MAP4K1	Homo sapiens (Human)
O95819	MAP4K4	MAP4K4	Homo sapiens (Human)
P28482	MAPK1	MAPK1	Homo sapiens (Human)
P53779	MAPK10	MAPK10	Homo sapiens (Human)
Q15759	MAPK11	MAPK11	Homo sapiens (Human)
P53778	MAPK12	MAPK12	Homo sapiens (Human)
O15264	MAPK13	MAPK13	Homo sapiens (Human)
Q16539	MAPK14	MAPK14	Homo sapiens (Human)
Q8TD08	MAPK15	MAPK15	Homo sapiens (Human)
P27361	MAPK3	MAPK3	Homo sapiens (Human)
P31152	MAPK4	MAPK4	Homo sapiens (Human)
Q16659	MAPK6	MAPK6	Homo sapiens (Human)
Q13164	MAPK7	MAPK7	Homo sapiens (Human)
P45983	MAPK8	MAPK8	Homo sapiens (Human)
P45984	MAPK9	MAPK9	Homo sapiens (Human)
P49137	MAPKAPK2	MAPKAPK2	Homo sapiens (Human)
Q8IW41	MAPKAPK5	MAPKAPK5	Homo sapiens (Human)
P10636	MAPT	MAPT	Homo sapiens (Human)
P56192	MARS1	MARS1	Homo sapiens (Human)
P31153	MAT2A	MAT2A	Homo sapiens (Human)
Q96T53	MBOAT4	MBOAT4	Homo sapiens (Human)
Q14703	MBTPS1	MBTPS1	Homo sapiens (Human)
Q01726	MC1R	MC1R	Homo sapiens (Human)
P41968	MC3R	MC3R	Homo sapiens (Human)
P32245	MC4R	MC4R	Homo sapiens (Human)
P33032	MC5R	MC5R	Homo sapiens (Human)
Q99705	MCHR1	MCHR1	Homo sapiens (Human)
Q969V1	MCHR2	MCHR2	Homo sapiens (Human)
Q07820	MCL1	MCL1	Homo sapiens (Human)
Q9GZU1	MCOLN1	MCOLN1	Homo sapiens (Human)
Q8NE86	MCU	MCU	Homo sapiens (Human)
Q00987	MDM2	MDM2	Homo sapiens (Human)
P48163	ME1	ME1	Homo sapiens (Human)
P23368	ME2	ME2	Homo sapiens (Human)
Q14680	MELK	MELK	Homo sapiens (Human)
O00255	MEN1	MEN1	Homo sapiens (Human)
Q16820	MEP1B	MEP1B	Homo sapiens (Human)
Q12866	MERTK	MERTK	Homo sapiens (Human)
P08581	MET	MET	Homo sapiens (Human)
P53582	METAP1	METAP1	Homo sapiens (Human)
P50579	METAP2	METAP2	Homo sapiens (Human)
Q99685	MGLL	MGLL	Homo sapiens (Human)
P16455	MGMT	MGMT	Homo sapiens (Human)
P14174	MIF	MIF	Homo sapiens (Human)
Q9BUB5	MKNK1	MKNK1	Homo sapiens (Human)
Q9HBH9	MKNK2	MKNK2	Homo sapiens (Human)
Q8NB16	MLKL	MLKL	Homo sapiens (Human)
Q03111	MLLT1	MLLT1	Homo sapiens (Human)
P42568	MLLT3	MLLT3	Homo sapiens (Human)
O43193	MLNR	MLNR	Homo sapiens (Human)
O95822	MLYCD	MLYCD	Homo sapiens (Human)
P08473	MME	MME	Homo sapiens (Human)
P03956	MMP1	MMP1	Homo sapiens (Human)
P09238	MMP10	MMP10	Homo sapiens (Human)
P24347	MMP11	MMP11	Homo sapiens (Human)
P39900	MMP12	MMP12	Homo sapiens (Human)
P45452	MMP13	MMP13	Homo sapiens (Human)
P50281	MMP14	MMP14	Homo sapiens (Human)
P51511	MMP15	MMP15	Homo sapiens (Human)
P51512	MMP16	MMP16	Homo sapiens (Human)
Q9ULZ9	MMP17	MMP17	Homo sapiens (Human)
Q99542	MMP19	MMP19	Homo sapiens (Human)
P08253	MMP2	MMP2	Homo sapiens (Human)
O60882	MMP20	MMP20	Homo sapiens (Human)
Q8N119	MMP21	MMP21	Homo sapiens (Human)
O75900	MMP23A	MMP23B	Homo sapiens (Human)
Q9H306	MMP27	MMP27	Homo sapiens (Human)
Q9H239	MMP28	MMP28	Homo sapiens (Human)
P08254	MMP3	MMP3	Homo sapiens (Human)
P09237	MMP7	MMP7	Homo sapiens (Human)
P22894	MMP8	MMP8	Homo sapiens (Human)
P14780	MMP9	MMP9	Homo sapiens (Human)
Q3SYC2	MOGAT2	MOGAT2	Homo sapiens (Human)
Q86VF5	MOGAT3	MOGAT3	Homo sapiens (Human)
Q13724	MOGS	MOGS	Homo sapiens (Human)
Q9Y5U8	MPC1	MPC1	Homo sapiens (Human)
O95563	MPC2	MPC2	Homo sapiens (Human)
P34949	MPI	MPI	Homo sapiens (Human)
P40238	MPL	MPL	Homo sapiens (Human)
P05164	MPO	MPO	Homo sapiens (Human)
Q96LB2	MRGPRX1	MRGPRX1	Homo sapiens (Human)
Q96LB1	MRGPRX2	MRGPRX2	Homo sapiens (Human)
Q01362	MS4A2	MS4A2	Homo sapiens (Human)
Q9GZW8	MS4A7	MS4A7	Homo sapiens (Human)
Q04912	MST1R	MST1R	Homo sapiens (Human)
P00846	MT-ATP6	MT-ATP6	Homo sapiens (Human)
P03886	MT-ND1	MT-ND1	Homo sapiens (Human)
Q13126	MTAP	MTAP	Homo sapiens (Human)
Q14872	MTF1	MTF1	Homo sapiens (Human)
P48039	MTNR1A	MTNR1A	Homo sapiens (Human)
P49286	MTNR1B	MTNR1B	Homo sapiens (Human)
P42345	MTOR	MTOR	Homo sapiens (Human)
P55157	MTTP	MTTP	Homo sapiens (Human)
O15146	MUSK	MUSK	Homo sapiens (Human)
P53602	MVD	MVD	Homo sapiens (Human)
P01106	MYC	MYC	Homo sapiens (Human)
Q99836	MYD88	MYD88	Homo sapiens (Human)
P35580	MYH10	MYH10	Homo sapiens (Human)
P12883	MYH7	MYH7	Homo sapiens (Human)
P35579	MYH9	MYH9	Homo sapiens (Human)
Q15746	MYLK	MYLK	Homo sapiens (Human)
Q9H1R3	MYLK2	MYLK2	Homo sapiens (Human)
Q32MK0	MYLK3	MYLK3	Homo sapiens (Human)
Q86YV6	MYLK4	MYLK4	Homo sapiens (Human)
Q02083	NAAA	NAAA	Homo sapiens (Human)
Q13564	NAE1	NAE1	Homo sapiens (Human)
P43490	NAMPT	NAMPT	Homo sapiens (Human)
P18440	NAT1	NAT1	Homo sapiens (Human)
Q9H0A0	NAT10	NAT10	Homo sapiens (Human)
Q6PIU2	NCEH1	NCEH1	Homo sapiens (Human)
P16333	NCK1	NCK1	Homo sapiens (Human)
O43639	NCK2	NCK2	Homo sapiens (Human)
O14561	NDUFAB1	NDUFAB1	Homo sapiens (Human)
P28331	NDUFS1	NDUFS1	Homo sapiens (Human)
P49821	NDUFV1	NDUFV1	Homo sapiens (Human)
P46934	NEDD4	NEDD4	Homo sapiens (Human)
Q15843	NEDD8	NEDD8	Homo sapiens (Human)
Q96PY6	NEK1	NEK1	Homo sapiens (Human)
P51955	NEK2	NEK2	Homo sapiens (Human)
Q99519	NEU1	NEU1	Homo sapiens (Human)
Q9Y3R4	NEU2	NEU2	Homo sapiens (Human)
Q9UQ49	NEU3	NEU3	Homo sapiens (Human)
Q16236	NFE2L2	NFE2L2	Homo sapiens (Human)
P19838	NFKB1	NFKB1	Homo sapiens (Human)
Q00653	NFKB2	NFKB2	Homo sapiens (Human)
P01138	NGF	NGF	Homo sapiens (Human)
Q96IV0	NGLY1	NGLY1	Homo sapiens (Human)
Q9Y2I1	NISCH	NISCH	Homo sapiens (Human)
Q96P20	NLRP3	NLRP3	Homo sapiens (Human)
P28336	NMBR	NMBR	Homo sapiens (Human)
P15531	NME1	NME1	Homo sapiens (Human)
P22392	NME2	NME2	Homo sapiens (Human)
P30419	NMT1	NMT1	Homo sapiens (Human)
Q9HB89	NMUR1	NMUR1	Homo sapiens (Human)
Q9GZQ4	NMUR2	NMUR2	Homo sapiens (Human)
P29475	NOS1	NOS1	Homo sapiens (Human)
P35228	NOS2	NOS2	Homo sapiens (Human)
P29474	NOS3	NOS3	Homo sapiens (Human)
Q6P988	NOTUM	NOTUM	Homo sapiens (Human)
Q9Y5S8	NOX1	NOX1	Homo sapiens (Human)
Q9HBY0	NOX3	NOX3	Homo sapiens (Human)
Q9NPH5	NOX4	NOX4	Homo sapiens (Human)
Q96PH1	NOX5	NOX5	Homo sapiens (Human)
Q8NFA2	NOXO1	NOXO1	Homo sapiens (Human)
P48145	NPBWR1	NPBWR1	Homo sapiens (Human)
O15118	NPC1	NPC1	Homo sapiens (Human)
Q9UHC9	NPC1L1	NPC1L1	Homo sapiens (Human)
P55786	NPEPPS	NPEPPS	Homo sapiens (Human)
Q9GZQ6	NPFFR1	NPFFR1	Homo sapiens (Human)
Q9Y5X5	NPFFR2	NPFFR2	Homo sapiens (Human)
P16066	NPR1	NPR1	Homo sapiens (Human)
Q6W5P4	NPSR1	NPSR1	Homo sapiens (Human)
P25929	NPY1R	NPY1R	Homo sapiens (Human)
P49146	NPY2R	NPY2R	Homo sapiens (Human)
Q15761	NPY5R	NPY5R	Homo sapiens (Human)
P15559	NQO1	NQO1	Homo sapiens (Human)
P16083	NQO2	NQO2	Homo sapiens (Human)
P20393	NR1D1	NR1D1	Homo sapiens (Human)
P55055	NR1H2	NR1H2	Homo sapiens (Human)
Q13133	NR1H3	NR1H3	Homo sapiens (Human)
Q96RI1	NR1H4	NR1H4	Homo sapiens (Human)
O75469	NR1I2	NR1I2	Homo sapiens (Human)
Q14994	NR1I3	NR1I3	Homo sapiens (Human)
P04150	NR3C1	NR3C1	Homo sapiens (Human)
P08235	NR3C2	NR3C2	Homo sapiens (Human)
P22736	NR4A1	NR4A1	Homo sapiens (Human)
P43354	NR4A2	NR4A2	Homo sapiens (Human)
Q13285	NR5A1	NR5A1	Homo sapiens (Human)
O00482	NR5A2	NR5A2	Homo sapiens (Human)
P01111	NRAS	NRAS	Homo sapiens (Human)
O14786	NRP1	NRP1	Homo sapiens (Human)
Q9BZ95	NSD3	NSD3	Homo sapiens (Human)
Q15738	NSDHL	NSDHL	Homo sapiens (Human)
P04629	NTRK1	NTRK1	Homo sapiens (Human)
Q16620	NTRK2	NTRK2	Homo sapiens (Human)
Q16288	NTRK3	NTRK3	Homo sapiens (Human)
P30989	NTSR1	NTSR1	Homo sapiens (Human)
O95665	NTSR2	NTSR2	Homo sapiens (Human)
O60285	NUAK1	NUAK1	Homo sapiens (Human)
Q9H093	NUAK2	NUAK2	Homo sapiens (Human)
Q02818	NUCB1	NUCB1	Homo sapiens (Human)
P36639	NUDT1	NUDT1	Homo sapiens (Human)
P50583	NUDT2	NUDT2	Homo sapiens (Human)
P04181	OAT	OAT	Homo sapiens (Human)
P11926	ODC1	ODC1	Homo sapiens (Human)
O60502	OGA	OGA	Homo sapiens (Human)
O15527	OGG1	OGG1	Homo sapiens (Human)
O15294	OGT	OGT	Homo sapiens (Human)
Q13516	OLIG2	OLIG2	Homo sapiens (Human)
Q9UHM6	OPN4	OPN4	Homo sapiens (Human)
P41143	OPRD1	OPRD1	Homo sapiens (Human)
P41145	OPRK1	OPRK1	Homo sapiens (Human)
P41146	OPRL1	OPRL1	Homo sapiens (Human)
P35372	OPRM1	OPRM1	Homo sapiens (Human)
Q96CV9	OPTN	OPTN	Homo sapiens (Human)
Q96D31	ORAI1	ORAI1	Homo sapiens (Human)
Q96SN7	ORAI2	ORAI2	Homo sapiens (Human)
Q9BRQ5	ORAI3	ORAI3	Homo sapiens (Human)
Q8TDS5	OXER1	OXER1	Homo sapiens (Human)
P30559	OXTR	OXTR	Homo sapiens (Human)
P51575	P2RX1	P2RX1	Homo sapiens (Human)
Q9UBL9	P2RX2	P2RX2	Homo sapiens (Human)
P56373	P2RX3	P2RX3	Homo sapiens (Human)
Q99571	P2RX4	P2RX4	Homo sapiens (Human)
Q99572	P2RX7	P2RX7	Homo sapiens (Human)
P47900	P2RY1	P2RY1	Homo sapiens (Human)
Q9H244	P2RY12	P2RY12	Homo sapiens (Human)
Q9BPV8	P2RY13	P2RY13	Homo sapiens (Human)
Q15391	P2RY14	P2RY14	Homo sapiens (Human)
P41231	P2RY2	P2RY2	Homo sapiens (Human)
P51582	P2RY4	P2RY4	Homo sapiens (Human)
Q15077	P2RY6	P2RY6	Homo sapiens (Human)
P13674	P4HA1	P4HA1	Homo sapiens (Human)
O15460	P4HA2	P4HA2	Homo sapiens (Human)
Q7Z4N8	P4HA3	P4HA3	Homo sapiens (Human)
P07237	P4HB	P4HB	Homo sapiens (Human)
Q9ULC6	PADI1	PADI1	Homo sapiens (Human)
Q9Y2J8	PADI2	PADI2	Homo sapiens (Human)
Q9ULW8	PADI3	PADI3	Homo sapiens (Human)
Q9UM07	PADI4	PADI4	Homo sapiens (Human)
Q6TGC4	PADI6	PADI6	Homo sapiens (Human)
P00439	PAH	PAH	Homo sapiens (Human)
Q13153	PAK1	PAK1	Homo sapiens (Human)
O96013	PAK4	PAK4	Homo sapiens (Human)
Q9NQU5	PAK6	PAK6	Homo sapiens (Human)
P19021	PAM	PAM	Homo sapiens (Human)
Q96RD7	PANX1	PANX1	Homo sapiens (Human)
P51003	PAPOLA	PAPOLA	Homo sapiens (Human)
Q86W56	PARG	PARG	Homo sapiens (Human)
P09874	PARP1	PARP1	Homo sapiens (Human)
Q53GL7	PARP10	PARP10	Homo sapiens (Human)
Q9UGN5	PARP2	PARP2	Homo sapiens (Human)
Q9Y6F1	PARP3	PARP3	Homo sapiens (Human)
Q02962	PAX2	PAX2	Homo sapiens (Human)
Q96KB5	PBK	PBK	Homo sapiens (Human)
Q86U86	PBRM1	PBRM1	Homo sapiens (Human)
P35558	PCK1	PCK1	Homo sapiens (Human)
Q8NBP7	PCSK9	PCSK9	Homo sapiens (Human)
Q9UKL6	PCTP	PCTP	Homo sapiens (Human)
P49585	PCYT1A	PCYT1A	Homo sapiens (Human)
Q99447	PCYT2	PCYT2	Homo sapiens (Human)
Q15116	PDCD1	PDCD1	Homo sapiens (Human)
Q9Y233	PDE10A	PDE10A	Homo sapiens (Human)
Q9HCR9	PDE11A	PDE11A	Homo sapiens (Human)
P54750	PDE1A	PDE1A	Homo sapiens (Human)
Q01064	PDE1B	PDE1B	Homo sapiens (Human)
Q14123	PDE1C	PDE1C	Homo sapiens (Human)
O00408	PDE2A	PDE2A	Homo sapiens (Human)
Q14432	PDE3A	PDE3A	Homo sapiens (Human)
Q13370	PDE3B	PDE3B	Homo sapiens (Human)
P27815	PDE4A	PDE4A	Homo sapiens (Human)
Q07343	PDE4B	PDE4B	Homo sapiens (Human)
Q08493	PDE4C	PDE4C	Homo sapiens (Human)
Q08499	PDE4D	PDE4D	Homo sapiens (Human)
O76074	PDE5A	PDE5A	Homo sapiens (Human)
P16499	PDE6A	PDE6A	Homo sapiens (Human)
P35913	PDE6B	PDE6B	Homo sapiens (Human)
P51160	PDE6C	PDE6C	Homo sapiens (Human)
O43924	PDE6D	PDE6D	Homo sapiens (Human)
P18545	PDE6G	PDE6G	Homo sapiens (Human)
Q13956	PDE6H	PDE6H	Homo sapiens (Human)
Q13946	PDE7A	PDE7A	Homo sapiens (Human)
Q9NP56	PDE7B	PDE7B	Homo sapiens (Human)
O60658	PDE8A	PDE8A	Homo sapiens (Human)
O95263	PDE8B	PDE8B	Homo sapiens (Human)
O76083	PDE9A	PDE9A	Homo sapiens (Human)
Q9HBH1	PDF	PDF	Homo sapiens (Human)
P16234	PDGFRA	PDGFRA	Homo sapiens (Human)
P09619	PDGFRB	PDGFRB	Homo sapiens (Human)
P08559	PDHA1	PDHA1	Homo sapiens (Human)
P29803	PDHA2	PDHA2	Homo sapiens (Human)
P11177	PDHB	PDHB	Homo sapiens (Human)
P30101	PDIA3	PDIA3	Homo sapiens (Human)
Q15118	PDK1	PDK1	Homo sapiens (Human)
Q15119	PDK2	PDK2	Homo sapiens (Human)
Q15120	PDK3	PDK3	Homo sapiens (Human)
Q16654	PDK4	PDK4	Homo sapiens (Human)
O15530	PDPK1	PDPK1	Homo sapiens (Human)
P30086	PEBP1	PEBP1	Homo sapiens (Human)
Q16875	PFKFB3	PFKFB3	Homo sapiens (Human)
Q16877	PFKFB4	PFKFB4	Homo sapiens (Human)
P52209	PGD	PGD	Homo sapiens (Human)
P53609	PGGT1B	PGGT1B	Homo sapiens (Human)
P00558	PGK1	PGK1	Homo sapiens (Human)
P06401	PGR	PGR	Homo sapiens (Human)
O43175	PHGDH	PHGDH	Homo sapiens (Human)
P19957	PI3	PI3	Homo sapiens (Human)
P42356	PI4KA	PI4KA	Homo sapiens (Human)
Q9UBF8	PI4KB	PI4KB	Homo sapiens (Human)
Q92508	PIEZO1	PIEZO1	Homo sapiens (Human)
O00750	PIK3C2B	PIK3C2B	Homo sapiens (Human)
Q8NEB9	PIK3C3	PIK3C3	Homo sapiens (Human)
P42336	PIK3CA	PIK3CA	Homo sapiens (Human)
P42338	PIK3CB	PIK3CB	Homo sapiens (Human)
O00329	PIK3CD	PIK3CD	Homo sapiens (Human)
P48736	PIK3CG	PIK3CG	Homo sapiens (Human)
Q9Y2I7	PIKFYVE	PIKFYVE	Homo sapiens (Human)
P11309	PIM1	PIM1	Homo sapiens (Human)
Q9P1W9	PIM2	PIM2	Homo sapiens (Human)
Q86V86	PIM3	PIM3	Homo sapiens (Human)
Q13526	PIN1	PIN1	Homo sapiens (Human)
Q9BXM7	PINK1	PINK1	Homo sapiens (Human)
Q99755	PIP5K1A	PIP5K1A	Homo sapiens (Human)
O60331	PIP5K1C	PIP5K1C	Homo sapiens (Human)
O00625	PIR	PIR	Homo sapiens (Human)
P98161	PKD1	PKD1	Homo sapiens (Human)
Q9NZM6	PKD2L2	PKD2L2	Homo sapiens (Human)
P30613	PKLR	PKLR	Homo sapiens (Human)
P14618	PKM	PKM	Homo sapiens (Human)
Q16513	PKN2	PKN2	Homo sapiens (Human)
O15496	PLA2G10	PLA2G10	Homo sapiens (Human)
Q9BZM1	PLA2G12A	PLA2G12A	Homo sapiens (Human)
Q9BX93	PLA2G12B	PLA2G12B	Homo sapiens (Human)
P04054	PLA2G1B	PLA2G1B	Homo sapiens (Human)
P14555	PLA2G2A	PLA2G2A	Homo sapiens (Human)
Q5R387	PLA2G2C	PLA2G2C	Homo sapiens (Human)
Q9UNK4	PLA2G2D	PLA2G2D	Homo sapiens (Human)
Q9NZK7	PLA2G2E	PLA2G2E	Homo sapiens (Human)
Q9NZ20	PLA2G3	PLA2G3	Homo sapiens (Human)
P47712	PLA2G4A	PLA2G4A	Homo sapiens (Human)
Q68DD2	PLA2G4F	PLA2G4F	Homo sapiens (Human)
P39877	PLA2G5	PLA2G5	Homo sapiens (Human)
O60733	PLA2G6	PLA2G6	Homo sapiens (Human)
Q13093	PLA2G7	PLA2G7	Homo sapiens (Human)
Q13018	PLA2R1	PLA2R1	Homo sapiens (Human)
P00750	PLAT	PLAT	Homo sapiens (Human)
P00749	PLAU	PLAU	Homo sapiens (Human)
Q03405	PLAUR	PLAUR	Homo sapiens (Human)
Q9NQ66	PLCB1	PLCB1	Homo sapiens (Human)
P19174	PLCG1	PLCG1	Homo sapiens (Human)
Q13393	PLD1	PLD1	Homo sapiens (Human)
O14939	PLD2	PLD2	Homo sapiens (Human)
P00747	PLG	PLG	Homo sapiens (Human)
P53350	PLK1	PLK1	Homo sapiens (Human)
Q9NYY3	PLK2	PLK2	Homo sapiens (Human)
Q9H4B4	PLK3	PLK3	Homo sapiens (Human)
P26678	PLN	PLN	Homo sapiens (Human)
P16233	PNLIP	PNLIP	Homo sapiens (Human)
P11086	PNMT	PNMT	Homo sapiens (Human)
P00491	PNP	PNP	Homo sapiens (Human)
Q96AD5	PNPLA2	PNPLA2	Homo sapiens (Human)
Q9NST1	PNPLA3	PNPLA3	Homo sapiens (Human)
P41247	PNPLA4	PNPLA4	Homo sapiens (Human)
P09884	POLA1	POLA1	Homo sapiens (Human)
Q14181	POLA2	POLA2	Homo sapiens (Human)
P06746	POLB	POLB	Homo sapiens (Human)
P28340	POLD1	POLD1	Homo sapiens (Human)
P49005	POLD2	POLD2	Homo sapiens (Human)
Q15054	POLD3	POLD3	Homo sapiens (Human)
Q9HCU8	POLD4	POLD4	Homo sapiens (Human)
Q07864	POLE	POLE	Homo sapiens (Human)
P56282	POLE2	POLE2	Homo sapiens (Human)
Q9NRF9	POLE3	POLE3	Homo sapiens (Human)
Q9NR33	POLE4	POLE4	Homo sapiens (Human)
P54098	POLG	POLG	Homo sapiens (Human)
Q9UHN1	POLG2	POLG2	Homo sapiens (Human)
Q9Y253	POLH	POLH	Homo sapiens (Human)
Q9UNA4	POLI	POLI	Homo sapiens (Human)
Q9UBT6	POLK	POLK	Homo sapiens (Human)
Q9UGP5	POLL	POLL	Homo sapiens (Human)
Q9NP87	POLM	POLM	Homo sapiens (Human)
Q7Z5Q5	POLN	POLN	Homo sapiens (Human)
O75417	POLQ	POLQ	Homo sapiens (Human)
P24928	POLR2A	POLR2A	Homo sapiens (Human)
O00411	POLRMT	POLRMT	Homo sapiens (Human)
P27169	PON1	PON1	Homo sapiens (Human)
Q9H237	PORCN	PORCN	Homo sapiens (Human)
Q07869	PPARA	PPARA	Homo sapiens (Human)
Q03181	PPARD	PPARD	Homo sapiens (Human)
P37231	PPARG	PPARG	Homo sapiens (Human)
Q06203	PPAT	PPAT	Homo sapiens (Human)
P62937	PPIA	PPIA	Homo sapiens (Human)
P23284	PPIB	PPIB	Homo sapiens (Human)
Q08752	PPID	PPID	Homo sapiens (Human)
O15297	PPM1D	PPM1D	Homo sapiens (Human)
Q9Y570	PPME1	PPME1	Homo sapiens (Human)
P50336	PPOX	PPOX	Homo sapiens (Human)
P62136	PPP1CA	PPP1CA	Homo sapiens (Human)
P62140	PPP1CB	PPP1CB	Homo sapiens (Human)
P36873	PPP1CC	PPP1CC	Homo sapiens (Human)
O75807	PPP1R15A	PPP1R15A	Homo sapiens (Human)
P67775	PPP2CA	PPP2CA	Homo sapiens (Human)
P62714	PPP2CB	PPP2CB	Homo sapiens (Human)
P30154	PPP2R1B	PPP2R1B	Homo sapiens (Human)
Q9Y5P8	PPP2R3B	PPP2R3B	Homo sapiens (Human)
Q969Q6	PPP2R3C	PPP2R3C	Homo sapiens (Human)
Q08209	PPP3CA	PPP3CA	Homo sapiens (Human)
P16298	PPP3CB	PPP3CB	Homo sapiens (Human)
P48454	PPP3CC	PPP3CC	Homo sapiens (Human)
P63098	PPP3R1	PPP3R1	Homo sapiens (Human)
Q96LZ3	PPP3R2	PPP3R2	Homo sapiens (Human)
P50897	PPT1	PPT1	Homo sapiens (Human)
P42785	PRCP	PRCP	Homo sapiens (Human)
Q9NQV7	PRDM9	PRDM9	Homo sapiens (Human)
P48147	PREP	PREP	Homo sapiens (Human)
P49642	PRIM1	PRIM1	Homo sapiens (Human)
Q13131	PRKAA1	PRKAA1	Homo sapiens (Human)
P54646	PRKAA2	PRKAA2	Homo sapiens (Human)
Q9Y478	PRKAB1	PRKAB1	Homo sapiens (Human)
O43741	PRKAB2	PRKAB2	Homo sapiens (Human)
P17612	PRKACA	PRKACA	Homo sapiens (Human)
P22694	PRKACB	PRKACB	Homo sapiens (Human)
P22612	PRKACG	PRKACG	Homo sapiens (Human)
P54619	PRKAG1	PRKAG1	Homo sapiens (Human)
Q9UGJ0	PRKAG2	PRKAG2	Homo sapiens (Human)
Q9UGI9	PRKAG3	PRKAG3	Homo sapiens (Human)
P17252	PRKCA	PRKCA	Homo sapiens (Human)
P05771	PRKCB	PRKCB	Homo sapiens (Human)
Q05655	PRKCD	PRKCD	Homo sapiens (Human)
Q02156	PRKCE	PRKCE	Homo sapiens (Human)
P05129	PRKCG	PRKCG	Homo sapiens (Human)
C0HM02	PRKCH	PRKCH	Homo sapiens (Human)
P41743	PRKCI	PRKCI	Homo sapiens (Human)
Q04759	PRKCQ	PRKCQ	Homo sapiens (Human)
Q05513	PRKCZ	PRKCZ	Homo sapiens (Human)
Q15139	PRKD1	PRKD1	Homo sapiens (Human)
Q9BZL6	PRKD2	PRKD2	Homo sapiens (Human)
O94806	PRKD3	PRKD3	Homo sapiens (Human)
P78527	PRKDC	PRKDC	Homo sapiens (Human)
Q13976	PRKG1	PRKG1	Homo sapiens (Human)
P51817	PRKX	PRKX	Homo sapiens (Human)
P01236	PRL	PRL	Homo sapiens (Human)
Q99873	PRMT1	PRMT1	Homo sapiens (Human)
O60678	PRMT3	PRMT3	Homo sapiens (Human)
O14744	PRMT5	PRMT5	Homo sapiens (Human)
Q96LA8	PRMT6	PRMT6	Homo sapiens (Human)
Q9NVM4	PRMT7	PRMT7	Homo sapiens (Human)
Q9NR22	PRMT8	PRMT8	Homo sapiens (Human)
F7VJQ1	PRNP	PRNP	Homo sapiens (Human)
P04070	PROC	PROC	Homo sapiens (Human)
Q8TCW9	PROKR1	PROKR1	Homo sapiens (Human)
O43172	PRPF4	PRPF4	Homo sapiens (Human)
P07477	PRSS1	PRSS1	Homo sapiens (Human)
P07478	PRSS2	PRSS2	Homo sapiens (Human)
P35030	PRSS3	PRSS3	Homo sapiens (Human)
Q16651	PRSS8	PRSS8	Homo sapiens (Human)
P49768	PSEN1	PSEN1	Homo sapiens (Human)
P49810	PSEN2	PSEN2	Homo sapiens (Human)
Q9NZ42	PSENEN	PSENEN	Homo sapiens (Human)
P25786	PSMA1	PSMA1	Homo sapiens (Human)
P25787	PSMA2	PSMA2	Homo sapiens (Human)
P25788	PSMA3	PSMA3	Homo sapiens (Human)
P25789	PSMA4	PSMA4	Homo sapiens (Human)
P28066	PSMA5	PSMA5	Homo sapiens (Human)
P60900	PSMA6	PSMA6	Homo sapiens (Human)
O14818	PSMA7	PSMA7	Homo sapiens (Human)
Q8TAA3	PSMA8	PSMA8	Homo sapiens (Human)
P20618	PSMB1	PSMB1	Homo sapiens (Human)
P40306	PSMB10	PSMB10	Homo sapiens (Human)
A5LHX3	PSMB11	PSMB11	Homo sapiens (Human)
P49721	PSMB2	PSMB2	Homo sapiens (Human)
P49720	PSMB3	PSMB3	Homo sapiens (Human)
P28070	PSMB4	PSMB4	Homo sapiens (Human)
P28074	PSMB5	PSMB5	Homo sapiens (Human)
P28072	PSMB6	PSMB6	Homo sapiens (Human)
Q99436	PSMB7	PSMB7	Homo sapiens (Human)
P28062	PSMB8	PSMB8	Homo sapiens (Human)
P28065	PSMB9	PSMB9	Homo sapiens (Human)
P17980	PSMC3	PSMC3	Homo sapiens (Human)
P62195	PSMC5	PSMC5	Homo sapiens (Human)
Q99460	PSMD1	PSMD1	Homo sapiens (Human)
O00231	PSMD11	PSMD11	Homo sapiens (Human)
Q9UNM6	PSMD13	PSMD13	Homo sapiens (Human)
O00487	PSMD14	PSMD14	Homo sapiens (Human)
Q13200	PSMD2	PSMD2	Homo sapiens (Human)
O43242	PSMD3	PSMD3	Homo sapiens (Human)
P55036	PSMD4	PSMD4	Homo sapiens (Human)
P51665	PSMD7	PSMD7	Homo sapiens (Human)
P48556	PSMD8	PSMD8	Homo sapiens (Human)
P25105	PTAFR	PTAFR	Homo sapiens (Human)
Q13635	PTCH1	PTCH1	Homo sapiens (Human)
P60484	PTEN	PTEN	Homo sapiens (Human)
Q13258	PTGDR	PTGDR	Homo sapiens (Human)
Q9Y5Y4	PTGDR2	PTGDR2	Homo sapiens (Human)
P41222	PTGDS	PTGDS	Homo sapiens (Human)
P34995	PTGER1	PTGER1	Homo sapiens (Human)
P43116	PTGER2	PTGER2	Homo sapiens (Human)
P43115	PTGER3	PTGER3	Homo sapiens (Human)
P35408	PTGER4	PTGER4	Homo sapiens (Human)
O14684	PTGES	PTGES	Homo sapiens (Human)
P43088	PTGFR	PTGFR	Homo sapiens (Human)
P43119	PTGIR	PTGIR	Homo sapiens (Human)
P23219	PTGS1	PTGS1	Homo sapiens (Human)
P35354	PTGS2	PTGS2	Homo sapiens (Human)
Q03431	PTH1R	PTH1R	Homo sapiens (Human)
Q05397	PTK2	PTK2	Homo sapiens (Human)
Q14289	PTK2B	PTK2B	Homo sapiens (Human)
Q13882	PTK6	PTK6	Homo sapiens (Human)
Q13308	PTK7	PTK7	Homo sapiens (Human)
Q93096	PTP4A1	PTP4A1	Homo sapiens (Human)
Q12974	PTP4A2	PTP4A2	Homo sapiens (Human)
O75365	PTP4A3	PTP4A3	Homo sapiens (Human)
P18031	PTPN1	PTPN1	Homo sapiens (Human)
Q06124	PTPN11	PTPN11	Homo sapiens (Human)
P17706	PTPN2	PTPN2	Homo sapiens (Human)
Q9Y2R2	PTPN22	PTPN22	Homo sapiens (Human)
P54829	PTPN5	PTPN5	Homo sapiens (Human)
P29350	PTPN6	PTPN6	Homo sapiens (Human)
P23467	PTPRB	PTPRB	Homo sapiens (Human)
P08575	PTPRC	PTPRC	Homo sapiens (Human)
P23470	PTPRG	PTPRG	Homo sapiens (Human)
P11216	PYGB	PYGB	Homo sapiens (Human)
P06737	PYGL	PYGL	Homo sapiens (Human)
P11217	PYGM	PYGM	Homo sapiens (Human)
Q16769	QPCT	QPCT	Homo sapiens (Human)
Q96P65	QRFPR	QRFPR	Homo sapiens (Human)
Q92696	RABGGTA	RABGGTA	Homo sapiens (Human)
P53611	RABGGTB	RABGGTB	Homo sapiens (Human)
P63000	RAC1	RAC1	Homo sapiens (Human)
Q06609	RAD51	RAD51	Homo sapiens (Human)
P04049	RAF1	RAF1	Homo sapiens (Human)
O60894	RAMP1	RAMP1	Homo sapiens (Human)
O95398	RAPGEF3	RAPGEF3	Homo sapiens (Human)
Q8WZA2	RAPGEF4	RAPGEF4	Homo sapiens (Human)
P10276	RARA	RARA	Homo sapiens (Human)
P10826	RARB	RARB	Homo sapiens (Human)
P13631	RARG	RARG	Homo sapiens (Human)
Q8IV61	RASGRP3	RASGRP3	Homo sapiens (Human)
Q14498	RBM39	RBM39	Homo sapiens (Human)
P02753	RBP4	RBP4	Homo sapiens (Human)
Q9Y256	RCE1	RCE1	Homo sapiens (Human)
Q04864	REL	REL	Homo sapiens (Human)
Q04206	RELA	RELA	Homo sapiens (Human)
P00797	REN	REN	Homo sapiens (Human)
P07949	RET	RET	Homo sapiens (Human)
O60673	REV3L	REV3L	Homo sapiens (Human)
P49798	RGS4	RGS4	Homo sapiens (Human)
Q15382	RHEB	RHEB	Homo sapiens (Human)
P08134	RHOC	RHOC	Homo sapiens (Human)
Q06587	RING1	RING1	Homo sapiens (Human)
O14730	RIOK3	RIOK3	Homo sapiens (Human)
Q13546	RIPK1	RIPK1	Homo sapiens (Human)
O43353	RIPK2	RIPK2	Homo sapiens (Human)
P07998	RNASE1	RNASE1	Homo sapiens (Human)
Q99496	RNF2	RNF2	Homo sapiens (Human)
Q13464	ROCK1	ROCK1	Homo sapiens (Human)
O75116	ROCK2	ROCK2	Homo sapiens (Human)
P35398	RORA	RORA	Homo sapiens (Human)
Q92753	RORB	RORB	Homo sapiens (Human)
P51449	RORC	RORC	Homo sapiens (Human)
P08922	ROS1	ROS1	Homo sapiens (Human)
Q16518	RPE65	RPE65	Homo sapiens (Human)
Q96L21	RPL10L	RPL10L	Homo sapiens (Human)
P62913	RPL11	RPL11	Homo sapiens (Human)
P40429	RPL13A	RPL13A	Homo sapiens (Human)
P61313	RPL15	RPL15	Homo sapiens (Human)
P18621	RPL17	RPL17	Homo sapiens (Human)
P84098	RPL19	RPL19	Homo sapiens (Human)
P62829	RPL23	RPL23	Homo sapiens (Human)
P62750	RPL23A	RPL23A	Homo sapiens (Human)
Q9UNX3	RPL26L1	RPL26L1	Homo sapiens (Human)
P39023	RPL3	RPL3	Homo sapiens (Human)
P61927	RPL37	RPL37	Homo sapiens (Human)
Q02878	RPL6	RPL6	Homo sapiens (Human)
P62917	RPL8	RPL8	Homo sapiens (Human)
P62263	RPS14	RPS14	Homo sapiens (Human)
P60866	RPS20	RPS20	Homo sapiens (Human)
Q15418	RPS6KA1	RPS6KA1	Homo sapiens (Human)
Q15349	RPS6KA2	RPS6KA2	Homo sapiens (Human)
P51812	RPS6KA3	RPS6KA3	Homo sapiens (Human)
O75676	RPS6KA4	RPS6KA4	Homo sapiens (Human)
O75582	RPS6KA5	RPS6KA5	Homo sapiens (Human)
Q9UK32	RPS6KA6	RPS6KA6	Homo sapiens (Human)
P23443	RPS6KB1	RPS6KB1	Homo sapiens (Human)
Q9UBS0	RPS6KB2	RPS6KB2	Homo sapiens (Human)
Q96S38	RPS6KC1	RPS6KC1	Homo sapiens (Human)
P23921	RRM1	RRM1	Homo sapiens (Human)
P31350	RRM2	RRM2	Homo sapiens (Human)
Q9UHA3	RSL24D1	RSL24D1	Homo sapiens (Human)
Q01196	RUNX1	RUNX1	Homo sapiens (Human)
Q9NSD7	RXFP3	RXFP3	Homo sapiens (Human)
P19793	RXRA	RXRA	Homo sapiens (Human)
P28702	RXRB	RXRB	Homo sapiens (Human)
P48443	RXRG	RXRG	Homo sapiens (Human)
P21817	RYR1	RYR1	Homo sapiens (Human)
Q92736	RYR2	RYR2	Homo sapiens (Human)
P80511	S100A12	S100A12	Homo sapiens (Human)
Q99584	S100A13	S100A13	Homo sapiens (Human)
P26447	S100A4	S100A4	Homo sapiens (Human)
P06702	S100A9	S100A9	Homo sapiens (Human)
P25815	S100P	S100P	Homo sapiens (Human)
P21453	S1PR1	S1PR1	Homo sapiens (Human)
O95136	S1PR2	S1PR2	Homo sapiens (Human)
Q99500	S1PR3	S1PR3	Homo sapiens (Human)
O95977	S1PR4	S1PR4	Homo sapiens (Human)
Q9H228	S1PR5	S1PR5	Homo sapiens (Human)
Q9UBE0	SAE1	SAE1	Homo sapiens (Human)
O75845	SC5D	SC5D	Homo sapiens (Human)
Q8WTV0	SCARB1	SCARB1	Homo sapiens (Human)
O00767	SCD	SCD	Homo sapiens (Human)
Q9Y5Y9	SCN10A	SCN10A	Homo sapiens (Human)
P35498	SCN1A	SCN1A	Homo sapiens (Human)
Q07699	SCN1B	SCN1B	Homo sapiens (Human)
Q99250	SCN2A	SCN2A	Homo sapiens (Human)
O60939	SCN2B	SCN2B	Homo sapiens (Human)
Q9NY46	SCN3A	SCN3A	Homo sapiens (Human)
Q9NY72	SCN3B	SCN3B	Homo sapiens (Human)
P35499	SCN4A	SCN4A	Homo sapiens (Human)
Q14524	SCN5A	SCN5A	Homo sapiens (Human)
Q01118	SCN7A	SCN7A	Homo sapiens (Human)
Q9UQD0	SCN8A	SCN8A	Homo sapiens (Human)
Q15858	SCN9A	SCN9A	Homo sapiens (Human)
P37088	SCNN1A	SCNN1A	Homo sapiens (Human)
P51168	SCNN1B	SCNN1B	Homo sapiens (Human)
P51172	SCNN1D	SCNN1D	Homo sapiens (Human)
P51170	SCNN1G	SCNN1G	Homo sapiens (Human)
P31040	SDHA	SDHA	Homo sapiens (Human)
P21912	SDHB	SDHB	Homo sapiens (Human)
Q99643	SDHC	SDHC	Homo sapiens (Human)
O14521	SDHD	SDHD	Homo sapiens (Human)
P16581	SELE	SELE	Homo sapiens (Human)
P16109	SELP	SELP	Homo sapiens (Human)
Q14563	SEMA3A	SEMA3A	Homo sapiens (Human)
Q9P0U3	SENP1	SENP1	Homo sapiens (Human)
P05121	SERPINE1	SERPINE1	Homo sapiens (Human)
Q8WTS6	SETD7	SETD7	Homo sapiens (Human)
Q15459	SF3A1	SF3A1	Homo sapiens (Human)
O75533	SF3B1	SF3B1	Homo sapiens (Human)
Q13435	SF3B2	SF3B2	Homo sapiens (Human)
Q15393	SF3B3	SF3B3	Homo sapiens (Human)
Q15427	SF3B4	SF3B4	Homo sapiens (Human)
Q8N474	SFRP1	SFRP1	Homo sapiens (Human)
O00141	SGK1	SGK1	Homo sapiens (Human)
Q9HBY8	SGK2	SGK2	Homo sapiens (Human)
Q86VZ5	SGMS1	SGMS1	Homo sapiens (Human)
O95470	SGPL1	SGPL1	Homo sapiens (Human)
Q15465	SHH	SHH	Homo sapiens (Human)
P14410	SI	SI	Homo sapiens (Human)
Q99720	SIGMAR1	SIGMAR1	Homo sapiens (Human)
P57059	SIK1	SIK1	Homo sapiens (Human)
Q9H0K1	SIK2	SIK2	Homo sapiens (Human)
Q9Y2K2	SIK3	SIK3	Homo sapiens (Human)
Q96EB6	SIRT1	SIRT1	Homo sapiens (Human)
Q8IXJ6	SIRT2	SIRT2	Homo sapiens (Human)
Q9NTG7	SIRT3	SIRT3	Homo sapiens (Human)
Q9NXA8	SIRT5	SIRT5	Homo sapiens (Human)
Q8N6T7	SIRT6	SIRT6	Homo sapiens (Human)
Q12908	SLC10A2	SLC10A2	Homo sapiens (Human)
P49281	SLC11A2	SLC11A2	Homo sapiens (Human)
Q13621	SLC12A1	SLC12A1	Homo sapiens (Human)
P55011	SLC12A2	SLC12A2	Homo sapiens (Human)
P55017	SLC12A3	SLC12A3	Homo sapiens (Human)
Q9UP95	SLC12A4	SLC12A4	Homo sapiens (Human)
Q9H2X9	SLC12A5	SLC12A5	Homo sapiens (Human)
Q86YT5	SLC13A5	SLC13A5	Homo sapiens (Human)
Q13336	SLC14A1	SLC14A1	Homo sapiens (Human)
Q15849	SLC14A2	SLC14A2	Homo sapiens (Human)
P46059	SLC15A1	SLC15A1	Homo sapiens (Human)
P53985	SLC16A1	SLC16A1	Homo sapiens (Human)
P54219	SLC18A1	SLC18A1	Homo sapiens (Human)
Q05940	SLC18A2	SLC18A2	Homo sapiens (Human)
Q16572	SLC18A3	SLC18A3	Homo sapiens (Human)
P41440	SLC19A1	SLC19A1	Homo sapiens (Human)
Q9BZV2	SLC19A3	SLC19A3	Homo sapiens (Human)
P43005	SLC1A1	SLC1A1	Homo sapiens (Human)
P43004	SLC1A2	SLC1A2	Homo sapiens (Human)
P43003	SLC1A3	SLC1A3	Homo sapiens (Human)
P43007	SLC1A4	SLC1A4	Homo sapiens (Human)
Q15758	SLC1A5	SLC1A5	Homo sapiens (Human)
O15245	SLC22A1	SLC22A1	Homo sapiens (Human)
Q9NSA0	SLC22A11	SLC22A11	Homo sapiens (Human)
Q96S37	SLC22A12	SLC22A12	Homo sapiens (Human)
O15244	SLC22A2	SLC22A2	Homo sapiens (Human)
O75751	SLC22A3	SLC22A3	Homo sapiens (Human)
Q4U2R8	SLC22A6	SLC22A6	Homo sapiens (Human)
Q8TCC7	SLC22A8	SLC22A8	Homo sapiens (Human)
P12235	SLC25A4	SLC25A4	Homo sapiens (Human)
P40879	SLC26A3	SLC26A3	Homo sapiens (Human)
O43868	SLC28A2	SLC28A2	Homo sapiens (Human)
Q99808	SLC29A1	SLC29A1	Homo sapiens (Human)
Q14542	SLC29A2	SLC29A2	Homo sapiens (Human)
Q9BZD2	SLC29A3	SLC29A3	Homo sapiens (Human)
Q7RTT9	SLC29A4	SLC29A4	Homo sapiens (Human)
P11166	SLC2A1	SLC2A1	Homo sapiens (Human)
P11169	SLC2A3	SLC2A3	Homo sapiens (Human)
Q92504	SLC39A7	SLC39A7	Homo sapiens (Human)
Q9NP59	SLC40A1	SLC40A1	Homo sapiens (Human)
O75387	SLC43A1	SLC43A1	Homo sapiens (Human)
Q96FL8	SLC47A1	SLC47A1	Homo sapiens (Human)
P13866	SLC5A1	SLC5A1	Homo sapiens (Human)
P31639	SLC5A2	SLC5A2	Homo sapiens (Human)
Q9NY91	SLC5A4	SLC5A4	Homo sapiens (Human)
Q9GZV3	SLC5A7	SLC5A7	Homo sapiens (Human)
P30531	SLC6A1	SLC6A1	Homo sapiens (Human)
P48065	SLC6A12	SLC6A12	Homo sapiens (Human)
P23975	SLC6A2	SLC6A2	Homo sapiens (Human)
Q01959	SLC6A3	SLC6A3	Homo sapiens (Human)
P31645	SLC6A4	SLC6A4	Homo sapiens (Human)
Q9Y345	SLC6A5	SLC6A5	Homo sapiens (Human)
Q99884	SLC6A7	SLC6A7	Homo sapiens (Human)
P48067	SLC6A9	SLC6A9	Homo sapiens (Human)
Q9UPY5	SLC7A11	SLC7A11	Homo sapiens (Human)
P32418	SLC8A1	SLC8A1	Homo sapiens (Human)
Q9UPR5	SLC8A2	SLC8A2	Homo sapiens (Human)
P19634	SLC9A1	SLC9A1	Homo sapiens (Human)
Q9UBY0	SLC9A2	SLC9A2	Homo sapiens (Human)
P48764	SLC9A3	SLC9A3	Homo sapiens (Human)
Q14940	SLC9A5	SLC9A5	Homo sapiens (Human)
Q9Y6L6	SLCO1B1	SLCO1B1	Homo sapiens (Human)
P84022	SMAD3	SMAD3	Homo sapiens (Human)
P51531	SMARCA2	SMARCA2	Homo sapiens (Human)
P51532	SMARCA4	SMARCA4	Homo sapiens (Human)
Q96Q15	SMG1	SMG1	Homo sapiens (Human)
Q92540	SMG7	SMG7	Homo sapiens (Human)
Q16637	SMN2	SMN1; SMN2	Homo sapiens (Human)
Q99835	SMO	SMO	Homo sapiens (Human)
Q9NWM0	SMOX	SMOX	Homo sapiens (Human)
P17405	SMPD1	SMPD1	Homo sapiens (Human)
O60906	SMPD2	SMPD2	Homo sapiens (Human)
Q9HCE7	SMURF1	SMURF1	Homo sapiens (Human)
Q9HAU4	SMURF2	SMURF2	Homo sapiens (Human)
Q9NRG4	SMYD2	SMYD2	Homo sapiens (Human)
Q9H7B4	SMYD3	SMYD3	Homo sapiens (Human)
P09234	SNRPC	SNRPC	Homo sapiens (Human)
P35610	SOAT1	SOAT1	Homo sapiens (Human)
O75908	SOAT2	SOAT2	Homo sapiens (Human)
P00441	SOD1	SOD1	Homo sapiens (Human)
Q00796	SORD	SORD	Homo sapiens (Human)
Q99523	SORT1	SORT1	Homo sapiens (Human)
Q07889	SOS1	SOS1	Homo sapiens (Human)
P35713	SOX18	SOX18	Homo sapiens (Human)
Q9NYA1	SPHK1	SPHK1	Homo sapiens (Human)
Q9NRA0	SPHK2	SPHK2	Homo sapiens (Human)
P17947	SPI1	SPI1	Homo sapiens (Human)
Q8TCT8	SPPL2A	SPPL2A	Homo sapiens (Human)
P35270	SPR	SPR	Homo sapiens (Human)
O15269	SPTLC1	SPTLC1	Homo sapiens (Human)
O15270	SPTLC2	SPTLC2	Homo sapiens (Human)
Q9NUV7	SPTLC3	SPTLC3	Homo sapiens (Human)
Q14534	SQLE	SQLE	Homo sapiens (Human)
P12931	SRC	SRC	Homo sapiens (Human)
P18405	SRD5A1	SRD5A1	Homo sapiens (Human)
P31213	SRD5A2	SRD5A2	Homo sapiens (Human)
P36956	SREBF1	SREBF1	Homo sapiens (Human)
P30872	SSTR1	SSTR1	Homo sapiens (Human)
P30874	SSTR2	SSTR2	Homo sapiens (Human)
P32745	SSTR3	SSTR3	Homo sapiens (Human)
P31391	SSTR4	SSTR4	Homo sapiens (Human)
P35346	SSTR5	SSTR5	Homo sapiens (Human)
Q9Y5Y6	ST14	ST14	Homo sapiens (Human)
P52630	STAT2	STAT2	Homo sapiens (Human)
P40763	STAT3	STAT3	Homo sapiens (Human)
P42226	STAT6	STAT6	Homo sapiens (Human)
Q86WV6	STING1	STING1	Homo sapiens (Human)
Q13188	STK3	STK3	Homo sapiens (Human)
Q9BYT3	STK33	STK33	Homo sapiens (Human)
Q13043	STK4	STK4	Homo sapiens (Human)
P08842	STS	STS	Homo sapiens (Human)
Q9BXA5	SUCNR1	SUCNR1	Homo sapiens (Human)
P50225	SULT1A1	SULT1A1	Homo sapiens (Human)
P49888	SULT1E1	SULT1E1	Homo sapiens (Human)
O43463	SUV39H1	SUV39H1	Homo sapiens (Human)
Q9H5I1	SUV39H2	SUV39H2	Homo sapiens (Human)
Q7L0J3	SV2A	SV2A	Homo sapiens (Human)
P43405	SYK	SYK	Homo sapiens (Human)
Q96RJ0	TAAR1	TAAR1	Homo sapiens (Human)
P25103	TACR1	TACR1	Homo sapiens (Human)
P21452	TACR2	TACR2	Homo sapiens (Human)
P29371	TACR3	TACR3	Homo sapiens (Human)
P21675	TAF1	TAF1	Homo sapiens (Human)
Q8IZX4	TAF1L	TAF1L	Homo sapiens (Human)
Q16594	TAF9	TAF9	Homo sapiens (Human)
Q7L7X3	TAOK1	TAOK1	Homo sapiens (Human)
Q9UL54	TAOK2	TAOK2	Homo sapiens (Human)
Q9H2K8	TAOK3	TAOK3	Homo sapiens (Human)
P26639	TARS1	TARS1	Homo sapiens (Human)
Q7RTX1	TAS1R1	TAS1R1	Homo sapiens (Human)
Q9UHD2	TBK1	TBK1	Homo sapiens (Human)
P21731	TBXA2R	TBXA2R	Homo sapiens (Human)
P24557	TBXAS1	TBXAS1	Homo sapiens (Human)
P15884	TCF4	TCF4	Homo sapiens (Human)
P48775	TDO2	TDO2	Homo sapiens (Human)
Q9NUW8	TDP1	TDP1	Homo sapiens (Human)
O95551	TDP2	TDP2	Homo sapiens (Human)
Q02763	TEK	TEK	Homo sapiens (Human)
Q5XG87	TENT4A	TENT4A	Homo sapiens (Human)
O14746	TERT	TERT	Homo sapiens (Human)
Q8NFU7	TET1	TET1	Homo sapiens (Human)
P01137	TGFB1	TGFB1	Homo sapiens (Human)
P36897	TGFBR1	TGFBR1	Homo sapiens (Human)
P37173	TGFBR2	TGFBR2	Homo sapiens (Human)
P22735	TGM1	TGM1	Homo sapiens (Human)
P21980	TGM2	TGM2	Homo sapiens (Human)
P07101	TH	TH	Homo sapiens (Human)
P10827	THRA	THRA	Homo sapiens (Human)
P10828	THRB	THRB	Homo sapiens (Human)
P35590	TIE1	TIE1	Homo sapiens (Human)
P04183	TK1	TK1	Homo sapiens (Human)
O00142	TK2	TK2	Homo sapiens (Human)
P29401	TKT	TKT	Homo sapiens (Human)
Q15399	TLR1	TLR1	Homo sapiens (Human)
O60603	TLR2	TLR2	Homo sapiens (Human)
O15455	TLR3	TLR3	Homo sapiens (Human)
O00206	TLR4	TLR4	Homo sapiens (Human)
Q9NYK1	TLR7	TLR7	Homo sapiens (Human)
Q9NR97	TLR8	TLR8	Homo sapiens (Human)
Q9NR96	TLR9	TLR9	Homo sapiens (Human)
Q5BJF2	TMEM97	TMEM97	Homo sapiens (Human)
P01375	TNF	TNF	Homo sapiens (Human)
P50591	TNFSF10	TNFSF10	Homo sapiens (Human)
O14788	TNFSF11	TNFSF11	Homo sapiens (Human)
Q9UKE5	TNIK	TNIK	Homo sapiens (Human)
Q07912	TNK2	TNK2	Homo sapiens (Human)
O95271	TNKS	TNKS	Homo sapiens (Human)
Q9H2K2	TNKS2	TNKS2	Homo sapiens (Human)
P63316	TNNC1	TNNC1	Homo sapiens (Human)
P48788	TNNI2	TNNI2	Homo sapiens (Human)
Q59H18	TNNI3K	TNNI3K	Homo sapiens (Human)
P45378	TNNT3	TNNT3	Homo sapiens (Human)
P11387	TOP1	TOP1	Homo sapiens (Human)
P11388	TOP2A	TOP2A	Homo sapiens (Human)
Q02880	TOP2B	TOP2B	Homo sapiens (Human)
P04637	TP53	TP53	Homo sapiens (Human)
Q9ULQ1	TPCN1	TPCN1	Homo sapiens (Human)
Q8NHX9	TPCN2	TPCN2	Homo sapiens (Human)
P17752	TPH1	TPH1	Homo sapiens (Human)
Q8IWU9	TPH2	TPH2	Homo sapiens (Human)
P51580	TPMT	TPMT	Homo sapiens (Human)
P07202	TPO	TPO	Homo sapiens (Human)
P29144	TPP2	TPP2	Homo sapiens (Human)
Q15661	TPSAB1	TPSAB1	Homo sapiens (Human)
P20231	TPSB2	TPSB2	Homo sapiens (Human)
Q9BZJ3	TPSD1	TPSD1	Homo sapiens (Human)
Q9NRR2	TPSG1	TPSG1	Homo sapiens (Human)
Q15628	TRADD	TRADD	Homo sapiens (Human)
Q12933	TRAF2	TRAF2	Homo sapiens (Human)
Q12931	TRAP1	TRAP1	Homo sapiens (Human)
P34981	TRHR	TRHR	Homo sapiens (Human)
O15164	TRIM24	TRIM24	Homo sapiens (Human)
O75762	TRPA1	TRPA1	Homo sapiens (Human)
Q13507	TRPC3	TRPC3	Homo sapiens (Human)
Q9UBN4	TRPC4	TRPC4	Homo sapiens (Human)
Q9Y210	TRPC6	TRPC6	Homo sapiens (Human)
O94759	TRPM2	TRPM2	Homo sapiens (Human)
Q9HCF6	TRPM3	TRPM3	Homo sapiens (Human)
Q8TD43	TRPM4	TRPM4	Homo sapiens (Human)
Q7Z2W7	TRPM8	TRPM8	Homo sapiens (Human)
Q8NER1	TRPV1	TRPV1	Homo sapiens (Human)
Q9Y5S1	TRPV2	TRPV2	Homo sapiens (Human)
Q8NET8	TRPV3	TRPV3	Homo sapiens (Human)
Q9HBA0	TRPV4	TRPV4	Homo sapiens (Human)
P16473	TSHR	TSHR	Homo sapiens (Human)
B1AH88	TSPO	TSPO	Homo sapiens (Human)
O95153	TSPOAP1	TSPOAP1	Homo sapiens (Human)
P33981	TTK	TTK	Homo sapiens (Human)
P02766	TTR	TTR	Homo sapiens (Human)
Q71U36	TUBA1A	TUBA1A	Homo sapiens (Human)
P68363	TUBA1B	TUBA1B	Homo sapiens (Human)
Q9BQE3	TUBA1C	TUBA1C	Homo sapiens (Human)
P0DPH7	TUBA3C	TUBA3C	Homo sapiens (Human)
P0DPH8	TUBA3D	TUBA3D	Homo sapiens (Human)
Q6PEY2	TUBA3E	TUBA3E	Homo sapiens (Human)
P68366	TUBA4A	TUBA4A	Homo sapiens (Human)
Q9NY65	TUBA8	TUBA8	Homo sapiens (Human)
P07437	TUBB	TUBB	Homo sapiens (Human)
Q9H4B7	TUBB1	TUBB1	Homo sapiens (Human)
Q13885	TUBB2A	TUBB2A	Homo sapiens (Human)
Q9BVA1	TUBB2B	TUBB2B	Homo sapiens (Human)
Q13509	TUBB3	TUBB3	Homo sapiens (Human)
P04350	TUBB4A	TUBB4A	Homo sapiens (Human)
P68371	TUBB4B	TUBB4B	Homo sapiens (Human)
Q9BUF5	TUBB6	TUBB6	Homo sapiens (Human)
Q3ZCM7	TUBB8	TUBB8	Homo sapiens (Human)
Q9UJT1	TUBD1	TUBD1	Homo sapiens (Human)
Q9UJT0	TUBE1	TUBE1	Homo sapiens (Human)
P23258	TUBG1	TUBG1	Homo sapiens (Human)
Q9NRH3	TUBG2	TUBG2	Homo sapiens (Human)
P49411	TUFM	TUFM	Homo sapiens (Human)
P10599	TXN	TXN	Homo sapiens (Human)
Q9H3M7	TXNIP	TXNIP	Homo sapiens (Human)
Q16881	TXNRD1	TXNRD1	Homo sapiens (Human)
Q9NNW7	TXNRD2	TXNRD2	Homo sapiens (Human)
P29597	TYK2	TYK2	Homo sapiens (Human)
P19971	TYMP	TYMP	Homo sapiens (Human)
P04818	TYMS	TYMS	Homo sapiens (Human)
P14679	TYR	TYR	Homo sapiens (Human)
P26368	U2AF2	U2AF2	Homo sapiens (Human)
P22314	UBA1	UBA1	Homo sapiens (Human)
Q8TBC4	UBA3	UBA3	Homo sapiens (Human)
Q9GZZ9	UBA5	UBA5	Homo sapiens (Human)
P61081	UBE2M	UBE2M	Homo sapiens (Human)
P09936	UCHL1	UCHL1	Homo sapiens (Human)
P15374	UCHL3	UCHL3	Homo sapiens (Human)
P55851	UCP2	UCP2	Homo sapiens (Human)
Q16739	UGCG	UGCG	Homo sapiens (Human)
P16662	UGT2B7	UGT2B7	Homo sapiens (Human)
Q96T88	UHRF1	UHRF1	Homo sapiens (Human)
O75385	ULK1	ULK1	Homo sapiens (Human)
Q16831	UPP1	UPP1	Homo sapiens (Human)
P31930	UQCRC1	UQCRC1	Homo sapiens (Human)
O94782	USP1	USP1	Homo sapiens (Human)
P54578	USP14	USP14	Homo sapiens (Human)
Q70CQ3	USP30	USP30	Homo sapiens (Human)
Q93009	USP7	USP7	Homo sapiens (Human)
P40818	USP8	USP8	Homo sapiens (Human)
Q93008	USP9X	USP9X	Homo sapiens (Human)
O95399	UTS2	UTS2	Homo sapiens (Human)
Q9UKP6	UTS2R	UTS2R	Homo sapiens (Human)
O14607	UTY	UTY	Homo sapiens (Human)
P19320	VCAM1	VCAM1	Homo sapiens (Human)
P55072	VCP	VCP	Homo sapiens (Human)
P21796	VDAC1	VDAC1	Homo sapiens (Human)
P11473	VDR	VDR	Homo sapiens (Human)
P40337	VHL	VHL	Homo sapiens (Human)
P32241	VIPR1	VIPR1	Homo sapiens (Human)
Q9BQB6	VKORC1	VKORC1	Homo sapiens (Human)
Q8N0U8	VKORC1L1	VKORC1L1	Homo sapiens (Human)
Q9UGM6	WARS2	WARS2	Homo sapiens (Human)
Q8TAF3	WDR48	WDR48	Homo sapiens (Human)
P61964	WDR5	WDR5	Homo sapiens (Human)
P30291	WEE1	WEE1	Homo sapiens (Human)
P0C1S8	WEE2	WEE2	Homo sapiens (Human)
Q9H4A3	WNK1	WNK1	Homo sapiens (Human)
Q9Y3S1	WNK2	WNK2	Homo sapiens (Human)
Q9BYP7	WNK3	WNK3	Homo sapiens (Human)
Q96J92	WNK4	WNK4	Homo sapiens (Human)
Q9H0M0	WWP1	WWP1	Homo sapiens (Human)
P47989	XDH	XDH	Homo sapiens (Human)
P98170	XIAP	XIAP	Homo sapiens (Human)
O43895	XPNPEP2	XPNPEP2	Homo sapiens (Human)
O14980	XPO1	XPO1	Homo sapiens (Human)
P12956	XRCC6	XRCC6	Homo sapiens (Human)
P07947	YES1	YES1	Homo sapiens (Human)
P43403	ZAP70	ZAP70	Homo sapiens (Human)
Q8IUH5	ZDHHC17	ZDHHC17	Homo sapiens (Human)
Q9Y6X8	ZHX2	ZHX2	Homo sapiens (Human)
Q13822	atx	ENPP2	Homo sapiens (Human)
P0A3M6	pbp2b	PBP2B	Streptococcus pneumoniae (strain ATCC BAA-255 / R6)
P9WGY9	rpoB	RPOB	Mycobacterium tuberculosis (strain ATCC 25618 / H37Rv)
