inchikey	smiles	chembl_id	name
BJFSUDWKXGMUKA-UHFFFAOYSA-N	COc1cc(-c2cn(C)c(=O)c3cnccc23)c(OC)cc1CN(C)C		BI-9564
CMJJZRAAQMUAFH-INIZCTEOSA-N	Cc1cn(-c2cc(NC(=O)c3ccc4c(c3)CN(c3cncnc3)C[C@@H]4C)cc(C(F)(F)F)c2)cn1		DDR-TRK-1 (D2202-1)
GJMZWYLOARVASY-NTCAYCPXSA-N	CN(C)C(=O)/C(C#N)=C/c1ccc(-c2nc3cnc4[nH]ccc4c3n2C2CCCCC2)o1		FM-381
RPIGHLXKDWUGDT-DTQAZKPQSA-N	CN(C)C(=O)/C(C#N)=C/c1ccc(-c2nc3cnc4c(ccn4C)c3n2C2CCCCC2)o1		FM-479
HEAGNKNMQVIVMM-UHFFFAOYSA-N	CN1C=C(C2=NC3=C(OC=C3C4=CC(C5=CC=NC=C5)=CC=C4)C=C2)C=N1		MU1210
QSBNKGGRYOLZND-UHFFFAOYSA-N	Cn1cc(-c2ccc3occ(-c4ccccc4-c4ccccc4)c3n2)cn1		MU140
YBPIBGNBHHGLEB-UHFFFAOYSA-N	O=C(C1=CC=C(N)N=C1)NC2=CC(C3=NC4=C(OC5=C4C=CC=N5)C(N6CCOCC6)=N3)=CC=C2		YM-201636
TWKWEBMGDALHPN-UHFFFAOYSA-N	O=S(C1=CC=CC(C2=C(CC)C=C3C(C(C)(C)C(NC4=C5C=CC(C#N)=C4)=C5C3=O)=C2)=C1)(F)=O		SRPKIN-1
FMTVWAGUJRUAKE-UHFFFAOYSA-N	CC(C)Oc1ccc(-c2c[nH]cc2CN(C)CCN)cc1		MS023
SGIWFELWJPNFDH-UHFFFAOYSA-N	C1=CC=C(C=C1)S(=O)(=O)N(CC(F)(F)F)C2=CC=C(C=C2)C(C(F)(F)F)(C(F)(F)F)O		T0901317
FJCDSQATIJKQKA-UHFFFAOYSA-N	Cc1cccc(-c2[nH]c(CNc3ccccc3F)nc2-c2ccc3ncnn3c2)n1		Vactosertib
SFMJNHNUOVADRW-UHFFFAOYSA-N	CC1=C(C=C(C=C1)N2C(=O)C=CC3=CN=C4C=CC(=CC4=C32)C5=CC=C(C=C5)NS(=O)(=O)C)NC(=O)C=C		BMX-IN-1
LHNIIDJUOCFXAP-UHFFFAOYSA-N	CS(=O)(=O)N1CCN(Cc2cc3nc(-c4cccc5[nH]ncc45)nc(N4CCOCC4)c3s2)CC1		Pictilisib (GDC-0941)
HWSHOMMVLGBIDN-UHFFFAOYSA-N	CC(C)(C)NC(=O)c1cncn1C1CCN(c2ccc(-c3nnc(C(F)(F)F)o3)cn2)CC1		WNK463
XCFRUAOZMVFDPQ-AWEZNQCLSA-N	Cc1cc(O)c(-c2ccc([C@@H](C)CN(C)C)cc2)c2c1[nH]c(=O)c1sccc12		OTS964
CMWRPDHVGMHLSZ-GFCCVEGCSA-N	O=C(N[C@H](C)CN4)C3=C4C1=C(S3)C=CC2=C1C=CC(C5=CC=C(C)N=C5)=N2		PF 3644022
HZPYSAHDRSBARR-QPJJXVBHSA-N	CN(C)C/C=C/C(=O)Nc1cccc(S(=O)(=O)N2CCC(NC(=O)c3n[nH]cc3NC(=O)c3c(Cl)cc(Cl)cc3Cl)CC2)c1		FMF-04-159-2
BXDZOYLPNAIDOC-UHFFFAOYSA-N	CC(C)(C)c1cnc(CSc2cnc(NC(=O)C3CCN(CC(=O)NCCOCCOCCOCCNc4cccc5c4C(=O)N(C4CCC(=O)NC4=O)C5=O)CC3)s2)o1		THAL SNS 032
MVXAYIXYYOVALX-UHFFFAOYSA-N	CNc1nc(-c2cc(C(=O)N3CCN(Cc4ccc(Cl)cc4)CC3)c(Cl)cn2)cs1		WNK-IN-11
VURLRACCOCGFDB-UHFFFAOYSA-N	O=C(C1=CC=C(C2=CC=NC=C2)O1)NC(C=C(C(F)(F)F)C=C3)=C3N(CC4)CCN4CC5=CC=CC=N5		SPHINX31
ZXERDUOLZKYMJM-ZWECCWDJSA-N	O[C@@H]1CC[C@@]2(C)[C@@]([C@@H](CC)[C@@H](O)[C@]3([H])[C@]2([H])CC[C@@]4(C)[C@@]3([H])CC[C@]4([H])[C@@H](CCC(O)=O)C)([H])C1		6-ECDCA, INT 747, Obeticholic Acid
KYWWJENKIMRJBI-UHFFFAOYSA-N	FC(C=C1)=CC=C1C2=C3C(C(C(F)(F)F)=CC=C3)=NN2CC4=CC=C(F)C=C4Cl		LXR-623
RUBYHLPRZRMTJO-UXBLZVDNSA-N	CN(C)C/C=C/C(=O)Nc1ccc(C(=O)N2CCCC(Nc3ncc(Cl)c(-c4c[nH]c5ccccc45)n3)C2)cc1		THZ531
VUVUVNZRUGEAHB-CYBMUJFWSA-N	COc1cc2c(cc1-c1c(C)noc1C)ncc1nc(O)n([C@H](C)c3ccccn3)c12		I-BET151 (GSK1210151A)
HBOJWAYLSJLULG-UHFFFAOYSA-N	CNCCN1CCC(OCc2ccccc2)CC1		MS049 hydrochloride
HQWTUOLCGKIECB-XZWHSSHBSA-N	O=C1[C@H](Cc2ccc(O)cc2)N2C(=O)CCN(C(=O)NCc3ccccc3)[C@H]2CN1Cc1cccc2ccccc12		ICG-001
QAPAJIZPZGWAND-UHFFFAOYSA-N	OC1CCN(C2=CC(OCC)=C(NC3=NC=C(N(C)C(C(C=CC=C4)=C4N5C)=O)C5=N3)C=C2)CC1		XMD8-92
LIRYPHYGHXZJBZ-UHFFFAOYSA-N	CC(NC1=CC(N2C(C(C(N(C3CC3)C2=O)=O)=C(NC4=CC=C(I)C=C4F)N5C)=C(C)C5=O)=CC=C1)=O		Trametinib
QYZOGCMHVIGURT-UHFFFAOYSA-N	CCN(CCCOC1=CC2=C(C=C1)C(=NC=N2)NC3=NNC(=C3)CC(=O)NC4=CC(=CC=C4)F)CCO		Barasertib-HQPA
AQGNHMOJWBZFQQ-UHFFFAOYSA-N	Cc1c[nH]c(-c2cnc(NCCNc3ccc(C#N)cn3)nc2-c2ccc(Cl)cc2Cl)n1		CHIR99021
CYOHGALHFOKKQC-UHFFFAOYSA-N	CN(C=N1)C2=C1C(F)=C(NC3=CC=C(Br)C=C3Cl)C(C(NOCCO)=O)=C2		Selumetinib
HWUHTJIKQZZBRA-UHFFFAOYSA-N	Cl.Cl.NC1(c2ccc(-c3nc4ccn5c(=O)[nH]nc5c4cc3-c3ccccc3)cc2)CCC1		MK-2206 2HCl
HXNUFFCHRIWTRZ-UHFFFAOYSA-N	Nc1c(C(=O)NCc2ccc(C(=O)NCCCC3CCCCC3)cc2)cnn1-c1ccccc1		SR318
ZLHFILGSQDJULK-UHFFFAOYSA-N	COC1=C(C(=CC=C1)F)C2=NCC3=CN=C(N=C3C4=C2C=C(C=C4)Cl)NC5=CC(=C(C=C5)C(=O)O)OC		Alisertib
OLIIUAHHAZEXEX-UHFFFAOYSA-N	CC1=C(C(=O)Nc2cc3cn[nH]c3cc2F)C(c2ccc(C(F)(F)F)cc2)CC(=O)N1		GSK429286A
DEZZLWQELQORIU-UHFFFAOYSA-N	OCCn1cc(-c2ccc3c(c2)CCC3=NO)c(-c2ccncc2)n1		GDC-0879
FWLMVFUGMHIOAA-UHFFFAOYSA-N	CNC(C1=CC=C(NC2=NC=C(C(F)(F)F)C(NCC3=C(N(S(C)(=O)=O)C)N=CC=N3)=N2)C=C1)=O		PF-04554878
ZCCPLJOKGAACRT-UHFFFAOYSA-N	Cc1ccc(C(=O)Nc2cccc(C(F)(F)F)c2)cc1Nc1nc(-c2cccnc2)nc2c1cnn2C		NVP-BHG712
ISPBCAXOSOLFME-UHFFFAOYSA-N	CCOc1cn(-c2ccc(F)cc2C)nc1C(=O)Nc1ccc(Oc2ccnc3cc(OC)c(OC)cc23)c(F)c1		LDC1267
QLPHOXTXAKOFMU-WBVHZDCISA-N	CNc1nc(-c2ccc3c(N)n[nH]c3c2)cc(N2C[C@@H](C(=O)NC3CCCCC3)CC[C@H]2C)n1		GSK2334470
AXRCEOKUDYDWLF-UHFFFAOYSA-N	Cn1cc(C2=C(c3cn(C4CCN(Cc5ccccn5)CC4)c4ccccc34)C(=O)NC2=O)c2ccccc21		Enzastaurin
FWKRCZKMCJOFNG-UHFFFAOYSA-N	CN1CCN(Cc2cc(NC(=O)c3ccc4c(c3)CN(c3ccccc3)CC4)cc(C(F)(F)F)c2)CC1		DDR-TRK-1N (380079)
JIFCFQDXHMUPGP-UHFFFAOYSA-N	Cc1c(NC(=O)c2ccc(C(C)(C)C)cc2)cccc1-c1cn(C)c(=O)c(Nc2ccc(C(=O)N3CCOCC3)cc2)n1		CGI1746
WULUGQONDYDNKY-UHFFFAOYSA-N	CN(C)C(=O)Cn1cc(-c2ccc(-c3cncc4ccccc34)cc2)cn1		BI-1347
ODRITQGYYWHQGM-INIZCTEOSA-N	CN(C)C(=O)Cn1cc(-c2ccc(-c3nnc4ccccn34)cc2)cn1		BI-1374
OINGHOPGNMYCAB-INIZCTEOSA-N	CC(C)NC(=O)N1CC[C@H](NC2=Nc3cc(F)ccc3N(CC(F)F)c3ccc(Cl)cc32)C1		NVS-PAK1-1
UCBIQZUJJSVQHL-UHFFFAOYSA-N	CCN(CC)S(=O)(=O)Nc1cccc(-c2ccc3c(NC(=O)C4CC4)n[nH]c3c2)c1		SGC-AAK1-1
RAIAORGFMNXPOV-UHFFFAOYSA-N	CC(C)C(=O)Nc1n[nH]c2cc(-c3cccc(NS(=O)(=O)C4CC4)c3)ccc12		SGC-AAK1-1N
TXIYVFVMXNFNRX-UHFFFAOYSA-N	Cc1cccc(-c2cnc3occ(-c4ccc(C(=O)O)c(C5CCCC5)c4)c3c2)c1		SGC-CAMKK2-1 (UNC-YL-36)
KHPDNSBTNDXSBL-UHFFFAOYSA-N	O=C(O)c1ccc(-c2coc3ncc(-c4ccccc4)cc23)cc1Cl		SGC-CAMKK2-1N (UNC-YL-83)
XQVVPGYIWAGRNI-JOCHJYFZSA-N	CC[C@@H]1C(=O)N(C)c2cnc(Nc3ccc(C(=O)NC4CCN(C)CC4)cc3OC)nc2N1C1CCCC1		BI-2536
YRDHKIFCGOZTGD-UHFFFAOYSA-N	CN1C(=O)c2sccc2N(C)c2nc(Nc3ccc(S(N)(=O)=O)cc3)ncc21		XMU-MP-1
NAVMQTYZDKMPEU-UHFFFAOYSA-N	C=C(c1ccc(C(=O)O)cc1)c1cc2c(cc1C)C(C)(C)CCC2(C)C		Bexarotene
VLQTUNDJHLEFEQ-KGENOOAVSA-N	CN(C)C1=CC=C(C=C1)C2=CC=C(C=C2)CN(C3=CC=CC(=C3)/C=C/C(=O)OC)C(=O)C4CCCCC4		Fexaramine
PSOXOVKYGWBTPB-UHFFFAOYSA-N	CC1=CC(=C(C(=C1)C)S(=O)(=O)N(CC2=CC=C(C=C2)C3=CC(=CC=C3)S(=O)(=O)C)CC4=CC=C(O4)C(F)(F)F)C		GSK2033
BYTNEISLBIENSA-MDZDMXLPSA-N	CC(C)C1=C(C(=NO1)C2=C(C=CC=C2Cl)Cl)COC3=CC(=C(C=C3)/C=C/C4=CC(=CC=C4)C(=O)O)Cl		GW4064
PKNYXWMTHFMHKD-UHFFFAOYSA-N	CC(C)(C(=O)O)SC1=CC=C(C=C1)CCN(CCCCC2CCCCC2)C(=O)NC3CCCCC3		GW7647
HBBVCKCCQCQCTJ-UHFFFAOYSA-N	CCCC1=C(C=CC(=C1O)C(=O)C)OCCCOC2=CC=C(C=C2)OCC(=O)O		L-165,041
YASAKCUCGLMORW-UHFFFAOYSA-N	CN(CCOc1ccc(CC2SC(=O)NC2=O)cc1)c1ccccn1		Rosiglitazone
OFWWWKWUCDUISA-UHFFFAOYSA-N	Cc1cc2c(cc1N1C(=O)c3cccc4c(CCCO)ccc(c34)C1=O)n(C)c(=O)n2C		BAY-299
RRZVGDGTWNQAPW-UHFFFAOYSA-N	Cn1cc(CCn2cnc(-c3cnn(C)c3)c2-c2ccc(C#N)cc2)cn1		BAZ2-ICR
ABGOSOMRWSYAOB-UHFFFAOYSA-N	Clc1cc2c(NC3CCCC3)nnc(-c3ccncc3)c2cc1Cl		A-196
RNAMYOYQYRYFQY-UHFFFAOYSA-N	COc1cc2c(NC3CCN(C(C)C)CC3)nc(N3CCC(F)(F)CC3)nc2cc1OCCCN1CCCC1		UNC0642
YKNAKDFZAWQEEO-IBGZPJMESA-N	CCC(=O)N1CCOc2c(cc(-c3ccc(OC)c(OC)c3)cc2OC[C@H]2CCCN(C)C2)C1		I-CBP112
ZADKZNVAJGEFLC-ZMBIFBSDSA-N	Cl.O=C([C@@H](Cc1cccc(C(F)(F)F)c1)NS(=O)(=O)c1cc(F)c2c(c1)CCNC2)N1CCCC1		PFI-2
DMIDPTCQPIJYFE-UHFFFAOYSA-N	O=C(NCC(=O)N1CCCC1)Nc1ccc2cnccc2c1		SGC707
TWKYXZSXXXKKJU-FQEVSTJZSA-N	O=C(NC[C@H](O)CN1CCc2ccccc2C1)c1ccnc(NC2CCC2)c1		GSK591
INAICWLVUAKEPB-QSTFCLMHSA-N	O=C(/C=C/N1C[C@H]2C[C@@H]1CN2c1ccccn1)c1ccccc1O		PFI-3
DNVXATUJJDPFDM-QGZVFWFLSA-N	Cc1sc2c(c1C)C(c1ccc(Cl)cc1)=N[C@H](CC(=O)OC(C)(C)C)c1nnc(C)n1-2		(-)-JQ1
XVECNLUKQDKOST-UHFFFAOYSA-N	CCCS(=O)(=O)c1nc(NC2CC2)cc(-c2ccc3c(ccn3C3CC(C)(C)NC(C)(C)C3)c2)n1		NVS-CECR2-1
UEMQPCYDWCSVCU-UHFFFAOYSA-N	COc1cc(C#N)ccc1S(=O)(=O)Nc1ccc2c(c1)cc(C)c(=O)n2C		NI-57
AUOSKLDNVNGKRR-UHFFFAOYSA-N	COc1cc(Nc2ccnc3ccc(Br)cc23)cc(OC)c1OC		SGC-GAK-1
GEPYBHCJBORHCE-SFHVURJKSA-N	COc1ccc(CCc2nc3cc(-c4c(C)noc4C)ccc3n2C[C@H](C)N2CCOCC2)cc1Cl		SGC-CBP30
DPJNKUOXBZSZAI-UHFFFAOYSA-N	CCCc1cc(C)[nH]c(=O)c1CNC(=O)c1cc(-c2ccc(N3CCN(C(C)C)CC3)nc2)cc2c1cnn2C(C)C		UNC1999
DJOVLOYCGXNVPI-UHFFFAOYSA-N	CN1CCN(c2ccc(-c3cccc(CN4CCOCC4)c3)cc2NC(=O)c2c[nH]c(=O)cc2C(F)(F)F)CC1		OICR-9429
BKCDJTRMYWSXMC-UHFFFAOYSA-N	COc1cc2c(cc1OCCCN1CCCC1)N=C(N)C21CCC1		A-366
PJFZOGMSPBHPNS-WICJZZOFSA-N	Cl.Cl.c1ccc([C@@H]2C[C@H]2NC2CCNCC2)cc1		GSK-LSD1
PQOOIERVZAXHBP-UHFFFAOYSA-N	O=C(c1ccc(C(=O)N2CCC(N3CCCC3)CC2)c(Nc2ccccc2)c1)N1CCC(N2CCCC2)CC1		UNC1215
ULNXAWLQFZMIHX-UHFFFAOYSA-N	CCCc1cc(C)[nH]c(=O)c1CNC(=O)c1cc(-c2ccnc(N3CCN(C)CC3)c2)cc2c1cnn2C(C)C		GSK343
IQCKJUKAQJINMK-HUBRGWSESA-N	CC(C)N(CCCNC(=O)Nc1ccc(C(C)(C)C)cc1)C[C@H]1O[C@@H](n2cc(Br)c3c(N)ncnc32)[C@H](O)[C@@H]1O		SGC0946
WBKCKEHGXNWYMO-UHFFFAOYSA-N	CCOC(=O)CCNc1cc(N2CCc3ccccc3CC2)nc(-c2ccccn2)n1		GSK-J4
MSFPLTWUFWOKBX-IFXJQAMLSA-N	Cc1nnc2c3ccccc3c(N[C@@H](C)[C@H](c3ccccc3)N(C)C)nn12		L-Moses
REVJNSVNICWODC-KIDMSAQOSA-N	CN(C)[C@H]1CN(C2CCc3cccc(F)c32)C[C@@H]1c1ccc(N2CCN(S(C)(=O)=O)CC2)cc1		A-395
OTTJIRVZJJGFTK-SFHVURJKSA-N	CCN(C(CO)=O)[C@H]1CN(C(Nc2cccc(c2)OC(F)F)=NC#N)N=C1c1ccc(c(c1)[Cl])[Cl]		BAY-598
CKFRXCBNKKOFGO-IGEOTXOUSA-N	C[C@H]1CC(=O)Nc2cc(C(=O)NCCC3CC3)ccc2N1C(=O)N1CC2CC2C1		BAY-6035
KHWCPNJRJCNVRI-UHFFFAOYSA-N	CCCOc1ccn2c(C(C)=O)cc(-c3ccccc3S(C)(=O)=O)c2c1		GSK2801
QCIJLRJBZDBVDB-UHFFFAOYSA-N	COc1ccccc1C(=O)Nc1cc2c(cc1N1CCCC1)n(C)c(=O)n2C		GSK6853
DUCNNEYLFOQFSW-PMERELPUSA-N	COc1c(C)cc(NC(=O)c2nn(Cc3ccc(F)cc3)c3c2CN(C(=O)c2ccc[nH]2)C[C@]3(C)C(N)=O)cc1C		GSK864
WWOOWAHTEXIWBO-QFRSUPTLSA-N	Nc1ncnc2c1ccn2[C@@H]1O[C@H]([C@H](O)c2ccccc2)[C@@H](O)[C@H]1O		LLY-283
LVDRREOUMKACNJ-BKMJKUGQSA-N	Cc1cc(=O)n(C)c2cc(N3C(=O)CC[C@H](NS(=O)(=O)CC(C)C)[C@H]3c3ccc(Cl)cc3)ccc12		LP99
PVTQCCFMFWASHK-UHFFFAOYSA-N	COc1cc(N(C)c2ccnc3ccc(C(F)(F)F)cc23)cc(OC)c1OC		SGC-GAK-1N
VUIITYLFSAXKIQ-UHFFFAOYSA-N	CNCCN1CCC(c2cc(CN(C)C(=O)c3cccc(Oc4ccccc4)c3)ccn2)CC1		TP-064
RPBMXJHQYJLPDN-UHFFFAOYSA-N	CC(=O)c1cc(-c2cc(C(=O)NC3CC3)ccc2C)c2ncccn12		TP-472
VNCIWNGCMAKKEO-UHFFFAOYSA-N	CCCCN(Cc1ccccc1)C(=O)c1ccc(S(=O)(=O)Nc2ccccc2)cc1		TH-257
NZYTZRHHBAJPKN-UHFFFAOYSA-N	COc1cc(OC)cc(-c2noc(N3CCN(C)C4(CCN(c5ccnc(C)c5)CC4)C3)n2)c1		MRK-740
MLJVGAYSVYMPSB-MSUKGTQXSA-N	CC1=C(C)C(=O)C(C(C)(C)CC(=O)N(CCCCSC[C@H]2O[C@@H](n3cnc4c(N)ncnc43)[C@H](O)[C@@H]2O)Cc2cccc(-c3ccc(Cl)cc3)c2)=C(C)C1=O		SGC3027
FJBPSCVGHZASPG-LJVHFRCJSA-N	CC1=C(C)C(=O)C(C(C)(C)CC(=O)N(CCCCSC[C@H]2O[C@@H](n3cnc4c(N)ncnc43)[C@@H]3OC(C)(C)O[C@H]23)Cc2cccc(-c3ccc(Cl)cc3)c2)=C(C)C1=O		SGC3027N
HXKJJIMUMNPQQY-UHFFFAOYSA-N	CNc1cc(Oc2cc(C(=O)Nc3cc(N4CCN(C)CC4)cc(C(F)(F)F)c3)ccc2C)ncn1		TL4-12
NVGROBHDOYRPAN-FPTDNZKUSA-N	CO[C@@H](C)c1c(Nc2ccc([C@H](N(C)C(=O)C3CCS(=O)(=O)CC3)C(F)(F)F)cc2)cnc2cc(Cl)nn12		NVS-MALT1
VKQBTIMLSDGNLG-QHCPKHFHSA-N	O=C(Nc1cnc(Oc2ccc(F)cc2)nc1)N1CCc2ncccc2[C@@H]1c1ccc(F)cc1		BAY-899
BFTKDWYIRJGJCA-CYBMUJFWSA-N	C[C@@H]1CC(O)=Nc2cccc(-c3ccc4c(c3)c(-c3cnn(C)c3)nn4C)c2N1		CPI-637
OEDSFMUSNZDJFD-UHFFFAOYSA-N	CCNC(=O)c1cc2c(-c3cc(C(C)(C)O)ccc3Oc3c(C)cc(F)cc3C)cn(C)c(=O)c2[nH]1		ABBV-744
WRUWGLUCNBMGPS-UHFFFAOYSA-N	CCn1cc(-c2cccc(C(F)(F)F)c2)c2sc(C(N)=NC3CCS(=O)(=O)CC3)cc2c1=O		I-BRD9 (GSK602)
QXURFIGBRGWPQD-UHFFFAOYSA-N	CN1CCN(c2cnc3c(C4CCN(C(=O)c5ccc(OC(F)(F)F)cc5N)CC4)ncnc3c2)CC1		BAY-885
DNGZBWVQLFNTRT-UHFFFAOYSA-N	Cc1c(NC(=O)c2cc(C(N)=O)nc3cc(F)ccc23)c(C(F)(F)F)nn1Cc1ccc(C(C)(C)C)cc1		BAY-588
RJTJRVASUFIDQM-UHFFFAOYSA-N	N#CC1(c2ccccn2)CCN(Cc2cc(C(=O)O)c(=O)n3ccccc23)CC1		MSD-M1PAM
JYTISQGEFSHUIR-UHFFFAOYSA-N	Cc1c(Nc2ccc(S(=O)(=O)N3CCN(C)CC3)cc2F)nc2ccc(-c3cnn(C4CC4)c3)cn2c1=O		NVS-BPTF-1
BFSKPRUNBBMNCF-UHFFFAOYSA-N	Cc1c(Nc2ccc(S(=O)(=O)N3CCN(C)CC3)cc2F)nc2ccc(Nc3cnn(C4CC4)c3)cn2c1=O		NVS-BPTF-C
IQCHVVCQDZOLHI-UHFFFAOYSA-N	COCCN1CCC(c2cc(CN(C)C(=O)c3cccc(Oc4ccccc4)c3)ccn2)CC1		TP-064N
VZAFGXCWAWRULT-UONOGXRCSA-N	CN1C[C@H](Nc2cnn(C)c(=O)c2Br)C[C@H](c2ccccc2)C1		GSK4027
GNAKYUUZAXUXKB-UHFFFAOYSA-N	CC(C)Oc1ccc(-c2c[nH]cc2CN(C)CCO)cc1		MS094
SOYCFODXNRVBTI-UHFFFAOYSA-N	CN(C)CC#Cc1ccc(OCCCc2sc(N3CCc4cccc(C(=O)Nc5nc6ccccc6s5)c4C3)nc2C(=O)O)c(F)c1		A-1155463
CSBKUBOVPUXFLO-MAVVKCOWSA-N	CO[C@H]1CC[C@H](CNc2ccc(S(=O)(=O)NC(=O)c3ccc(N4CCN(CC5=C(c6ccc(Cl)cc6)CC(C)(C)CC5)CC4)cc3Oc3cnc4[nH]ccc4c3)cc2[N+](=O)[O-])CC1		A-1211212
KDOQEEMQPHIANX-NFBKMPQASA-N	COc1ccc2c(c1)O[C@H](C[C@H]2NC(C1(CC1)c1ccc2c(c1)OC(O2)(F)F)=O)c1ccc(c(c1)OC)OC		A-1596584
LQPGVGSKBNXQDU-UHFFFAOYSA-N	CCOC(=O)CCNc1cc(N2CCc3ccccc3CC2)nc(-c2cccnc2)n1		GSK-J5
QQBGNWWJANJWNY-UHFFFAOYSA-N	CCCOc1ccn2c(C(C)=O)cc(-c3cccc(OC)c3)c2c1		GSK8573
YDPMMWAOCCOULO-JBRSBNLGSA-N	CO[C@H]1CNC[C@@H](OCC2CCC(F)(F)CC2)[C@@H]1Nc1ncc(-c2cncc(C)c2)c2cc(C)c(=O)[nH]c12		GSK8814
WOAOENGFAAUUGT-UHFFFAOYSA-N	Cc1cc(CN)cc(C)c1-c1ncn(C)c1-c1ccnc2cc(F)ccc12		BI-9321
SFZHMKDAVPIXRB-UHFFFAOYSA-N	Cc1cc(CN)cc(C)c1-c1ncn(C)c1-c1cncn1C		BI-9466
NIPTUMFVYBXSMZ-JOCHJYFZSA-N	Cc1cc(C)cc([C@@H]2c3cc(C)ccc3NC(=O)CN2C(=O)c2ccc(Br)s2)c1		SGC6870
NIPTUMFVYBXSMZ-QFIPXVFZSA-N	Cc1cc(C)cc([C@H]2c3cc(C)ccc3NC(=O)CN2C(=O)c2ccc(Br)s2)c1		SGC6870N
FKMVYPCBLWYNAV-UHFFFAOYSA-N	Cl.O=C(O)c1cc(-c2ccc(C3CCNCC3)cc2)c2ccc(-c3ccc(C(F)(F)F)cc3)cc2c1		PPTN
JNAABFZPXJJMPX-UHFFFAOYSA-N	Cc1c(Oc2c(F)cccc2F)c(OC(C)C)nn1-c1ncc(C2CC2)cc1F		IPP/CNRS-A017
VUOYAALVGSMUHC-UHFFFAOYSA-N	O=C(NCc1ccc(F)cc1)C1CCN(S(=O)(=O)c2cc(Cl)cc(Cl)c2)CC1		BI01383298
ZRTFTZCKJUNZIU-HNNXBMFYSA-N	C[C@H]1CCCN1Cc1nc2cc(NC(=O)c3ccc4cnccc4c3)ccc2[nH]1		NVS-MLLT-1
QDGVJMITKNOVTP-UHFFFAOYSA-N	O=C(NCc1ccccc1)c1ccc(S(=O)(=O)NCc2ccccc2)cc1		TH-263
KMKKFZCVBRAWNX-GSAMTNRBSA-N	CCCCN(C(CN1C[C@@H](C2=CC(OC)=C3OCOC3=C2)[C@H](C(O)=O)[C@H]1CC(C)(CCC)C)=O)CCCC.Cl		A-545
OAEWNSKRLBVVBV-OBTVHEKISA-N	CCCCN(CCCC)C(=O)CN1C[C@@H](c2cc(OC)c3c(c2)OCO3)[C@H](C(=O)O)[C@H]1CC(C)(C)CCC		ABT-100
AZFUVPBLKQGSRI-UHFFFAOYSA-N	[H]Cl.[H]Cl.[H]Cl.N1(CCN(C2=NC=CC=C2)CC1)CC3=NC4=CC=CC=C4N3		ABT-724
FWONKSVKZWQNPN-RTWAWAEBSA-N	O=C(N1CCS(=O)(=O)CC1)N1C[C@@](S)(c2ccc(OC(F)(F)F)cc2)C[C@@](S)(c2nc(C3CC3)no2)C1		BAY-386
QKVFMAAIXZONRN-UHFFFAOYSA-N	CC1=C(C#N)C(c2ccc3[nH]nc(C)c3c2)C(C#N)=C(C)N1		BAY-474
YNFDIGJKJPNFFD-SJORKVTESA-N	CCC(=O)N[C@H]1CC[C@@H](C(=O)N(C)c2ccc(-c3nc4ccccc4o3)cc2)C1		BI 99179
QMHRLXNEGYTSRV-UHFFFAOYSA-N	CC(=O)N1CCC(c2ccc(C(=O)NC(=N)N)cc2C(F)(F)F)CC1		BI-9627
VHSIAYLBCLUAFT-UHFFFAOYSA-N	CC(=O)Nc1c(C(C)=O)c(=O)n(C)c2nc(-c3ccc(Cl)cc3Cl)c(-c3ccc(Cl)cc3)cc12		MRL-650
JTCAGRAKUAAYDY-OAHLLOKOSA-N	CN([C@@H]1CCc2c(CC(=O)O)c3ccccc3n2C1)S(=O)(=O)c1ccc(F)cc1		CRTH2
RAXZSEGXMBWYQK-SNVBAGLBSA-N	C[C@@H](NC(=O)Nc1cc2[nH]ncc2c(CO)n1)c1ccccc1		ERKi
PIRKVXKOMRREFI-FVGYRXGTSA-N	C[C@@H](c1cccc(CN)c1)n1cc(Cl)cc(C(N)=O)c1=N.Cl		(R)-9s
GBAKVEWPYUIGHN-UHFFFAOYSA-N	O=c1nc(-c2ccccn2)sc2ccccc12		BTZO-1
RPMGXDCRCWWCRY-SNVBAGLBSA-N	CCNC(=O)c1cc2c(N3CCOC[C@H]3C)ccnc2[nH]1		BAY-707
BNTAEJNPQLMGDJ-NSHDSACASA-N	Cc1nc(N2CC[C@H](O)C2)ncc1-c1cc(C(F)(F)F)cc2[nH]ncc12		TP-004
BXNMZRPTQFVRFA-QGZVFWFLSA-N	C[C@H](c1ccc(F)cc1)N(Cc1cccc(C(=O)O)c1)C(=O)c1cnc2ccccc2c1		PF-05105679
HZRJHVDNTDBTOZ-QGZVFWFLSA-N	C[C@H](c1ccnc(Nc2nc3ccc(-c4cc(N(C)C)ncn4)cc3[nH]2)c1)N1CCN(C(=O)CC(F)(F)F)CC1		BAY-985
BATCTBJIJJEPHM-UHFFFAOYSA-N	O=C(Nc1cccnn1)N1CCC(=Cc2cccc(Oc3ccc(C(F)(F)F)cn3)c2)CC1		PF-04457845
BKLJDIJJOOQUFG-UHFFFAOYSA-N	Cc1c(NC(=O)c2cc(C(N)=O)nc3cc(F)ccc23)c(C(F)(F)F)nn1Cc1ccc(C#N)cc1		BAY-876
MMPAULQSJLVKHP-UHFFFAOYSA-N	Clc1cccc(-c2nnnn2Cc2cccnc2)c1Cl		A-079
CSJYMAFXYMYNCK-UHFFFAOYSA-N	NS(=O)(=O)c1cc(NC(=O)Cc2ccccc2)ccc1Oc1cccc(Cl)c1		BAY-1797
JZTTUZXIQIRVAB-FZEVHQGJSA-N	C[C@H](NC(=O)c1cnc2n1[C@](C)(Cc1ccc(C#N)cc1)C(=O)N2c1cc(Cl)c(F)c(Cl)c1)C(=O)NC1(c2ccccn2)CC1		BI-1950
OZFFKOSQNBBYCA-UHFFFAOYSA-N	CCc1ccccc1C(=O)Nc1n[nH]c2c(C)c(F)c(C3C(C#N)=C(C)N(C)C(C)=C3C#N)cc12		BAY-3827
HSCQDYRIKMDIJX-UHFFFAOYSA-N	Cc1ncc(-c2cc(Cl)ccc2F)cc1-n1c(=O)n(CC(N)=O)c2cnccc21		TP-008
OAMLIJKKGZLNHE-UHFFFAOYSA-N	CC(C)(O)c1cncc(-c2nc3ccc(F)cc3n2C2CC2)c1		MSD-CYP11B2
AUIFRJWXYUNPPV-QFIPXVFZSA-N	CCS(=O)(=O)c1cc2cc(C[C@](O)(CC(C)(C)c3ccc(F)cc3C(N)=O)C(F)(F)F)[nH]c2cn1		BI-653048
CYFBRQHYEQKYHH-MRXNPFEDSA-N	CCS(c1cc2cc(C[C@](CC(C)(C)c3ccc(cc3C(N)=O)F)(C(F)(F)F)O)[nH]c2cn1)(=O)=O		BI 653048
VSZRYLHBOKTNBO-UHFFFAOYSA-N	Cn1nc(C(F)(F)F)cc1-c1cnc(N2CCc3cc(S(=O)(=O)Nc4c(F)cc(Cl)cc4F)cc(N4CCCC4=O)c32)nc1		TP-020
RRELDGDKULRRDM-UHFFFAOYSA-N	[O-][N+](C1=CC(Cl)=C(NC2=CC(CCC(N3)=O)=C3C=C2)C=C1OC4CCOCC4)=O		MRL-CB1-NC
TYXSIXOYTBHZFA-UHFFFAOYSA-N	Cc1cc(-n2nc(Cc3cc(F)cc(C(F)(F)F)c3)nc2C)ccc1C(N)=O		TP-024
ZDOBSAPHUUUOHX-OSYLJGHBSA-N	O=C(NC[C@H]1[C@@H]2CN(C(=O)OCc3cc(C(F)(F)F)cc(C(F)(F)F)c3)C[C@H]12)c1ccc2nn[nH]c2c1		BI-2545
WJXNVDYYZYLOAF-GILVJNHZSA-N	O=C(N[C@H]1CCCCC/C=C\C2C[C@@]2(C(=O)O)NC(=O)[C@@H]2C[C@@H](Oc3ccncc3)CN2C1=O)OC1CCCC1		BI-1675
WEGLOYDTDILXDA-OAHLLOKOSA-N	CNCc1ccccc1-c1csc([C@@H](C)Nc2nc(C)nc3cc(OC)c(OC)cc23)c1		BAY-293
IEFFSHLHNYVSEF-UHFFFAOYSA-N	CN1CCN(C(=O)C(C)(C)c2ccc(C(=O)Nc3cn4cc(-c5ccncc5)ccc4n3)cc2)CC1		T3-CLK
TXZPMHLMPKIUGK-UHFFFAOYSA-N	CN1Cc2cc(ccc2NC1=O)NS(c1ccccc1OC)(=O)=O		PFI-1
YUNQZQREIHWDQT-UHFFFAOYSA-N	COC1=CC(N2C)=C(C=C1NS(=O)(C3=CC=C(C=C3C)Br)=O)N(C)C2=O		OF-1
MTTJOZOOUCZVHO-BSEYFRJRSA-N	C[C@H](N(C(CN1C([C@]2(OC1=O)CCC3=C2C=C(NC(NC)=O)C=C3)=O)=O)CC4=CC=C(F)C=C4)C(F)(F)F		A-486
WYMCVPPNOFFNGE-UHFFFAOYSA-N	FC1=CC=C(C2=CC=NN=C2)C=C1C(NNS(C3=CC=CC=C3)(=O)=O)=O		WM-2474
VRVJKILQRBSEAG-BSEYFRJRSA-N	C[C@H](N(C(CN1C([C@]2(OC1=O)CCC3=CC(NC(NC)=O)=CC=C23)=O)=O)CC4=CC=C(F)C=C4)C(F)(F)F		A-485
QLXULUNLCRKWRD-UHFFFAOYSA-N	FC1=CC=CC=C1S(NNC(C2=CC(F)=CC(C3=NC=CC=C3)=C2)=O)(=O)=O		WM-1119
DNVXATUJJDPFDM-KRWDZBQOSA-N	O=C(C[C@@H]1N=C(C2=C(N3C1=NN=C3C)SC(C)=C2C)C4=CC=C(C=C4)Cl)OC(C)(C)C		(+)-JQ1
MGBNTFOCYSALPQ-UHFFFAOYSA-N	CSc1ccncc1N2CCN(Cc3nc4ccccc4[nH]3)CC2		A-769
BCJOKAFRZRDMFV-CABCVRRESA-N	Cc1nc([C@H]2C[C@H](CN(C2)C(N2CCS(C2)(=O)=O)=O)c2ccc(cc2)C(F)(F)F)on1		BAY-448
BEMUNJONNGSREM-OAHLLOKOSA-N	CN([C@@H]1CCc2c(CC(O)=O)c3cc(ccc3n2C1)S(C)(=O)=O)S(c1ccc(cc1)F)(=O)=O		CRTH2 negative control
PZGSYNNVPNLHQG-AREMUKBSSA-N	C1CC1[C@@H]1C2(CCS(CC2)(=O)=O)c2cc(ccc2N1S(c1ccc(cc1)F)(=O)=O)C(NCc1c(cc(cn1)C(F)(F)F)[Cl])=O		BAY-786
LEEQPBKUBIMCLS-UHFFFAOYSA-N	CC1=C(C2=CC=C(C(N)=O)N=C2)SC(CC3=CC=CC(C(F)(F)F)=C3)=N1		TP-024n
FWPPUDHURRAJHH-UHFFFAOYSA-N	CC1=C(C(O)=O)C=C(C2=C1C=C(C3=CC=C(C(F)(F)F)C=C3)C=C2)C4=CC=C(C5CCNCC5)C=C4.Cl		PPTN-NC
PALPPRFQCFXPCD-UHFFFAOYSA-N	CC1=CC(C(C=C(N2)CNCCCC3=CC=NC=C3)=O)=C2C=C1		UCSF924NC
LQEHCKYYIXQEBM-WXALXNGTSA-N	CCCOC1=CC=C([C@@H]2[C@H]([C@H](C3=CC=C4C(OCO4)=C3)CN2CC(NC5=C(C=CC=C5CC)CC)=O)C(O)=O)C=C1		A-1806262
AEOSDPHCSPJLGL-AREMUKBSSA-N	FC(C=C1)=CC=C1OC2=CC=C(C=C2)NC(N3CCC4=C(C=CC=N4)[C@H]3C5=CC=C(F)C=C5)=O		BAY-897
XUCZRJDRBBJCTE-FVGYRXGTSA-N	C[C@@H](C1=CC=CC(C#N)=C1)N2C=C(C=C(C2=N)C(N)=O)Cl.[H]Cl		(S)-9s
KBYIQQODUSXDFL-UHFFFAOYSA-N	FC(C=C1)=CC=C1C(N2CC(COC3=CC=C(Br)C=C3)(C(O)=O)C2)=O		PF-04475866
WNEINSVFBXZUFH-FQEVSTJZSA-N	CS(C1=CC([C@@H](NC(C2=CN=CC3=C2C=NN3C4=CC=C(F)C=C4)=O)CCNS(C)(=O)=O)=CC=N1)(=O)=O		BI-9307
ASAKPTPDFNXOQN-UHFFFAOYSA-N	N#CC(CC1)(C2=CC=CC=N2)CCN1CC3=C4C=CC=CN4C(C(C(N5CCCC5)=O)=C3)=O		MSD-M1PAM-NC
XKBSPAZCFAIBJL-HNNXBMFYSA-N	CN([C@H]1CCN(C2=CC(C3=CC=CC=C3)=NC4=CC=NN24)C1)C		(S)-ZINC 3573
RVKAHYFWSKSSQQ-UHFFFAOYSA-N	OCC1=CC=CC(C2=NC(N)=NC(NCC3=CC=CC=C3)=N2)=C1		ZINC32547799
PZGSYNNVPNLHQG-SANMLTNESA-N	C1CC1[C@H]1C2(CCS(CC2)(=O)=O)c2cc(ccc2N1S(c1ccc(cc1)F)(=O)=O)C(NCc1c(cc(cn1)C(F)(F)F)[Cl])=O		BAY-784
AADJQCRYJYCVDO-KQQHTNMISA-N	COC1=CC([C@@H]2[C@H]([C@@H](N(C2)CC(N(CCCC)CCCC)=O)CC(C)(CCC)C)C(O)=O)=CC3=C1OCO3.CC4=CC=C(S(=O)(O)=O)C=C4		ABT-546
YSVWFFNZZGLLAI-XNTOLAJGSA-N	CC(C[C@H](NC(NNC([C@@H](NC([C@@H](NC([C@@H](NC([C@H](NC([C@H](N)CC1=CC=C(O)C=C1)=O)CC2=CC=NC=C2)=O)CC(N)=O)=O)CO)=O)CC3=CC=CC=C3)=O)=O)C(N[C@H](C(N[C@H](C(N)=O)CC4=CC=CC=C4)=O)CCCNC(NC)=N)=O)C		KISS1-305
LQEHCKYYIXQEBM-FUKIBTTHSA-N	CCCOC1=CC=C([C@H]2[C@@H]([C@@H](C3=CC(OCO4)=C4C=C3)CN2CC(NC5=C(C=CC=C5CC)CC)=O)C(O)=O)C=C1		A-192621
LWJGMYMNSNVCEM-UHFFFAOYSA-N	COC1=CC2=C(C=C(OCC3(C(O)=O)CN(C(C4=CC=C(F)C=C4)=O)C3)C=C2)C=C1		PF-04418948
PXQATVYJKMMHAU-UHFFFAOYSA-N	CS(C1=CC(C2(NC(C3=CN=CC4=C3C=NN4C5=CC=C(F)C=C5)=O)CC2)=CC=N1)(=O)=O		BI-639667
XKBSPAZCFAIBJL-OAHLLOKOSA-N	CN(C)[C@@H]1CCN(C1)c1cc(c2ccccc2)nc2ccnn12		(R)-ZINC 3573
MDGIEDNDSFMSLP-UHFFFAOYSA-N	OCC1=CC=CC=C1C2=NC(N)=NC(NCC3=CC=CC=C3)=N2		Ogerin
DDOQBQRIEWHWBT-UHFFFAOYSA-N	NC(CCP(O)(O)=O)C(O)=O		DL-AP4
IDLSITKDRVDKRV-JSUROZADSA-N	[H]Cl.C[C@H]([C@H](C1=CC=C(C=C1)O)O)NCCC2=CC=C(C=C2)O		rel-RITODRINE
BWHPNJVKFAPVOG-QYFJGNGUSA-N	[H]Cl.NC[C@@H]1O[C@H](C23CC4CC(C3)CC(C2)C4)CC5=C1C=CC(O)=C5O		A-77636
FLNYLINBEZROPL-NSOVKSMOSA-N	COC1=CC=CC=C1CN[C@H]1C2CCN(CC2)[C@H]1C(C1=CC=CC=C1)C1=CC=CC=C1		CP-96345
NGVLSOWJSUUYDE-RSAXXLAASA-N	[H]Cl.O=C(CC1=CC(Cl)=C(Cl)C=C1)N2CCCC[C@H]2CN3CCCC3		BRL-52537
NFHRQQKPEBFUJK-HSZRJFAPSA-N	CN1C2=C(C=CC=C2)C(=N[C@H](NC(=O)C2=CC3=CC=CC=C3N2)C1=O)C1=CC=CC=C1		DEVAZEPIDE
SYZSSLLFRVDRHL-QPJJXVBHSA-N	COC1=CC=C(\C=C\CCCCOC2=C(CCC(O)=O)C=C(C=C2)C(=O)C2=CC(=CC=C2)C(O)=O)C=C1		LY223982
SQNOQAMOMUBPHK-FFZCCNEYSA-N	[H]Cl.OC1=C2O[C@H]3C4=C(C5=C([C@@H]6OC7=C(C=CC8=C7[C@@]69CCN([C@@H]([C@@]9(C5)O)C8)CC%10CC%10)O)N4)C[C@]%11([C@H]%12CC(C=C1)=C2[C@@]3%11CCN%12CC%13CC%13)O		NORBINALTORPHIMINE
KDFQABSFVYLGPM-QFIPXVFZSA-N	CN1C2=C(C=CC=C2)C(=N[C@@H](NC(=O)NC2=CC(C)=CC=C2)C1=O)C1=CC=CC=C1		L-365260
DYLJVOXRWLXDIG-UHFFFAOYSA-N	COC1=CC=CC(OC)=C1C1=CC(=NN1C1=C2C=CC(Cl)=CC2=NC=C1)C(=O)NC1(C2CC3CC(C2)CC1C3)C(O)=O		REMINERTANT
SONNWYBIRXJNDC-VIFPVBQESA-N	CNC[C@H](O)C1=CC(O)=CC=C1		PHENYLEPHRINE
AVTRGAPFNJEOTQ-FFUVTKDNSA-N	[H]Cl.[H]Cl.COC1=C(C=C(C=C1)OC(F)(F)F)CN[C@H]2CCCN[C@H]2C3=CC=CC=C3		CP-122721
LWULHXVBLMWCHO-UHFFFAOYSA-N	COC1=CC=CC(OC)=C1C1=CC(=NN1C1=C(C=C(C=C1)C(=O)N(C)CCCN(C)C)C(C)C)C(=O)NC1(C2CC3CC(C2)CC1C3)C(O)=O		SR 142948
VPNGEIHDPSLNMU-MERQFXBCSA-N	[H]Cl.C[C@H](C1=CN=CN1)C1=C(C)C(C)=CC=C1		DEXMEDETOMIDINE
PXGPLTODNUVGFL-YNNPMVKQSA-N	CCCCC[C@H](O)\C=C\[C@H]1[C@H](O)C[C@H](O)[C@@H]1C\C=C/CCCC(O)=O		DINOPROST
YEEZWCHGZNKEEK-UHFFFAOYSA-N	COC1=C(CC2=CN(C)C3=C2C=C(NC(=O)OC2CCCC2)C=C3)C=CC(=C1)C(=O)NS(=O)(=O)C1=CC=CC=C1C		Zafirlukast
GYHCTFXIZSNGJT-UHFFFAOYSA-N	CC1=C(C=CC=C1)C(=O)NC1=CC(C)=C(C=C1)C(=O)N1CCCC(O)C2=C1C=CC(Cl)=C2		TOLVAPTAN
RMMXLENWKUUMAY-UHFFFAOYSA-N	CCCC1=NC2=C(C)C=C(C=C2N1CC1=CC=C(C=C1)C1=CC=CC=C1C(O)=O)C1=NC2=CC=CC=C2N1C		Telmisartan
PWTBZOIUWZOPFT-UHFFFAOYSA-N	NC1=NC(NCCC2=CC=C(O)C=C2)=NC2=NC(=NN12)C1=CC=CO1		ZM-241385
ZMRUPTIKESYGQW-UHFFFAOYSA-N	[H]Cl.CC(C)NCC(O)COC1=C2C=CC=CC2=CC=C1		PROPRANOLOL
YQVFCYCTITZLSX-UHFFFAOYSA-N	[H]Cl.CC(C)(C)NCC(O)COC1=C2NC(=O)NC2=CC=C1		CGP-12177
LBFBRXGCXUHRJY-HKHDRNBDSA-M	CC(C)(O)C(C=CC=C1)=C1CC[C@@H](SCC2(CC2)CC([O-])=O)C3=CC(/C=C/C4=NC5=CC(Cl)=CC=C5C=C4)=CC=C3.[Na+]		MONTELUKAST
DUGMCDWNXXFHDE-VZYDHVRKSA-N	O=C(N1CCC2(C(C=CC=C3)=C3N(S(C)(=O)=O)C2)CC1)[C@H](NC(C(C)(N)C)=O)COCC4=CC=CC=C4.OS(=O)(C)=O		IBUTAMOREN
XQCJOYZLWFNDIO-PKLMIRHRSA-N	[H]Cl.CC1CCN(CC[C@H]2CCCN2S(=O)(=O)C2=CC=CC(O)=C2)CC1		SB-269970
NQLIYKXNAXKMBL-UHFFFAOYSA-N	[H]Cl.CCC1=CC=C(OCC2=CC=CC=C2C(=O)NC2=CC3=C(N)C=C(C)N=C3C=C2)C=C1		JTC-801
GIYXAJPCNFJEHY-UHFFFAOYSA-N	[H]Cl.CNCCC(OC1=CC=C(C=C1)C(F)(F)F)C1=CC=CC=C1		Fluoxetine
IJVMOGKBEVRBPP-ZETCQYMHSA-N	N[C@H](C(O)=O)C1=CC=C(C(O)=O)C(=C1)C(O)=O		DCPG
WTLRWOHEKQGKDS-UHFFFAOYSA-N	NS(=O)(=O)C1=C(Cl)C=CC(NC(=O)NC2=C(Cl)C(Cl)=CC=C2)=C1O		SB 332235
JTARFZSNUAGHRB-UHFFFAOYSA-N	CN(C)C1=CC=C(NC(=O)NC2=C3C=C(F)C=C(F)C3=NC(C)=C2)C=C1		SB-408124
OYMNPJXKQVTQTR-UHFFFAOYSA-N	FC(F)(F)C1=C(C=C(S1)C1=NC(=NO1)C1=CC(=CC=C1)C(F)(F)F)C1=CC=CC=C1		SEW 2871
PGYPOBZJRVSMDS-UHFFFAOYSA-N	[H]Cl.CN(C)C(=O)C(CCN1CCC(O)(CC1)C1=CC=C(Cl)C=C1)(C1=CC=CC=C1)C1=CC=CC=C1		LOPERAMIDE
DWPQODZAOSWNHB-UHFFFAOYSA-N	CN1CC(=O)N=C1NC(=O)NC1=CC(Cl)=CC=C1		FENOBAM
KMKBEESNZAPKMP-UHFFFAOYSA-N	CC1=C(C)C(OCC2=CC(=CC=C2)C2=CC=C(C=C2)C(O)=O)=CC2=C1C(=O)C(C2)C1CCCC1		BINA
NXFFJDQHYLNEJK-CYBMUJFWSA-N	CS(=O)(=O)C1=C2N(CC3=CC=C(Cl)C=C3)C3=C(CC[C@@H]3CC(O)=O)C2=CC(F)=C1		LAROPIPRANT
ZTYHZMAZUWOXNC-UHFFFAOYSA-N	NC(=O)CSC1=C(C#N)C(C2=CC=C(OCC3CC3)C=C2)=C(C#N)C(N)=N1		BAY 60-6583
BPRNMVDTWIHULJ-AWEZNQCLSA-N	C[C@@H](CN1CCN(CC1)S(=O)(=O)C1=CC=C(Cl)C(Cl)=C1)NC1=C2SC=C(C)C2=NC=N1		LPA2 Antagonist 1
RQKXQCSEZPQBNZ-QSBCOWLBSA-N	C\C(=N/NC(=O)[C@H]1[C@@H](CNC1=O)C1=CC=CC=C1)C1=CC=CC(Br)=C1		AC 264613
DQYGXRQUFSRDCH-UQIIZPHYSA-M	O=C(N(CC1=C(F)C=CC=C1C(F)(F)F)C(C)=C2C3=C(F)C(OC)=CC=C3)N(C[C@H](NCCCC([O-])=O)C4=CC=CC=C4)C2=O.[Na+]		ELAGOLIX
VZVSLNRDUPMOSZ-UHFFFAOYSA-N	[H]Cl.C(N1CCCNCCNCCCNCC1)C1=CC=C(CN2CCCNCCNCCCNCC2)C=C1		PLERIXAFOR
XLFKECRRMPOAQS-UHFFFAOYSA-N	[H]Cl.ClC1=CC=C(CCCOCCCN2CCCCC2)C=C1		PITOLISANT
LVNUBJDWJFOMKH-UHFFFAOYSA-N	[H]Cl.CC(C)(CC1=CC=CC=C1)NCC(O)C1=CC=C(O)C(NS(C)(=O)=O)=C1		Zinterol
WLJNZVDCPSBLRP-UHFFFAOYSA-N	OC(=O)C1=CC2=C(C=CC=C2)C(CC2=C3C=CC=CC3=CC(C(O)=O)=C2O)=C1O		PAMOIC ACID
GPPJWWMREQHLQT-BHQIMSFRSA-N	[H]Cl.CN(C)C(=O)N[C@H]1CC[C@H](CCN2CCN(CC2)C2=C(Cl)C(Cl)=CC=C2)CC1		CARIPRAZINE
KYHUARFFBDLROH-MOPGFXCFSA-N	C[C@H](NC(=O)C1=C(C)C=C(C=C1C)C1=CC(N[C@H](C)C2=CC(C)=C(Cl)C=C2)=CC=C1)C(O)=O		NIBR0213
WUJVPELCYCESAP-UHFFFAOYSA-N	OC(=O)CC1CCC2(CC1)CCN(CC2)C1=CC(OC(F)(F)F)=CC=C1Cl		GPR120 Compound A
MPMKMQHJHDHPBE-RUZDIDTESA-N	C[C@@]1(CCN1C(=O)C1=CSC2=CC=CC=C12)C(=O)N(CCCC(O)=O)CC1=CC(Cl)=CC=C1		GLPG-0974
WAAWETUDFSIYSD-UHFFFAOYSA-N	OC(=O)C1CN(CC2=CC=C(OCC3=CC(Cl)=C(Cl)C=C3)C=C2)C1		A 971432
QASFUMOKHFSJGL-LAFRSMQTSA-N	C[C@H]1C[C@@H]2[C@H]([C@H]([C@]3(O2)CC[C@H]4[C@@H]5CC=C6C[C@H](CC[C@@]6([C@H]5CC4=C3C)C)O)C)NC1		CYCLOPAMINE
DYXYXTDIFMDJIR-UHFFFAOYSA-N	CNC1=C(N=C(O1)C1=C2C=CC=CC2=CC=C1)C#N		ML351
RPHDOVLXDYWDGF-UHFFFAOYSA-N	Cc1ccc2c(c1)C(C=C(CNCCCOc1ccccc1)N2)=O		UCSF924
WBFGOFIEIRLCBO-DAFODLJHSA-N	FC(F)(F)c1cnc(Oc2nc(/C=C/CC3CN(C(Nc4nnccc4)=O)C3)cnc2)cc1		PF-04875474
QPQWTXYSJPGPST-UHFFFAOYSA-N	FC1=C(C2=CC=CC=C2)C=CC(C(NC3=CC=C(N4N=C(C5=CC=CN=C5)C=C4C(F)(F)F)C=N3)=O)=C1		BI-2049
KMESAVNRPDKZCQ-UHFFFAOYSA-N	CCOCCN1C=C(C=CC1=O)C(Nc1ccc(cn1)n1c(cc(c2cccnc2)n1)C(F)(F)F)=O		BI-1935
KDOQEEMQPHIANX-REWPJTCUSA-N	COc1ccc2c(c1)O[C@@H](C[C@@H]2NC(C1(CC1)c1ccc2c(c1)OC(O2)(F)F)=O)c1ccc(c(c1)OC)OC		A-1596586
UPJRPOWMFLBSKZ-UHFFFAOYSA-N	CC(=O)N1CCC(CC1)c2ccc(cc2C(F)(F)F)C(=O)NC3=NCCN3		BI-0054
KDAYMLCFQCRZOT-MRXNPFEDSA-N	C[C@H](C1=CC=C(C=C1)F)N(C(C2=CC3=CC=CC=C3N=C2)=O)CC4=CC(C(O)=O)=C(Cl)C=C4		PF-05257137
WRHHATMLNUQQTB-MZRBSKCNSA-N	CCC(/C(C)=C/c1cc(C)c(F)cc1)=N\O		A-226
JXAOITUGCKTSTF-UHFFFAOYSA-N	C1CC1(C(Nc1ccc(c(c1)S(N)(=O)=O)Oc1cccc(c1)[Cl])=O)c1ccccc1[Cl]		BAY-207
VATLFUUMDRXLTK-GDLZYMKVSA-N	C[C@@]1(Cc2ccc(C#N)cc2)C(N(c2cc(cc(c2)[Cl])[Cl])c2ncc(C(NC3(CC3)c3nc(C4CCC4)no3)=O)n12)=O		BI-9446
VCTHNOIYJIXQLV-UHFFFAOYSA-N	CC1=CC(=CC=C1)CN2CCN(CC2)C(C3=CC=CC=C3)C4=CC=C(C=C4)Cl.Cl.Cl		Meclizine dihydrochloride
AUYYCJSJGJYCDS-LBPRGKRZSA-N	N[C@@H](Cc1cc(I)c(Oc2ccc(O)c(I)c2)c(I)c1)C(O)=O		T3
BAAILVWEAXFTSF-UHFFFAOYSA-N	C1=CC(=CC=C1C2=NC3=C(O2)C(=CC(=C3)O)Br)O		WAY200070
GHZHWDWADLAOIQ-UHFFFAOYSA-N	C1=CC(=CC=C1CC(C#N)C2=CC=C(C=C2)O)O		Diarylpropionitrile
NBMKJKDGKREAPL-DVTGEIKXSA-N	C[C@H]1C[C@H]2[C@@H]3CCC4=CC(=O)C=C[C@@]4([C@]3([C@H](C[C@@]2([C@]1(C(=O)CO)O)C)O)Cl)C		Beclomethasone
PQSUYGKTWSAVDQ-ZVIOFETBSA-N	C[C@]12CCC(=O)C=C1CC[C@@H]3[C@@H]2[C@H](C[C@]4([C@H]3CC[C@@H]4C(=O)CO)C=O)O		Aldosterone
SYWHXTATXSMDSB-GSLJADNHSA-N	C[C@]12CCC(=O)C=C1CC[C@@H]3[C@@]2([C@H](C[C@]4([C@H]3CC[C@@]4(C(=O)CO)O)C)O)F		Fludrocortisone acetate
FRQMUZJSZHZSGN-HBNHAYAOSA-N	C[C@H]1C[C@@H]2[C@H](CC[C@]3([C@H]2CC[C@@]3(C(=O)C)O)C)[C@@]4(C1=CC(=O)CC4)C		Medroxyprogesterone
OGQICQVSFDPSEI-UHFFFAOYSA-N	CCOC(=O)C1=CN=C(C=C1)C#CC2=CC3=C(C=C2)SCCC3(C)C		Tazarotene
LZCDAPDGXCYOEH-UHFFFAOYSA-N	COC1=C(C=C(C=C1)C2=CC3=C(C=C2)C=C(C=C3)C(=O)O)C45CC6CC(C4)CC(C6)C5		Adapalene
KFBPBWUZXBYJDG-UHFFFAOYSA-N	CC1(C2=C(C=C(C=C2)C(=O)NC3=CC=C(C=C3)C(=O)O)C(C1=O)(C)C)C		BMS753
MUTNCGKQJGXKEM-UHFFFAOYSA-N	CC1(CCC(C2=C1C=CC(=C2)NC(=O)C3=CC=C(C=C3)C(=O)O)(C)C)C		Tamibarotene
SZWKGOZKRMMLAJ-UHFFFAOYSA-N	CC1(CCC(C2=C1C=CC(=C2)C(=O)NC3=CC=C(C=C3)C(=O)O)(C)C)C		Ro 40-6055
LDGIHZJOIQSHPB-UHFFFAOYSA-N	C1C2CC3CC1CC(C2)(C3)C4=C(C=CC(=C4)C5=CC6=C(C=C5)C=C(C=C6)C(=O)O)O		AHPN
HWVNEWGKWRGSRK-UHFFFAOYSA-N	CC1=C(C=CC(=C1)SCC2=C(N=C(S2)C3=CC(=C(C=C3)C(F)(F)F)F)C)OCC(=O)O		GW0742
XSITZVFUXCLFMK-YCBFMBTMSA-N	CN(CCOC1=CC=C(C=C1)C[C@@H](C(=O)O)NC2=CC=CC=C2C(=O)C3=CC=CC=C3)C4=CC=CC=N4		GW1929 hydrate
NSMJEHGOMXSLCW-UHFFFAOYSA-N	COC(=O)C(CC1=CC=C(C=C1)OCCN2C3=C(C=C(C=C3)C(=O)C4=CC=CC=C4)SC2=O)C(=O)OC		S26948
NMPUWJFHNOUNQU-UHFFFAOYSA-N	C1=CC=C(C=C1)C(CN(CCCOC2=CC=CC(=C2)CC(=O)O)CC3=C(C(=CC=C3)C(F)(F)F)Cl)C4=CC=CC=C4.Cl		GW3965
INASOKQDNHHMRE-UHFFFAOYSA-N	CC(C)OC(=O)C1=CN(CC(C2=C1NC3=CC=CC=C32)(C)C)C(=O)C4=CC(=C(C=C4)F)F		XL335
JQXXHWHPUNPDRT-WLSIYKJHSA-N	C[C@H]1/C=C/C=C(\C(=O)NC2=C(C(=C3C(=C2O)C(=C(C4=C3C(=O)[C@](O4)(O/C=C/[C@@H]([C@H]([C@H]([C@@H]([C@@H]([C@@H]([C@H]1O)C)O)C)OC(=O)C)C)OC)C)C)O)O)/C=N/N5CCN(CC5)C)/C		Rifampicin
PCZOHLXUXFIOCF-BXMDZJJMSA-N	CC[C@H](C)C(=O)O[C@H]1C[C@H](C=C2[C@H]1[C@H]([C@H](C=C2)C)CC[C@@H]3C[C@H](CC(=O)O3)O)C		Lovastatin
YQLJDECYQDRSBI-UHFFFAOYSA-N	CCOP(=O)(C(=CC1=CC(=C(C(=C1)C(C)(C)C)O)C(C)(C)C)P(=O)(OCC)OCC)OCC		SR12813
ZZUKALQMHNSWTK-UHFFFAOYSA-N	CC1(CCC(C2=C1C=CC(=C2)C3(OCCO3)C4=CC=C(C=C4)C(=O)O)(C)C)C		SR 11237
IOTXSIGGFRQYKW-UHFFFAOYSA-N	CCCC1=C(N(N=C1C2=CC=C(C=C2)O)C3=CC=C(C=C3)O)C4=CC=C(C=C4)O		Propylpyrazoletriol
OISHBINQIFNIPV-JOCHJYFZSA-N	CC(C)C1=CC=C(C=C1)CC(=O)N2CCC[C@H](C2)C3=CC(=CC=C3)OC(C)(C)C(=O)O		CP 775146
LVLLALCJVJNGQQ-SEODYNFXSA-N	CCC(CC)(/C=C/C=C/[C@@H](C)[C@H]1CC[C@@H]\2[C@@]1(CCC/C2=C\C=C/3\C[C@H](C[C@@H](C3=C)O)O)C)O		Seocalcitol
HKXBNHCUPKIYDM-CGMHZMFXSA-N	C[C@H](/C=C/[C@H](C)C(C)C)[C@H]1CC[C@@H]\2[C@@]1(CCC/C2=C\C=C/3\C[C@H](C[C@@H](C3=C)O)O)C		Doxercalciferol
UCJGJABZCDBEDK-UHFFFAOYSA-N	CC1=C(N(C2=C1C=C(C=C2)O)CC3=CC=C(C=C3)OCCN4CCCCCC4)C5=CC=C(C=C5)O		Bazedoxifene
QNAZTOHXCZPOSA-UHFFFAOYSA-N	CC1=CC(=CC(=C1CC2=CC(=C(C=C2)O)C(C)C)C)OCC(=O)O		Sobetirome
AUIFRJWXYUNPPV-JOCHJYFZSA-N	CCS(C1=NC=C2NC(C[C@@](O)(CC(C3=CC=C(C=C3C(N)=O)F)(C)C)C(F)(F)F)=CC2=C1)(=O)=O		BI-3047
SYYSMZCCSNLTHZ-LLVKDONJSA-N	CCNC(=O)c1cc2c(ccnc2n1C)N3CCOC[C@H]3C		BAY-604
OWHLFAMVTWAXBL-UHFFFAOYSA-N	CC1=CN=C2N1C3=C(C=CC(C)=C3)N=C2NCCN.FC(F)(C(O)=O)F.FC(F)(C(O)=O)F		BMS-345541 (ditrifluoroacetate)
USNRYVNRPYXCSP-JUGPPOIOSA-N	CN(C/C=C/C(=O)NC1=C(C=C2N=CN=C(C2=C1)NC3=CC(=C(C=C3)F)Cl)O[C@@H]4COCC4)C.C(=C\C(=O)O)\C(=O)O.C(=C\C(=O)O)\C(=O)O		Afatinib (dimaleate)
MYQAUKPBNJWPIE-UHFFFAOYSA-N	NC1=NC(N)=C(CC2=CC(OC)=C(OCC3=CC=C(OC)C=C3)C=C2)C=N1		GW 2580
GFMMXOIFOQCCGU-UHFFFAOYSA-N	C1CC1CONC(=O)C2=C(C(=C(C=C2)F)F)NC3=C(C=C(C=C3)I)Cl		CI-1040
ZHJGWYRLJUCMRT-QGZVFWFLSA-N	CN1CCN(CC1)CC2=CC3=C(C=C2)N=CN3C4=CC(O[C@H](C)C5=C(C(F)(F)F)C=CC=C5)=C(S4)C(N)=O		GSK461364
WELBJLUKWAJOQV-UHFFFAOYSA-N	OC1CCN(C2=CC(OCC)=C(NC3=NC=C(N(C)C(CCN4C5CCCC5)=O)C4=N3)C=C2)CC1		Mps1-IN-2
NMJMRSQTDLRCRQ-UHFFFAOYSA-N	COC1=C(NC2=CC(NC3=CC=CC=C3S(C(C)C)(=O)=O)=C(C=CN4)C4=N2)C=CC(N5CCC(O)CC5)=C1		Mps1-IN-1
MUOKSQABCJCOPU-UHFFFAOYSA-N	OC(C1=CC2=NC(NC3=CC(Cl)=CC=C3)=C(C=CN=C4)C4=C2C=C1)=O		CX-4945
PKCDDUHJAFVJJB-VLZXCDOPSA-N	NC1=NC=CN2C1=C(C3=CC(N=C(C4=CC=CC=C4)C=C5)=C5C=C3)N=C2[C@H]6C[C@@](C)(O)C6		Linsitinib
PDMUGYOXRHVNMO-UHFFFAOYSA-N	OCCN(N=C1)C=C1C2=CN=C3C(N(CC4=CC=C5C(C=CC=N5)=C4)N=N3)=N2		PF-04217903
XNFHHOXCDUAYSR-SFHVURJKSA-N	C1(NC[C@H]2OCCC2)=C(C(C3=CC=CC=C3)=C(C4=CC=CC=C4)O5)C5=NC=N1		AIM 100
IRTDIKMSKMREGO-OAHLLOKOSA-N	CC1=CN2C(=O)C=C(N=C2C(=C1)[C@@H](C)NC3=CC=CC=C3C(=O)O)N4CCOCC4		AZD 6482
WCIGMFCFPXZRMQ-UHFFFAOYSA-N	O=C(C1=C(OCC2=CC=CC=C2)C=CC(C3=CC(F)=NC=C3)=C1)NC4=CC=CN=C4		GSK2578215A
IKKLFEDUYFZNBO-UHFFFAOYSA-N	O=C(C1=CC=C(C(C)(C)C)C=C1)NC2=CN3C=C(N4C=CN=C4)C=CC3=N2.Cl.Cl		ASK1 Inhibitor 10
VNBRGSXVFBYQNN-UHFFFAOYSA-N	CCOC1=C(C(=O)N(C=C1)C2=CC=C(C=C2)F)C(=O)NC3=CC(=C(C=C3)OC4=C(C(=NC=C4)N)Cl)F		BMS 777607
RIJLVEAXPNLDTC-UHFFFAOYSA-N	C1CC1C(=O)NC2=NN3C(=N2)C=CC=C3C4=CC=C(C=C4)CN5CCS(=O)(=O)CC5		Filgotinib
SDGJBAUIGHSMRI-UHFFFAOYSA-N	CN1CCN(C2=CC=C(NC3=NC=C(Cl)C(OC4=CC=CC(NC(CC)=O)=C4)=N3)C(OC)=C2)CC1		WZ4003
PUXPEQJKNAWNQA-AAEUAGOBSA-N	CNC1=C(C(F)(F)F)C=NC(NC2=C(Cl)N([C@H]3CCN(C4COC4)C[C@@H]3F)N=C2)=N1		GNE-9605
AWNXKZVIZARMME-UHFFFAOYSA-N	OC(C)(C)CNC1=NC(CC2CC2)=C(C3=CC=NC(NC4=CC=NC(Cl)=C4)=N3)C=N1		Vps34-IN-1
ZCDBTQNFAPKACC-UHFFFAOYSA-N	CC(C)S(C1=CC(C(NC2=CC=C(SC=N3)C3=C2)=CC=N4)=C4C=C1)(=O)=O		GSK872
WNEILUNVMHVMPH-UHFFFAOYSA-N	CC1=C(C=CC(=C1)C2=CN=C3N2N=C(C=C3NCCC(F)(F)F)OC4=C(C(=C(C=C4)OC)F)F)C(=O)NC5CC5		BAY 12-17389
YBYYWUUUGCNAHQ-LLVKDONJSA-N	FC(F)(F)C(C=N1)=C(NC[C@@H]2OCCNC2)C=C1NC3=CN=C(C#N)C=N3		CCT245737
JBGYKRAZYDNCNV-UHFFFAOYSA-N	C1CC(C1)(C2=CC=C(C=C2)C3=C(N4C(=N3)C=CC(=N4)C(=O)N)C5=CC=CC=C5)N		BAY1125976
WDENQIQQYWYTPO-IBGZPJMESA-N	O=C(NC1=CC=CC=N1)C(C=C2)=CC=C2C3=C(C(N)=NC=C4)N4C([C@@H]5CCCN5C(C#CC)=O)=N3		Acalabrutinib
JKDGKIBAOAFRPJ-ZBINZKHDSA-N	COC(C(C(N)=O)=C1)=CC2=C1C=CN=C2OC[C@H]3NC([C@@H](F)[C@H]3CC)=O		PF-06650833
OEBIHOVSAMBXIB-SJKOYZFVSA-N	O=C(N[C@H](C)CCC1=NC=C(F)C=C1[C@]2([H])N3CCC2)C4=C5N(N=C4)C=CC3=N5		LOXO-195
CWJLAVRXVFHDSJ-UHFFFAOYSA-N	CC1=NC2=C(O1)C=C(C=C2)C3=CNC4=C3C(=NC(=N4)NC5=C(C=C(C=C5)C(=O)NC)OC)OC6CCCC6		CC-671
HXBRBOYWXDLHDC-UHFFFAOYSA-N	C=CC(=O)Nc1ccc2[nH]c(=O)n(C3CCN(Cc4ccc(-c5nc6cc[nH]c(=O)c6cc5-c5ccccc5)cc4)CC3)c2c1		Borussertib
RNOAOAWBMHREKO-QFIPXVFZSA-N	O=C(C=C)N1CCC([C@]2([H])CCNC3=C(C(N)=O)C(C4=CC=C(OC5=CC=CC=C5)C=C4)=NN32)CC1		Zanubrutinib
ZHXNIYGJAOPMSO-UHFFFAOYSA-N	COC1=CC(C)=C(SC3=CN=C(NC(C4=CC=C(CNC(C)C(C)(C)C)C=C4)=O)S3)C=C1C(N2CCN(C(C)=O)CC2)=O		BMS 509744
IWCQHVUQEFDRIW-UHFFFAOYSA-N	C1CN(CCC1N2C3=CC=CC=C3NC2=O)CC4=CC=C(C=C4)C5=C(N=C6C=C7C(=NC=N7)C=C6N5)C8=CC=CC=C8		AKT inhibitor VIII
HGVNLRPZOWWDKD-UHFFFAOYSA-N	FC(F)C1=NC(C=CC=C2)=C2N1C3=NC(N4CCOCC4)=NC(N5CCOCC5)=N3		ZSTK474
TUVCWJQQGGETHL-UHFFFAOYSA-N	Oc1cccc(c1)c1nc(N2CCOCC2)c2oc3ncccc3c2n1		PI-103
NDEXUOWTGYUVGA-LJQANCHMSA-N	O=C([C@H](N)C1CCCCC1)NC2=CC3=C4C(NC(C5=CN(C)N=C5)=C4C=NNC3=O)=C2		PF-477736
SUDAHWBOROXANE-SECBINFHSA-N	FC1=C(F)C(NC2=CC=C(I)C=C2F)=C(C(NOC[C@H](O)CO)=O)C=C1		PD0325901
SXNJFOWDRLKDSF-STROYTFGSA-N	CC[C@@H]1C(N(C)C2=CN=C(NC3=C(OC)C=C(C(N[C@@H]4CC[C@@H](N5CCN(CC6CC6)CC5)CC4)=O)C=C3)N=C2N1C(C)C)=O		Volasertib
QTBWCSQGBMPECM-UHFFFAOYSA-N	CN(C)CC1=CC=CC(C2=CC3=C(C4=CN(CC)N=C4C5=CC=C(NC(N(C)C)=O)C=C5)C=CN=C3N2)=C1		GSK1070916
QHLVBNKYJGBCQJ-UHFFFAOYSA-N	CN1CCN(C2=CC=C(OC(F)(F)F)C(NC3=NC=C(CCC4=C5N(CCO)N=C4C(N)=O)C5=N3)=C2)CC1		NMS-1286937
ZHMXXVNQAFCXKK-QGZVFWFLSA-N	C[C@@H]1CCNC(=O)C2=CC3=C(N12)C=C(C=C3)C(=O)NC4=NC5=CC=CC=C5N4CCCN(C)C		BIX 02565
BSMCAPRUBJMWDF-KRWDZBQOSA-N	FC1=C(NC2=CC=C(I)C=C2F)C(C(N3CC([C@@H]4CCCCN4)(O)C3)=O)=CC=C1F		Cobimetinib
BEUQXVWXFDOSAQ-UHFFFAOYSA-N	CC1=NN(C(C)C)C(C2=CN(CCO3)C(C4=C3C=C(C5=CN(C(C)(C)C(N)=O)N=C5)C=C4)=N2)=N1		Taselisib
RHXHGRAEPCAFML-UHFFFAOYSA-N	O=C(N(C)C)C(N1C2CCCC2)=CC(C1=N3)=CN=C3NC(C=C4)=NC=C4N5CCNCC5		Ribociclib
XVBGRTMNFNMINE-UHFFFAOYSA-N	CN1CCN(C2CCN(C(C3=CC(OCC)=C(NC4=NC=C(N(C)C(C(C=CC=C5)=C5N6C7CCCC7)=O)C6=N4)C=C3)=O)CC2)CC1		XMD17-109
STUWGJZDJHPWGZ-LBPRGKRZSA-N	CC1=C(SC(=N1)NC(=O)N2CCC[C@H]2C(=O)N)C3=CC(=NC=C3)C(C)(C)C(F)(F)F		Alpelisib
IIXWYSCJSQVBQM-LLVKDONJSA-N	FC1=CC=C(C(N(C)CC2=NN(C)C(C#N)=C32)=O)C([C@@H](C)OC4=C(N)N=CC3=C4)=C1		Lorlatinib
CGBJSGAELGCMKE-UHFFFAOYSA-N	COC1=C(NS(C2=CC=C(F)C=C2F)(=O)=O)C=C(C3=CC(C(C4=CC=NN=C4)=CC=N5)=C5C=C3)C=N1		Omipalisib
IUVCFHHAEHNCFT-INIZCTEOSA-N	C[C@@H](C1=C(C2=CC(F)=CC=C2)C(C3=CC(F)=CC=C3O1)=O)N4N=C(C5=CC=C(OC(C)C)C(F)=C5)C6=C(N)N=CN=C46		Umbralisib
NSMOZFXKTHCPTQ-UHFFFAOYSA-N	CC1=CN=C(NC=C2CC3=C(F)N=C(NCC4=C(OC)N=CC(F)=C4)C=C3)C2=C1		PLX5622
JSKUWFIZUALZLX-UHFFFAOYSA-N	COC1=C(OC)C=C(N=CN2C3=CC(OCC4=CC=CC=C4C(F)(F)F)=C(C(N)=O)S3)C2=C1		GW843682X
DXCUKNQANPLTEJ-UHFFFAOYSA-N	O=C(NC(C)(C)C)NC2=NC1=NC(NCCCCN(CC)CC)=NC=C1C=C2C3=CC(OC)=CC(OC)=C3		PD173074
XACXTPQNHGFQOD-VIFPVBQESA-N	C[C@@H](C1=CC=CC=N1)NC(NC2=NC(CO)=C3C=NNC3=C2)=O		ERKi-NC
FNGNFKLDKUCGLD-UHFFFAOYSA-N	CN(C1=NC=NC(C2=CC=C3N=C(NC3=C2)NC4=CC(CN5CCN(C(CC(F)(F)F)=O)CC5)=CC=N4)=C1Cl)C		BAY-440
BJRRXLJCIAUKMM-UHFFFAOYSA-N	CN(S(C)(=O)=O)C1=CC=NC(CNC2=C(C(F)(F)F)C=NC(NC3=CC(CC(N4)=O)=C4C=C3)=N2)=N1		PF-00911705
MOONEVNPHKFNGV-UHFFFAOYSA-N	O=C(C1=CC=CC(S(F)(F)(F)(F)F)=C1)NC2=CC(C)=CC(N3C=CN(C3=C4)N=C4C5=CN=CC=C5)=C2		BAY-309
OYKPWSZSBLRRPL-HOYKHHGWSA-N	OC([C@H](C(C)(C)C1)CC[C@]1(O)C2=NC=C(S2)C3=CC(NC4=NC=CC(C)=N4)=CC(C)=C3)=O		MRL-SYKi-NC
BNTGVINQADRYBE-UHFFFAOYSA-N	CN1CCN(C(C(C)(C2=CC=C(C(NC3=CN4C=C(C5=CC(C(C)(C)C)=CC(C(C)(C)C)=C5)C=CC4=N3)=O)C=C2)C)=O)CC1		T3-CLK-N
YGCZGTCXWBPTDC-GASCZTMLSA-N	C[C@H]1CN(C[C@@H](C)O1)C2=NC=NC(C3=NN(C4=C3C=C(C=C4)OC5(C)CC5)C)=C2		MLi-2-NC
YJJMPAOJOSVSDB-UHFFFAOYSA-N	CC1=C(C=CC=C1)C(NC2=NN(C3=CC=C(C=C23)C4C(C#N)=C(C)NC(C)=C4C#N)C)=O		BAY-974
AROOGPVJRFLMEV-UHFFFAOYSA-N	CC1=NC(C=C(N2CCN(CC2)C)C=N3)=C3C(C4CCN(C(C5=CC=C(OC(F)(F)F)C=C5N)=O)CC4)=N1		BAY-693
LQNZFNWBROGUOM-UHFFFAOYSA-N	CN1C=C(Cl)C2=C1N=CC=C2OC3=C(F)C=C(NC4=NC(N)=NC(Cl)=C4)C=C3F		BAY-4900
XNDYHEXTXJNCNG-UHFFFAOYSA-N	O=C1N(C2=CC=CC=C2N1CC(N)=O)C3=CC(C4=C(C=CC(Cl)=C4)F)=CN=C3C		Al11
HMPXSYOFBMBHDF-UHFFFAOYSA-N	FC(F)(F)C1=C(C=NN1C2=CC=CC=C2)C(NCC3=CC=C(C=C3)C(NCCCC4CCCCC4)=O)=O		SR321
WGMNFJAFXXXRLZ-GEVKEYJPSA-N	CS(N1CCCC(NC([C@@H](NC(C2=CC=C(C=C2)CNC(C3=CN=C4C=CC=CN34)=O)=O)CCC5CCCCC5)=O)C1)(=O)=O		SR-302
MPASHPJAIUOWCK-UHFFFAOYSA-N	N#CC1=CC(S(F)(F)(F)(F)F)=CC(C(NC2=C(C)C=C(C)C(N3C=CN(C3=C4)N=C4C5=CN=CC=C5)=C2)=O)=C1		BAY-826
HUOXIXBCBFNFKF-VOIUYBSRSA-N	OC([C@H](C(C)(C)C1)CC[C@]1(O)C2=NC=C(S2)C3=CC(NC4=CC=CC(C(F)(F)F)=N4)=C(C)C=C3)=O		MRL-SYKi
ATUUNJCZCOMUKD-OKILXGFUSA-N	[H][C@@]1(CN(C2=NC=NC(C3=NNC4=C3C=C(OC5(CC5)C)C=C4)=C2)C[C@@](C)(O1)[H])C		MLi-2
NRSGWEVTVGZDFC-UHFFFAOYSA-N	Cc1c[nH]c2c1c(ccn2)Oc1c(cc(cc1F)Nc1cc(nc(N)n1)[Cl])F		BAY-549
HXMGCTFLLWPVFM-GOSISDBHSA-N	C1Cc2cc(ccc2C(c2cc(ccc12)OC[C@@H](CO)O)=O)Nc1ccc(cc1F)F		L-Skepinone
JWZSSEWMVYKYKW-UHFFFAOYSA-N	C1Cc2cc(ccc2C(c2cc(ccc12)C(NCCN1CCOCC1)=O)=O)Nc1ccc(c(c1)NC(c1ccccc1)=O)F		FS-694
MAHFVAHPQSLLJF-IBGZPJMESA-N	CN1C([C@@H](N2CCC3=CN(N=C3C2=O)CC4=CC=CC=C4)COC5=C1C=CC=C5)=O		TP_030_1
KHVVJKLNKLQLJZ-SFHVURJKSA-N	CN1C([C@@H](N2CCC3=C(Br)N(CC4=CC=CC=C4)N=C3C2=O)COC5=C1C=CC=C5)=O		TP_030_2
DOWXJKCQWFHDRU-UHFFFAOYSA-N	C=CC(=O)Nc1ccc2[nH]c(=O)n(C3CCN(C(=O)c4ccc(-c5nc6cc[nH]c(=O)c6cc5-c5ccccc5)cc4)CC3)c2c1		RL2841
AYRUNBYNKCLGFI-UHFFFAOYSA-N	O=C(NCCCN1CCCC1=O)C2=CN=C(N(CC)CC3=CC=C(Cl)C=C3)N=C2NC4CCCC4		NR187
HOYFKJXFPMNFPM-UHFFFAOYSA-N	O=C(NCCCN1CCOC1=O)C2=CN=C(NCC3=CC(Br)=CC=C3Br)N=C2NC4CCCC4		NR162
GJYVLTPTDBQQCY-UHFFFAOYSA-N	COC1=NN2N=CC(C3=NC(NC4=CC(C(F)(F)F)=CC(OC)=C4)=NC=C3)=C2C=C1		SGC-CLK-1 (UNC-CAF-170 )
ZGBAPSHWPBXEKN-QFZRFWILSA-N	O=C(C1=C(N=N2)C=CC=C1)N2C[C@H]([C@H]3C(O)=O)CC[C@H]3C(C(C=C4)=CC=C4OCCC5CCOCC5)=O		BAY-694
FITQSJBSXMDHOS-UHFFFAOYSA-N	CN(Cc1ccccc1)Cc1csc2c1C(NC(C(NCc1cccc(c1)OC)=O)=N2)=O		T-26f
FOIUQQUDMFDDDC-UHFFFAOYSA-N	CN1C(C2=CC3=C(C=C2)NC=C3)=CC(C(NCC4=CC=C(C=C4)C(O)=O)=O)=N1		BI-4395
ZGBAPSHWPBXEKN-OPHFCASCSA-N	O=C(C1=C(N=N2)C=CC=C1)N2C[C@@H]([C@@H]3C(O)=O)CC[C@@H]3C(C(C=C4)=CC=C4OCCC5CCOCC5)=O		BAY-7598
CDQRIIUMNLMHRH-UHFFFAOYSA-N	COc1cccc(CNC(C2NC(c3c(COCc4ccc(cc4)C(O)=O)csc3N=2)=O)=O)c1		T-26c
MMJPVSDTLGFIQW-UHFFFAOYSA-N	CCOC(c1cc2cc(ccc2[nH]1)c1cc(C(NCc2ccc(cc2)C(O)=O)=O)nn1C)=O		BI-4394
IXWUILRSNIQHDM-QGZVFWFLSA-N	O=C(N(C)C)C1=C(O)C=C(C2=CC(C(N[C@@H]3CCC4=C3C=CC=C4)=O)=NO2)C=C1		PFI-6
CKEICVFLYGXFOP-UHFFFAOYSA-N	O=C(N(C)C)C1=C(O)C=C(C2=CC(C(N(C)C3CCCC3)=O)=NO2)C=C1		PFI-6N
RNBRMUYDOIRYOA-UHFFFAOYSA-N	FC(F)(F)C1=CC(N=C2C3=CN=CC=C3)=C(C=C1)N2C4CC4		MSD-CYP11B2 negative control
WHMXDBPHBVLYRC-OFVILXPXSA-N	O=C(C1=CC=C(OC(C)C)C(Cl)=C1)N[C@H](CNC(CN(C)C)=O)CC2=CC=C(C3=CN(C=CC=C4[C@H](C)O)C4=N3)C=C2		GSK923295
PGIVGIFOWOVINL-GOSISDBHSA-N	CC1=C(C(C)=O)[C@@H](c2ccc(C#N)nc2)NC(N1c1cccc(c1)C(F)(F)F)=O		BAY-678
HEUVRFNVTLGKMZ-AREMUKBSSA-N	CN1C=NC=C1[C@@](COC2=C(C3=CC=C(OC(F)(F)F)C=C3)C=C(C#N)C=C2)(C4=CC=C(C#N)C=C4)O		A-108
PGIVGIFOWOVINL-SFHVURJKSA-N	CC(=O)C1=C(C)N(C(=O)N[C@H]1c2ccc(nc2)C#N)c3cccc(c3)C(F)(F)F		BAY-677
YNFDIGJKJPNFFD-DLBZAZTESA-N	CCC(=O)N[C@@H]1CC[C@@H](C1)C(=O)N(C)c2ccc(cc2)c3oc4ccccc4n3		BI 99990
LMWVEVSLAFDIRE-QFIPXVFZSA-N	Cc1ccn(c2ccc(cc2OC)c2cn([C@H]3CCc4ccccc4N(CC(F)(F)F)C3=O)nn2)n1		GSM-NC
VAAPYECJHQQRAS-UHFFFAOYSA-N	CN(C)C(Cn1cc(cn1)c1nc(C2(CC2)c2ccc(cc2)c2cnc(N)nc2)no1)=O		BI-0153
TTWGDSSADVBNQY-LMGRWQENSA-N	CC(C)(OC(N1CCCC1CN[C@@H]2CC[C@](c3c(F)ccc(F)c3)(S(c4ccc(Cl)cc4)(=O)=O)CC2)=O)C		GSI-NC
BZXKWTWZOMZUEU-UHFFFAOYSA-N	C(c1ccc(c(c1)[Cl])Nc1ccc2c(c1)NC(N2)=O)#N		TP-021n
WEGLOYDTDILXDA-HNNXBMFYSA-N	CC1=NC(N[C@H](C2=CC(C3=CC=CC=C3CNC)=CS2)C)=C4C=C(OC)C(OC)=CC4=N1		BAY-294
HVYWAAXJQNGKRV-UHFFFAOYSA-N	CC(CC(N1CCC2=C(C(N(CC3=CC=CC=C3)C)=NC(C4=CC=C(Br)C=C4)=N2)C1)=O)C		THPP-1-NC
RDNHAVKDNYIJLE-UHFFFAOYSA-N	CC(OC1=NN(C2=NC=C(C3CC3)C=C2)C(C)=C1OC4=CC=C(F)C=C4)C		IPP/CNRS-A019
MIVWTBCJCNWAEJ-UHFFFAOYSA-N	C1COCCC1CNc1ccc(cc1[N+]([O-])=O)S(NC(c1ccc(cc1Oc1cc2cc[nH]c2nc1)N1CCN(CC1)Cc1ccc(cc1c1ccc(cc1)[Cl])C(F)(F)F)=O)(=O)=O		A-1210227
NVGROBHDOYRPAN-RCDICMHDSA-N	C[C@H](OC)C1=C(NC2=CC=C([C@@H](N(C(C3CCS(CC3)(=O)=O)=O)C)C(F)(F)F)C=C2)C=NC4=CC(Cl)=NN14		NVS-MALT1-C
NSXFCOAQTRXPAW-UHFFFAOYSA-N	CN1C2=C(C=CC=C2)N=C1C3=CSC(C4CCN(CC4)CC5=NC6N=CC=CC6N5)=N3		BAY-070
QGPXEIMWTKWHMH-DEOSSOPVSA-N	C[C@@](C1CC1)(c1ccc(cc1)c1cnc(N)nc1)c1nc(c2cnn(CC(N(C)C)=O)c2)on1		BI-665915
WDZVWDXOIGQJIO-UJKQEGAGSA-N	O=S([C@]1(C2=C(C=CC(F)=C2)F)CC[C@H](NS(C(F)(F)F)(=O)=O)CC1)(C3=CC=C(Cl)C=C3)=O		MRK-560
JBHLOPKIPKTRSU-UHFFFAOYSA-N	COCCOC1=NC(C2=CC=C(Cl)N=C2)=NC3=C1CN(C(C4=C5C=CC=CN5C=N4)=O)CC3		THPP-1
JOCPQSJABURDDD-UHFFFAOYSA-N	N1(CC2=NC3=C(C=CC=N3)N2)CCC(c4scc(c(c5)oc6c5cccc6)n4)CC1		BAY-179
AAHNBILIYONQLX-QFIPXVFZSA-N	Cc1ncn(c2ccc(c3cn([C@@H]4C(N(c5cccc(F)c5CC4)CC(F)(F)F)=O)nn3)cc2OC)c1		GSM1
GPLGAQQQNWMVMM-MYAJQUOBSA-N	CCCCOCCOC1=C(SC(=N1)C2=CC(=C(C=C2)C(=O)O)F)C		AC-261066
WEVYNIUIFUYDGI-UHFFFAOYSA-N	NC(C1=CC(C2=NC=NC(NC3=CC=C(OC(F)(F)F)C=C3)=C2)=CC=C1)=O		GNF2
IFSDAJWBUCMOAH-HNNXBMFYSA-N	FC1=CC=CC(N=C([C@@H](NC2=C(N=CN3)C3=NC=N2)CC)N4C5=CC=CC=C5)=C1C4=O		CAL-101
MWKYMZXCGYXLPL-ZDUSSCGKSA-N	COC1=NC=C(N2CC(C(N[C@H]3CCN(C(CC)=O)C3)=NC=N4)=C4CC2)C=C1C(F)(F)F		Leniolisib
BWBUPDTUXQDHSX-AWEZNQCLSA-N	CC(C)c1cc(Nc2nc(N3CCC[C@H](N)C3)ncc2C(N)=O)cc(C(C)C)n1		640
TVMJSGGZULFVCZ-XMMPIXPASA-N	N=C(N)NCCC[C@@H](NC(=O)C(c1ccccc1)c1ccccc1)C(=O)NCc1ccc(CNC(N)=O)cc1.O=C(O)C(F)(F)F		BIBO3304
PMWVYONICYRLNY-UHFFFAOYSA-N	CNc1nc(NCc2ncccn2)c2c(-c3ccc4ncccc4c3)c[nH]c2n1		T025
AQDWDWAYVBQMAM-UHFFFAOYSA-N	CC(C)CC(=O)Nc1cncc(-c2ccc3[nH]nc(-c4nc5cncc(-c6cccc(F)c6)c5[nH]4)c3c2)c1		Lorecivivint
PGPHHJBZEGSUNE-JYRVWZFOSA-N	O=C1N=C(NC2=CC=CC=C2)N/C1=C\C3=CC=C4C(OCO4)=C3		Leucettine L41
ZYVXTMKTGDARKR-UHFFFAOYSA-N	CN2C=C(C3=CC=NC(NC4=C(OC)C=C(N5CCN(C)CC5)C=C4)=N3)C1=CC=NC=C12		AZ191
MXAVRMOXZMBKGE-UHFFFAOYSA-N	Clc4cc1c([nH]c(c1)-c2nc(ccn2)NCc3c(nccc3)N(S(=O)(=O)C)C)cc4		MSC2705360A
WBFJDKLBAAHKIL-UHFFFAOYSA-N	Fc2c1nc([nH]c1ccc2Cl)-c3nc(ccn3)NCc4c(nccc4)N(S(=O)(=O)C)C		MSC2711186A
BJVQXSHZMUFJBQ-UHFFFAOYSA-N	COC1=NN2N=CC(C3=NC(NC4=CC(C(F)(F)F)=CC(OC)=C4)=NC(C)=C3)=C2C=C1		SGC-CLK-1N
JINDDPNTLQVRRX-ACEFPKFPSA-N	CS(N1CCCC(NC([C@@H](NC(C2=CC=C(CNC3=NC=NC4=C3[N][N]N4C5=CC=CC=C5)C=C2)=O)CCC6CCCCC6)=O)C1)(=O)=O		SR301
HSAOETBFVAWNRP-UHFFFAOYSA-N	CCCCOCCOC1=C(SC(=N1)C2=CC(=C(C=C2)C(=O)O)F)C		AC-261066
ZDITZGRCUFFQRS-PHZGNYQRSA-N	CC1=NC(COC(N2C[C@H]3[C@H](CNC(C4=CC5=C(C=C4)NN=N5)=O)[C@H]3C2)=O)=CC=N1		BI-3017
IYNDTACKOAXKBJ-UHFFFAOYSA-N	C1=CC(=CC(=C1)Cl)NC2=NC=CC(=N2)C3=CC(=NC=C3)NCCCO		CGP60474
RHXKLUBQGQKHCH-UHFFFAOYSA-N	O=C(C1=CC=CC=C1)N(C)C1=C(F)C=CC(N(C)C2C=CC(=C(C=2)CC2)C(C(=C23)C=C(C(NCCN2CCOCC2)=O)C=C3)=O)=C1		FM-743
PLCVQSIOQUTHPT-UHFFFAOYSA-N	CCn1c(-c2nc3cc(C(=O)N4CC[C]C(N)C4)ccc3n2C)cc2ccccc21.[Cl]		GSK106
MULKOGJHUZTANI-ADMBKAPUSA-N	COc1cc(C(=O)N2CC[C@@H](O)[C@@H](N)C2)cc2nc(-c3cc4ccccc4n3CC3CC3)n(C)c12.Cl		GSK484
KSPGBAVXLLOLOZ-FIWWHSBNSA-N	CC(C[C@H](NC(NNC([C@@H](NC([C@@H](NC([C@@H](NC([C@H](NC([C@H](N)Cc1ccc(O)cc1)=O)CC2=CC=NC=C2)=O)CC(N)=O)=O)CO)=O)Cc3ccccc3)=O)=O)C(N[C@H](C(N[C@@H](CC4=CC=CC=C4)C(NCC)=O)=O)CCCNC(NC)=N)=O)C		KISS1-543
CCCIJQPRIXGQOE-XWSJACJDSA-N	C[C@@]1(CC[C@@H]2[C@@]1(C=CC3=C4CCC(=O)C=C4CC[C@@H]23)C)O		Methyltrienolone
QTIVTZLLONAWRR-UHFFFAOYSA-N	O=S(NC1=CC=C2N(C(C(CC)=CC2=C1)=O)CC)(C3=CC=C(C=C3)C#N)=O		NI-198
RVHZFZVJXGIAJF-HNNXBMFYSA-N	O=C(N1CC[C@@H](C1)NC2=NC3=C(N(C4=C2C=C(Cl)C=C4)CC(F)F)C=CC(F)=C3)N(C)C		NVS-PAK1-C
SBCFKMYFTAVDHK-UHFFFAOYSA-N	NC1=CN=C(N2CCC3=C2C(N4CCCC4=O)=CC(S(=O)(NC5=C(F)C=C(Cl)C=C5F)=O)=C3)N=C1		TP-020n
FDBYIYFVSAHJLY-UHFFFAOYSA-N	CC(C)C1=CC(=NNC1=O)OC2=C(C=C(C=C2Cl)N3C(=O)NC(=O)C(=N3)C#N)Cl		Resmetirom
TXEBNKKOLVBTFK-UHFFFAOYSA-N	C=CC(=O)Nc1cccc(C)c1Nc1ncc2cc(-c3c(Cl)c(OC)cc(OC)c3Cl)ccc2n1		BLU-9931
NHJSWORVNIOXIT-UHFFFAOYSA-N	COc1cc(OC)cc(-c2cc3cnc(N)nc3nc2NC(=O)NC(C)(C)C)c1		PD-166866
BLFBSGVUERKSST-UHFFFAOYSA-N	CN1CCN(c2ccc(-n3cc(-c4ccncc4OCC4CCNCC4)cn3)cc2)CC1		NVS-MELK8a
QKNBRNSGPNCARD-SGNKCFNYSA-N	CNc1ncc2cc(-c3ccc(-c4ncccc4F)cc3Cl)c(=O)n(C[C@H]3OC[C@H](N)CO3)c2n1		MRIA9
UNSHMXUHOHBLIQ-UHFFFAOYSA-N	Cc1ccccc1Oc1cc(c2ccccc2c1[Cl])N1C(C=C(C(F)(F)F)NC1=O)=O		BAY-069
IESAJAZKMLPVIB-VXGBXAGGSA-N	FC1=CC=C(N[C@H]2[C@](O)(CCCC2)C(F)(F)F)C=C1		BAY-390
YQOLEILXOBUDMU-KRWDZBQOSA-N	Cc1c(N2CCCC2)nc2ccc(Br)cc2c1C(=O)NC[C@H](CCC(=O)O)c1ccccc1Cl.Cl.O		BAY-6672
PCJVXTDIDUMIRR-QGZVFWFLSA-N	CC[C@H](CC(O)=O)N1C(c2c(cccn2)N(Cc2cn(C)c3cc(C)cc(C)c23)C1=O)=O		BI-1942
WZQLVEPIBAOOGF-RMMWZPCPSA-N	[H][C@@]12COC[C@@]2([H])[C@@H]1NC(c1cc(C(NC)=O)c2c(c1)[C@H](c1ccccc1)[C@@H](CF)O2)=O		GSK973
FRBRZGLUFOZRGD-JVPBZIDWSA-N	CC(Nc1c(cc(cc1F)C(N[C@H]1CC[C@@H](CC1)O)=O)O[C@@H](C)c1ccccc1)=O		GSK046
ZORLJXWXFABTPZ-CTNGQTDRSA-N	Cc1c(c2cc3c(cc2OC[C@H]2CCNC2)c2c(cn3)nc(COC)n2[C@H](C)c2ccccc2)c(C)on1		GSK778
NDEORODKVUYMFQ-NHCUHLMSSA-N	CC1=Cc2c(cnc(c2NC1=O)N[C@@H]1CCN(C)C[C@H]1C(NC1CCCCC1)=O)c1ccco1		GSK789
QZZCUOVXHPAQRQ-UHFFFAOYSA-N	CNC(C1=CC(=CN(Cc2ccccc2)C1=O)C(NC1CC1)=O)=O		GSK620
AQTNUGRRZDRZIA-UHFFFAOYSA-N	OC1=CC=CC=C1C2=CC(N3CCN(C(OC(C)(C)C)=O)CC3)=C(N)N=N2		SGC-SMARCA-BRDVIII
DLNFTRSEHUWEGO-HUUCEWRRSA-N	C(C(Nc1nnc(N2C[C@H]3C[C@@H]2CN3c2cccnn2)s1)=O)c1ccccc1		A-446
LZSPYTNDRPEZBK-OXYJHPMESA-N	CCOc1cc(ccc1[Cl])N1C2CN(CC1COC2)C([C@H]1C[C@@H](CN1c1ccc(cc1)[Cl])O)=O		BAY-3153
OFNZESNEBSQKSE-BQGOKDIQSA-N	CC1=C(C2=CC=C(CNC([C@@H]3C[C@@H](O)CN3C([C@H](C(C)(C)C)NC(CCCCNC(C4=CC=C(C5=CC=C(N6CCN(C)CC6)C(NC(C7=CNC(C=C7C(F)(F)F)=O)=O)=C5)C=C4)=O)=O)=O)=O)C=C2)SC=N1		Homer
TZMQFZRIXDLOHW-JIDHJSLPSA-N	[H][C@]1(CCCCC=C1)N1CCC(CC1)Cn1ccc(c1)C(N1CC(C)(C1)n1cnc2c(N)nc(C)cc12)=O.CC(O)=O		PFI-5
KOZGEDUWAQFVAV-UHFFFAOYSA-N	O=C(C1=CC=C(CN(C2CC2)C(C3=CC4=C(NC(CO4)=O)C=C3)=O)C=C1)NC5=CC=NC=N5		UNC6934
HLHNFJNSQZZUNW-MAEOIBBWSA-N	C1C[C@H](CC[C@H]1c1nc2ccccc2[nH]1)NC(CNCc1cc2ccccc2[nH]1)=O		PFI-7
ZZSNHHKTFMLWFY-KRWDZBQOSA-N	Cc1c(N2CCNCC2)nc2ccc(Br)cc2c1C(=O)NC[C@H](CCC(=O)O)c1ccccc1Cl		BAY-403
CWRARANSONEPBZ-CHWSQXEVSA-N	COc1cc(N[C@@H]2CCCC[C@]2(O)C(F)(F)F)ccc1F		BAY-9897
NDEORODKVUYMFQ-SFTDATJTSA-N	Cc1cc2c(-c3ccco3)cnc(N[C@H]3CCN(C)C[C@@H]3C(=O)NC3CCCCC3)c2[nH]c1=O		GSK791
WZQLVEPIBAOOGF-PXTPFGJHSA-N	CNC(=O)c1cc(C(=O)N[C@@H]2[C@H]3COC[C@H]32)cc2c1O[C@@H](CF)[C@@H]2c1ccccc1		GSK943
VNQMNFPFGNMBPO-UHFFFAOYSA-N	c1ccc2c(c1)C(NC(c1ccccn1)S2)=O		BTZO-4
SHGAZHPCJJPHSC-UHFFFAOYSA-N	CC1(C(=C(CCC1)C)C=CC(=CC=CC(=CC(O)=O)C)C)C		Retinoic acid
UOWZUVNAGUAEQC-UHFFFAOYSA-N	OC(CC1=CC(I)=C(OC2=CC=C(O)C(I)=C2)C(I)=C1)=O		Tiratricol
IRLWJILLXJGJTD-UHFFFAOYSA-N	O=C(OC1=CC=C(OC)C=C1)N(CC(O)=O)CC2=CC=C(C=C2)OCCC3=C(C)OC(C4=CC=CC=C4)=N3		Muraglitazar
ILUPZUOBHCUBKB-UHFFFAOYSA-N	O=C(NCc1ccc(cc1)OC(C)(C)C(=O)O)c1sc(nc1C)c1ccc(cc1)C(F)(F)F		GW 590735
KYQNYMXQHLMADB-UHFFFAOYSA-N	CCCCCCCN(CCc1ccc(cc1)SC(C)(C)C(=O)O)C(=O)Nc1ccc(F)cc1F		GW9578
VOCGSQHKPZSIKB-FQEVSTJZSA-N	O=C1C[C@@H](C2=CC=C(O)C=C2)OC3=C1C=C(C/C=C(C)/C)C(OC)=C3		Bavachinin
CXGTZJYQWSUFET-IBGZPJMESA-N	OC([C@@H](OCC)CC1=CC=C(OCCC2=CC=C(OS(C)(=O)=O)C=C2)C=C1)=O		Tesaglitazar
XCAXFCPCOXDEHC-UNTBIKODSA-M	FC(F)(F)C1=CC=C(OC[C@@H](OCC)CSC2=CC=C(OCC([O-])=O)C(C)=C2)C=C1.[Na+]		MBX-8025
AFLFKFHDSCQHOL-IZZDOVSWSA-N	CSC1=CC=C(C(/C=C/C2=CC(C)=C(OC(C)(C)C(O)=O)C(C)=C2)=O)C=C1		Elafibranor
YDBLKRPLXZNVNB-UHFFFAOYSA-N	OC(COC1=CC=C(SCC2=C(C)N=C(C3=CC=C(C(F)(F)F)C=C3)S2)C=C1C)=O		GW 501516
OQDQIFQRNZIEEJ-UHFFFAOYSA-N	O=S(C1=CC(SC=N2)=C2C=C1)(N3C(CCCC(O)=O)=CC4=C3C=CC(Cl)=C4)=O		Lanifibranor
NDFKBGWLUHKMFY-UHFFFAOYSA-N	O=S(NC(C=C1)=C(OC)C=C1NC2=CC=CC=C2)(C3=C(C(OC)=O)SC=C3)=O		GSK0660
JFUIMTGOQCQTPF-UHFFFAOYSA-N	O=S(C1=NC=C(C(F)(F)F)C=C1)(CCNC(C2=CC=C(Cl)C=C2)=O)=O		GSK3787
MMJJNHOIVCGAAP-UHFFFAOYSA-N	ClC(C=C1)=CC=C1CN(CC2CCN(C(OCC)=O)C2)CC3=CC=C([N+]([O-])=O)S3		SR9009
UIEBLUZPSFAFOC-UHFFFAOYSA-N	O=C(OCC)C1N(C(C2=CC=C(SC)S2)=O)CC3=CC=CC=C3C1		SR8278
PPUYOYQTTWJTIU-UHFFFAOYSA-N	ClC(C=C1)=CC=C1CN(CC2CCN(C(NCCCCC)=O)C2)CC3=CC=C([N+]([O-])=O)S3		SR9011
DUXWIYXHHGNUJU-UHFFFAOYSA-N	O=C(NC1=CC=C(C(O)(C(F)(F)F)C(F)(F)F)C=C1)C2=CC=C(C(F)(F)F)C=C2		SR1078
LZWUNZRMANFRAO-UHFFFAOYSA-N	OC(C(F)(F)F)(C(F)(F)F)C1=CC=C(NS(C2=CC=CS2)(=O)=O)C=C1		SR3335
OZBSSKGBKHOLGA-UHFFFAOYSA-N	CC(NC1=NC(C)=C(S(NC2=CC=C(C(O)(C(F)(F)F)C(F)(F)F)C=C2)(=O)=O)S1)=O		SR1001
LZLBRISQTJVZNP-UHFFFAOYSA-N	O=S(N(CC(C)C)C(C=C1)=CC=C1CC)(C(C=C2)=CC(CO)=C2OCC3CCOCC3)=O		GSK2981278
KVHKWAZUPPBMLL-UHFFFAOYSA-N	FC(C=C1C(C(F)(F)F)(C(F)(F)F)O)=C(C=C1)C(C=C2)=CC=C2CN(CC3)CCN3CC4=CC=NC=C4		SR2211
YEKVAIMYYCZDLI-MCPYQZEQSA-N	COC1=CC(OC)=C(C(O)=C1)C(C2=CC=C3OCOC3=C2)CC(N4C[C@@H](C[C@@H](C4)C)C)=O		(±)-ML 209
AYQBYSPEGRYKFA-UHFFFAOYSA-N	O=C(CN(CC)CC)N1C2=C(C=CC=C2)CCC3=C1C=C(NC(OCC)=O)C=C3		CINPA 1
HDZWHJYZJWLTAG-UHFFFAOYSA-N	CS(C1=CC=CC(C2=CC=C(CN(CC3=CC=C(C(OCC)=O)O3)S(C4=C(C)C=C(C)C=C4C)(=O)=O)C=C2)=C1)(=O)=O		SR9238
JLPURTXCSILYLW-UHFFFAOYSA-N	CS(C1=CC(C2=CC=C(N3C(C(C)(C)C4=CC=CC=C4Cl)=NC(C(O)(C)C)=C3)C=C2)=CC=C1)(=O)=O		BMS 779788
OUJQRQRBNRGQTC-SPGSYPTKSA-N	CC(Oc1cc2c(CC[C@H]3[C@](CCC[C@@]32C)(C(OC([C@]4(CCC[C@@]5(c6c(CC[C@@H]45)ccc(OC(C)=O)c6)C)C)=O)=O)C)cc1)=O		APAA
KZSKGLFYQAYZCO-UHFFFAOYSA-N	OC(C1=CC=NC(N2CC(C3=C(Cl)C=C(OCC4=C(C5CC5)ON=C4C6=C(Cl)C=CC=C6Cl)C=C3)(O)C2)=C1)=O		Cilofexor
VYLOOGHLKSNNEK-PIIMJCKOSA-N	FC1=C2C(SC(N3[C@H]4CC[C@@H]3C[C@H](OCC5=C(C6CC6)ON=C5C7=CC=CC=C7OC(F)(F)F)C4)=N2)=CC(C(O)=O)=C1		Tropifexor
BIHPJIJLDNUDGH-UHFFFAOYSA-N	FC(F)(C(C(C(C(CC1)CCN1C(C(C)C)=O)=C2)=C3N2C)=C(C=N3)NC(C4=CC(C#N)=CC=C4)=O)F		PF-06747711
	CC(C)(CC1CN(C2=C(O1)C=CC(=C2)C3=CC(=CC(=C3)F)OC(F)F)S(=O)(=O)C4=CC=CC(=C4)C(F)(F)F)C(=O)O		Cintirorgon
GULSIMHVQYBADX-UHFFFAOYSA-N	O=S(N1C(C=C2C3=CC(F)=CC(OC(F)F)=C3)=C(C=C2)O[C@@H](CC(C)(C)C(O)=O)C1)(C4=CC(C(F)(F)F)=CC=C4)=O		CintiRORCon
RPVDFHPBGBMWID-UHFFFAOYSA-N	CN1C=C(C(O)=O)C2=CC=C(N3CCC(OCC4=C(C5CC5)ON=C4C6=C(Cl)C=CC=C6Cl)CC3)C=C21		LY2562175
KQSPAAPFKIEUGH-UHFFFAOYSA-N	CC1=C(S(N2CCOCC2)(=O)=O)C=C(NC(C3=CN(CC4=CC(OC)=CC=C4)N=C3C5=CC=C(C)C=C5)=O)C=C1		DY268
YQCVJBZPFAJZFJ-DVUQJCTJSA-N	CC(C(Nc1scc(c(cc2O[C@@H]3C[C@H]4C(N[C@]5(C(O)=O)CC5/C=C/CCCCC[C@H](NC(OC6CCCC6)=O)C(N4C3)=O)=O)nc7c2ccc(OC)c7C)n1)=O)C		BI-1230
YKDZIFFKQUNVHH-UHFFFAOYSA-N	CC1=CC=C(NC2=NC3=C(C#N)C=NN3C(NC4CC4)=C2)C=C1NC(CC)=O		SGC-CK2-1
RIWTUJFFSTVYPW-UHFFFAOYSA-N	COc1cc(-c2cncc(-c3ccc(N4CCN(C(C)C)CC4)cc3)c2C)cc(F)c1C(N)=O		M4K2234
BNDYIYYKEIXHNK-UHFFFAOYSA-N	COC1=C(OC)C=C(C(NC2=CC=CC(O)=C2)=NC=N3)C3=C1		WHI-P180
CLDJMFXSCFWXDI-UHFFFAOYSA-N	CN1C=C(C2=CC=NC(CN3C)=C2C3=O)C(C4=CC=C(F)C=C4)=N1.Cl		PF-05236216
SRSOVGVHVNSXTC-UHFFFAOYSA-N	CCc1ccc(-c2ncn(CC3(F)CCN(C)CC3)c2-c2ccnc3[nH]ccc23)nc1		MU2027
KINPMBFCIYMYBU-UHFFFAOYSA-N	Cn1ccc(Cn2cnc(-c3ccc(F)cc3)c2-c2ccnc3[nH]ccc23)n1		MU1250
WOCYQJPRQRGYAH-SHTZXODSSA-N	CN(C)[C@H]1C[C@H](n2cnc(-c3ccc(F)cn3)c2-c2ccnc3[nH]ccc23)C1		MU1500
SWOIFXHMBKFCRM-UHFFFAOYSA-N	CN1CCC(F)(Cn2cnc(-c3ccc(F)cn3)c2-c2ccnc3[nH]ccc23)CC1		MU1742
IENLGMOXAQMNEH-CYBMUJFWSA-N	COc1cc(Nc2cnc(C#N)c(O[C@H](C)CN(C)C)n2)ncc1-c1cnn(C)c1		CCT244747
PRWSIEBRGXYXAJ-UHFFFAOYSA-N	Cc1cccc(CC(=O)N2CCc3c2ccc(-c2cn(C)c4ncnc(N)c24)c3F)n1		GSK2656157
ODLNBFNBEPOFNC-UHFFFAOYSA-N	CC1=C(C(=O)Nc2ccc3[nH]ncc3c2)C(c2ccc3ccccc3c2)CC(=O)N1		GSK270822A
RHTXWIKPNGROHZ-UHFFFAOYSA-N	CC1=C(C(=O)Nc2ccc3[nH]ncc3c2)C(c2ccc(Cl)c(Cl)c2)CC(=O)N1		GSK299115A
UGTLDBJIOSYXRR-UHFFFAOYSA-N	O=C(OC(C)(C)C)CC1=CC=C(N2C3=CC=C(C(NC)=O)C=C3N=C2)C=C1		GSK840
YEVOZZZLKJKCCD-UHFFFAOYSA-N	CNc1nc(Nc2ccc(C(=O)N3CCOCC3)cc2OC)ncc1Cl		HG-10-102-01
XWQVQSXLXAXOPJ-NJDAHSKKSA-N	COC[C@@H](C)N[C@H]1CC[C@H](Nc2cc(-c3cccc(NCC4(C#N)CCOCC4)n3)c(Cl)cn2)CC1		NVP-2
FYICDSWKKFSYOM-UHFFFAOYSA-N	C=CC(=O)Nc1cc(-c2nn(C3CCC(N4CCN(C(C)=O)CC4)CC3)c3ncnc(N)c23)ccc1Oc1ccccc1		TX-85-1
LBFYQISQYCGDDW-UHFFFAOYSA-N	Cn1cc(-c2ccc(-c3cncc(Cl)c3N3CCC4(CCNC4=O)CC3)cc2)cn1		CCT251545
ZDSNJSQTPLXCSG-UHFFFAOYSA-N	COc1ccc2cc(-c3c(-c4ccncc4)nc(-c4ccc(S(C)(=O)=O)cc4C)n3C)ccc2c1		SB-633825
SIXVRXARNAVBTC-UHFFFAOYSA-N	Cn1cc(-c2ccc3c(c2)CCN3C(=O)Cc2cccc(C(F)(F)F)c2)c2c(N)ncnc21		GSK2606414
AHJRHEGDXFFMBM-UHFFFAOYSA-N	CC(=O)c1c(C)c2cnc(Nc3ccc(N4CCNCC4)cn3)nc2n(C2CCCC2)c1=O		Palbociclib
YUSROMRPOFFTMX-UHFFFAOYSA-N	CNS(=O)(=O)c1ccc(N(C)C)c(Nc2ncnc3cc(OC)c(OC)cc23)c1		GSK114
DJNZZLZKAXGMMC-UHFFFAOYSA-N	COc1cc(C(=O)NC2CCN(C)CC2)ccc1Nc1ncc2c(n1)N(C1CCCC1)CC(F)(F)C(=O)N2C		TPKI-24
RZFJBSIAXYEPBX-UHFFFAOYSA-N	CCN(CC)S(=O)(=O)c1cc(Nc2nccc(-c3ccnc(-c4ccc(NC(=O)NC)cc4)c3)n2)ccc1Cl		hSMG-1 inhibitor 11j
BNYXRPMABDQJJR-UHFFFAOYSA-N	O=C(O)CSc1ncnc2cc(-c3cc4ccccc4s3)sc12		SGC-STK17B-1
OQFCHSFVWSLDAO-UHFFFAOYSA-N	COc1cc(N2CCN(C)CC2)ccc1Nc1ncc2c(n1)N(C)c1ccccc1C(=O)N2CC(F)(F)F		DCLK1-IN-1
WFJOMSKCDAOJBT-UHFFFAOYSA-N	COc1cc(-c2cncc(-c3ccc(N4CCN(C(C)C)CC4)cc3)c2C)cc(F)c1C(=O)N1CCCC1		M4K2234NC
ZQWBOKJVVYNKTL-AUEPDCJTSA-N	Clc1ccc(-c2nc3sccn3c2/C=N/OCc2ccc(Cl)c(Cl)c2)cc1		CITCO
GMRQFYUYWCNGIN-NKMMMXOESA-N	O[C@@H](C[C@H](O)C/1=C)CC1=C\C=C2[C@@](CC[C@@]3([C@H](C)CCCC(C)(O)C)[H])([H])[C@]3(C)CCC\2		Calcitriol
RRFFBKGCCWPMLK-OQIWPSSASA-N	CN(C)c1ncc2cc(-c3ccc(-c4ncccc4F)cc3Cl)c(=O)n(C[C@H]3OC[C@H](N)CO3)c2n1		MR7
LCMIYQOJZLRHTO-GJFSDDNBSA-N	C[C@H](CCOc1cccc(CC(=O)O)c1)N(Cc1cccc(C(F)(F)F)c1Cl)CC(c1ccccc1)c1ccccc1.Cl		RGX-104
SABUORLIDVBCPI-WTLOABTRSA-N	CN1CCN(c2ccc(/C=C(\C#N)c3ccccc3Br)cc2)CC1.Cl.Cl		DG-172
WWOOWAHTEXIWBO-CNUKPYSBSA-N	Nc1ncnc2c1ccn2[C@@H]1O[C@H]([C@@H](O)c2ccccc2)[C@@H](O)[C@H]1O		LLY-284
OXRWZUUCCUDKJJ-UHFFFAOYSA-N	COc1cc(-c2cn[nH]c2)ccc1C(=O)Nc1ccc2c(c1)CCNCC2.Cl		JNJ-47117096
VCDTXROFDBHEIP-HUUCEWRRSA-N	O=C(Cc1ccccc1)Nc1nnc(N2CC[C@@H]3[C@H]2CN3c2cccnn2)s1		A-426
BCFGMOOMADDAQU-UHFFFAOYSA-N	CS(=O)(=O)CCNCc1ccc(-c2ccc3ncnc(Nc4ccc(OCc5cccc(F)c5)c(Cl)c4)c3c2)o1		Lapatinib
DDXOMWWURGFLKK-UHFFFAOYSA-N	CN1CCN(C(=O)c2ccc3cc2OCCOCCNc2ccn4ncc-3c4n2)CC1		CKJB71
IYHHRZBKXXKDDY-UHFFFAOYSA-N	CCC(F)(F)c1cc(N2CCC(S(C)(=O)=O)CC2)nc2sc(C(N)=O)c(N)c12		BI 605906
FAKGOYNHHHOTEN-WTMFEIAXSA-N	Cc1ccc(S(=O)(=O)O)cc1.Cn1cc(Nc2nccc(N3CC4CCC(C3)N4C(=O)[C@@H]3CC3(F)F)n2)cn1		PF-06700841
BZZKEPGENYLQSC-FIBGUPNXSA-N	[2H]C([2H])([2H])NC(=O)c1nnc(NC(=O)C2CC2)cc1Nc1cccc(-c2ncn(C)n2)c1OC		BMS 986165
IAFNAEGXTKTGHN-UHFFFAOYSA-N	O=C(Nc1ccnc(NC(=O)C2CC2)c1)c1c(Cl)cccc1Cl		GDC-046
MCUJKPPARUPFJM-MRXNPFEDSA-N	N[C@@H]1CCCN(c2c(/C=C3\SC(=O)NC3=O)cccc2-c2ccccc2)C1		AZD1208
QVOGVAVHOLLLAZ-UHFFFAOYSA-N	COc1cnccc1Nc1nc(-c2nn(Cc3c(F)cc(OCCO)cc3F)c3ccccc23)ncc1OC		BAY 1816032
PYAFWWXPXHSNDM-UHFFFAOYSA-N	COc1ccccc1Nc1nc(-c2nn(Cc3c(F)cc(OCCCO)cc3F)c3ccccc23)ncc1OC		BAY-283
DORZPJWJOBMQKC-UHFFFAOYSA-N	CN(C)CC#Cc1ccc2[nH]c3c(c2c1)-c1nc(N)ncc1CCC3		SGC-PIKFYVE-1
ZDBWLRLGUBSLPG-FDHYQTMZSA-N	COc1ccc(CC[C@@H](OC(=O)[C@@H]2CCCCN2C(=O)[C@H](c2cc(OC)c(OC)c(OC)c2)C2CCCCC2)c2cccc(OCCN3CCOCC3)c2)cc1OC		SAFit2
ZDBWLRLGUBSLPG-FFUXEPPCSA-N	COc1ccc(CC[C@@H](OC(=O)[C@H]2CCCCN2C(=O)[C@@H](c2cc(OC)c(OC)c(OC)c2)C2CCCCC2)c2cccc(OCCN3CCOCC3)c2)cc1OC		ddSAFit2
RPAHCZZXEGWBDL-UHFFFAOYSA-N	Cc1cc(OC2CCS(=O)(=O)CC2)cc(C)c1-c1cccc(COc2ccc(CCC(=O)O)c(F)c2)c1		TP-051
OLFCZVVFPNDHIW-UHFFFAOYSA-N	Cc1cc(OC2CCS(=O)(=O)CC2)cc(C)c1-c1cccc(COc2ccc(C(=O)O)c(F)c2)c1		TP-051n
BEBDKSYNJJVZSO-SECBINFHSA-N	Cc1cn([C@H](C)CC#N)c(=O)c2cc(Cn3nc(C(F)F)cc3Cl)nn12		TP-050
BEBDKSYNJJVZSO-VIFPVBQESA-N	Cc1cn([C@@H](C)CC#N)c(=O)c2cc(Cn3nc(C(F)F)cc3Cl)nn12		TP-050n
AUYCSWFYKYVCLD-HXUWFJFHSA-N	CC(C)(O)[C@H](F)CN1Cc2cc(NC(=O)c3cnn4cccnc34)c(N3CCOCC3)cc2C1=O		GNE-2256
JREVKKCSBRLATM-OAQYLSRUSA-N	CN(C(=O)c1cnn2cccnc12)c1cc2c(cc1N1CCOCC1)C(=O)N(C[C@@H](F)C(C)(C)O)C2		GNE-6689
DSWFCCRSSVVRIR-UHFFFAOYSA-N	NC1(c2ccc(-c3nc4c(O)ccnn4c3-c3ccccc3)cc2)CCC1		BAY-940
VKYYOTCDIVOPRO-MRXNPFEDSA-N	CC(=O)Nc1nc(CN2CCC[C@H](Cc3cc(C)nc(C)c3)C2)cs1		JNJ-73924149
DHRJWFCFMBINAK-UHFFFAOYSA-N	C=CC(=O)Nc1ccc2[nH]c(=O)n(C3CCN(Cc4ccc(-c5ccc6c(c5)NC(=O)CO6)cc4)CC3)c2c1		RL2578
DVIVLYHDLNAXAT-NRFANRHFSA-N	CC[C@H](Nc1c(C#N)c(-c2ccc(-c3cccc(C)c3F)cc2)nc2cnccc12)C(=O)O		BAY-091
DVIVLYHDLNAXAT-OAQYLSRUSA-N	CC[C@@H](Nc1c(C#N)c(-c2ccc(-c3cccc(C)c3F)cc2)nc2cnccc12)C(=O)O		BAY-0361
HBYQBJCBPAXCBO-UHFFFAOYSA-M	CCOc1ccc(S(=O)(=O)Nc2ccc(Cl)cc2C#Cc2cnc(C(=O)[O-])cc2OC)c2ncccc12.[K+]		MSC-4381
MMSNEMMBFRAGPO-UHFFFAOYSA-N	COc1cc(C(=O)O)ncc1C#Cc1ccccc1NS(=O)(=O)c1cccc2c(N(C)C)ccnc12		MSC-0516
QBIGUDRHHJTXKG-UUWRZZSWSA-N	COc1nc2ccc([C@@](O)(c3ccccc3)C3CCN(C(C)=O)CC3)cc2c(Cl)c1Cc1ccc(-n2cccn2)cc1		JNJ-54119936
UWOBQISTECYGOP-HKBQPEDESA-N	COc1nc2ccc([C@@](O)(c3ccc(Cl)cc3)c3cncn3C)cc2c(Cl)c1Cc1ccc(-n2cccn2)cc1		JNJ-53721590
BPLVDYJDAVYLRQ-UHFFFAOYSA-N	COCCc1ccc(-c2c(C)nc3c(N4CCOCC4)ccnn23)cn1		JNJ-42396302
OKTXMSSTNJXZII-UHFFFAOYSA-N	c1ccc(C2CCN(c3cnc4c(N5CCOCC5)nccn34)CC2)cc1		JNJ-40573663
PWKAYICUBVNJAZ-UHFFFAOYSA-N	CC1CCN(c2ccnc(NCc3cn(C)cn3)n2)CC1		TP-040
BNXNWRSVYQHTOH-UHFFFAOYSA-N	CN1CCN(c2ccnc(NCCc3ccccc3)n2)CC1		TP-040n
KIWKRCCIHSGWQS-VIFPVBQESA-N	N#CN1CC[C@H](C(=O)Nc2nc3c(s2)CN(C(=O)CN=[N+]=[N-])CC3)C1		8RK64
KIWKRCCIHSGWQS-SECBINFHSA-N	N#CN1CC[C@@H](C(=O)Nc2nc3c(s2)CN(C(=O)CN=[N+]=[N-])CC3)C1		JYQ88
HHYGVXHXNNIDJF-UHFFFAOYSA-N	CN(C)C(=O)c1sc2nc(N3CCC(S(C)(=O)=O)CC3)cc(C(F)(F)F)c2c1N		BI-5026
BMAIGAHXAJEULY-UKTHLTGXSA-N	Cn1c(C2(NC(=O)c3ccc4c(C5CCCC5)c(-c5ncc(Br)cn5)n(C)c4c3)CCC2)nc2ccc(/C=C/C(=O)O)cc21		BI-207127
WPEKGNGDNFRRMH-UHFFFAOYSA-N	Cc1c(NC(=O)COc2ccc(Cl)cc2C(=O)c2cc(F)cc(C(F)(F)F)c2)ccc(C(=O)O)c1F		BI-2540
VRQXRVAKPDCRCI-ZNMIVQPWSA-N	C[C@@H]1C[C@H](N)C[C@H](c2ccncc2NC(=O)c2ccc(F)c(-c3c(F)cccc3F)n2)C1		PIM447
BHTWDJBVZQBRKP-UHFFFAOYSA-N	N#Cc1cccc(-c2c[nH]c3ncnc(N4CCOCC4)c23)c1		PF-06447475
OOIINFBRWZQRRM-UHFFFAOYSA-N	COc1c(-c2cn(C3CCC(=O)NC3=O)nn2)csc1C(=O)N1CCCC1		TMX-4116
HDJBGURZVALLMD-KWQFAZJVSA-N	Cn1cc(-c2ccc(N(C(=O)NCc3ccccc3)[C@H]3CC[C@H](Nc4ccc(C#N)cn4)CC3)cc2)ccc1=O		cdk12-in-2
ACWKGTGIJRCOOM-UHFFFAOYSA-N	COc1cc(F)ccc1-c1ncnc(Nc2cccc(CS(C)(=N)=O)c2)n1		Atuveciclib
FSELUFUYNUNZKD-UHFFFAOYSA-N	Cn1cc(-n2cnc3c(NCc4nc5cc(Cl)c(Cl)cc5[nH]4)nc(N4CCOCC4)nc32)cn1		SR-4835
KPABJHHKKJIDGX-JOCHJYFZSA-N	C=CC(=O)Nc1ccc(C(=O)Nc2n[nH]c3c2CN(C(=O)N[C@H](CN(C)C)c2ccccc2)C3(C)C)cc1		YKL 5-124
ATKHYZXUMVNCIO-UHFFFAOYSA-N	FC(C1=CC(C2=CC=C3N=CC4=NN=C(N4C3=C2)C5=CCCOCC5)=CN=C1)F		BAY-8400
QTCZUCSALXBZQR-UHFFFAOYSA-N	CCCN1C(=O)c2ccc(Cl)cc2Nc2ncccc21		BI-0115
GSNNWZZIEKEEQF-UHFFFAOYSA-N	CP(C)(=O)c1ccc(CNC(=O)C2CCN(S(=O)(=O)c3cc(Cl)cc(Cl)c3)CC2)cc1		BI01372674
DZCCAQZCZGYKMP-UHFFFAOYSA-N	COc1cc2nc(C)nc(NC3(c4ccccc4)CC3)c2cc1OC		BI-0178
UVVQLQQNGHYTOL-JIVXZRRKSA-N	COc1cc(C(=O)NCCOCCOCCOCC(=O)N[C@H](C(=O)N2C[C@H](O)C[C@H]2C(=O)NCc2ccc(-c3scnc3C)cc2)C(C)(C)C)ccc1Nc1ncc(C(F)(F)F)c(Oc2cccc3c2C(=O)CC3)n1		BI-0319
AAAPMLXDGIAFDK-UHFFFAOYSA-O	CCn1c(CNC(=O)c2ncc(C)nc2N)[n+](CC)c2ccc(C(=O)N(C)CCN(C)C)cc21.Cl.Cl.[Cl-]		BI-0337
PHYBFLAZLZLAGT-NFQMXDRXSA-N	COCCCS(=O)(=O)c1cc(C)c(-c2ccc(F)c3c2CC[C@H]3Oc2ccc3c(c2)OC[C@H]3CC(=O)O)c(C)c1		BI-0340
BTKJERIPZCSYFB-UHFFFAOYSA-N	Cc1nc2ccc(Cl)cc2c(-c2ccccc2)c1CC(=O)O.Cl		BI-0449
LIMHMSHMIXSMHF-XHPGVBHPSA-N	CO[C@H]1CC[C@H](N(c2cc(F)c(Oc3ncc(Cn4nccn4)cc3C(F)(F)F)cc2C(=O)O)C(=O)[C@H]2CC[C@H](C)CC2)CC1		BI-0588
MXZMIFJCRSXQNY-UHFFFAOYSA-N	CC(C)N(C(=O)C1CCOCC1)c1cc(F)c(Oc2ncc(Cn3nccn3)cc2C(F)(F)F)cc1C(=O)O		BI-0900
MLJLTOGPAKLYJE-KRWDZBQOSA-N	CCCN1CCC(C#N)(NC(=O)[C@H](CC(C)(C)C)NC(=O)N2CCOCC2)CC1		BI-1124
WSEPMWSQALXHKW-MRAROMNFSA-N	COc1ccc2c(O[C@@H]3C[C@H]4C(=O)N[C@]5(C(=O)NS(=O)(=O)C6(C)CC6)CC5/C=C\CCCCC[C@H](NC(=O)c5ccn(C)n5)C(=O)N4C3)cc(OC(C)C)nc2c1C		BI-1388
LMJIDEOCWXGUHT-UHFFFAOYSA-N	CCN1C(=O)c2cc(C)ccc2N(C)c2ncccc21		BI-1580
MNEOBAAFLAQMKF-KCOOYEKVSA-N	CN1C(=O)Cc2ccc(-c3ccc(C[C@@H](C#N)NC(=O)[C@@H]4N[C@H]5CC[C@@H]4C5)c(F)c3)cc21		BI-1821
VZTHSNCTTRCPEI-SFHVURJKSA-N	CC[C@@H](C(=O)OC)n1c(=O)c2ccccc2n(Cc2cn(C)c3cccc(C)c23)c1=O		BI-1829
SYRVEVZSXHRXIX-KRWDZBQOSA-N	CCC(C)(C)CC[C@H](NC(=O)N1CCOCC1)C(=O)NC1(C#N)CCN(C)CC1		BI-1915
ZJHRRAJHJNQDON-CQSZACIVSA-N	CN1CCC(C#N)(NC(=O)[C@@H](NC(=O)N2CCOCC2)C(C)(C)C)CC1		BI-1920
SZDURAXJBIDHAJ-HXUWFJFHSA-N	Cc1nc2cccnc2n2c(-c3cc([C@@]4(O)CCCOC4)ccc3Cl)nnc12		BI-1960
XFLXOPFMUQXKTL-RDJZCZTQSA-N	N#Cc1ccc(C#CC[C@@H](C#N)NC(=O)[C@@H]2CCCCN2)cc1F		BI-2051
XFLXOPFMUQXKTL-DOTOQJQBSA-N	N#Cc1ccc(C#CC[C@@H](C#N)NC(=O)[C@H]2CCCCN2)cc1F.O=C(O)C(F)(F)F		BI-2054
VXNAMCLMCBLNOL-NFQMXDRXSA-N	Cc1cc(OCCC(C)(C)O)cc(C)c1-c1ccc(F)c2c1CC[C@H]2Oc1ccc2c(c1)OC[C@H]2CC(=O)O		BI-2081
MIXIIJCBELCMCZ-VWLOTQADSA-N	Cc1nc2ccccc2c(-c2ccc3c4c(ccnc24)CCO3)c1[C@H](OC(C)(C)C)C(=O)O		BI-224436
IGYMFEZFRPINTQ-UHFFFAOYSA-N	CC(C)(C#Cc1ccc(NC(=O)COc2ccccc2C(=O)c2ccccc2)c(Cl)c1)C(=O)O		BI-2439
BRYUNLVJDCMANZ-DZGCQCFKSA-N	COc1cc(-c2cc3ncccc3c(O[C@@H](C)[C@H]3CNC(=O)C3)n2)cc(OC)c1OC		BI-2492
OWOFDBGWRLKZST-UHFFFAOYSA-N	CCCn1cc(-c2cc(C3C(=O)N(CC)c4ccc(C(F)(F)F)cc4N(c4ccccc4)C3=O)cc(OC)c2O)cn1		BI-3257
XVFDNRYZXDHTHT-PXAZEXFGSA-N	COc1cc2nc(C)nc(N[C@H](C)c3cc(N)cc(C(F)(F)F)c3)c2cc1O[C@H]1CCOC1		BI-3406
QFZWUFWLRKSIGL-UHFFFAOYSA-N	CCN1C(=O)C(c2cccc(C(=O)O)c2)C(=O)N(c2ccccc2)c2cc(C(F)(F)F)ccc21		BI-3545
ADTXLFJKQHYGPM-UHFFFAOYSA-N	COc1cc(C(=O)NCCOCCOCCOCCC(=O)Nc2cccc3c2C(=O)N(C2CCC(=O)NC2=O)C3=O)ccc1Nc1ncc(C(F)(F)F)c(Oc2cccc3c2C(=O)CC3)n1		BI-3663
GXTJETQFYHZHNB-GASCZTMLSA-N	CNC(=O)COc1cc2cc(Nc3nc(N4C[C@@H](C)C[C@@H](C)C4)ncc3Cl)ccc2n(C)c1=O		BI-3802
XCGYXEVLQIIEJH-UHFFFAOYSA-N	CNC(=O)COc1cc2cc(Nc3nc(N4CCC(C(=O)N(C)C)CC4)ncc3Cl)cc(OC)c2n(C)c1=O		BI-3812
UVVQLQQNGHYTOL-TXVJWXCVSA-N	COc1cc(C(=O)NCCOCCOCCOCC(=O)N[C@H](C(=O)N2C[C@@H](O)C[C@H]2C(=O)NCc2ccc(-c3scnc3C)cc2)C(C)(C)C)ccc1Nc1ncc(C(F)(F)F)c(Oc2cccc3c2C(=O)CC3)n1		BI-4206
OVHJYUGMCWAZNQ-UHFFFAOYSA-N	Cc1nc2cccnc2n2c(-c3cc(C(C)(C)O)ncc3Cl)nnc12		BI-4392
HCDAVCLCBXIYPW-QGZVFWFLSA-N	CCOC(=O)CS(=O)(=O)c1ccc([C@@H](CO)NC(=O)c2cc3c(Cl)c(Cl)c(C)cc3n2C)cc1		BI-4916
CJEJFFCPVBZSIE-OAHLLOKOSA-N	Cc1cc2c(cc(C(=O)N[C@H](CO)c3ccc(S(=O)(=O)CC(=O)O)cc3)n2C)c(Cl)c1Cl		BI-4924
KWMGIHUWUIICDA-GASCZTMLSA-N	C[C@H]1C[C@@H](C)CN(c2ncc(Cl)c(Nc3ccc4c(c3)cc(OC(C)(C)C(=O)O)c(=O)n4C)n2)C1		BI-5273
DOVSNSDMRJVTMR-JOCHJYFZSA-N	CC(C)(O)CNC(=O)N1C(=O)N(c2cccc(C(F)(F)F)c2)C2=C(C(=O)CC2)[C@H]1c1ccc(C#N)cc1		BI-5524
DOVSNSDMRJVTMR-QFIPXVFZSA-N	CC(C)(O)CNC(=O)N1C(=O)N(c2cccc(C(F)(F)F)c2)C2=C(C(=O)CC2)[C@@H]1c1ccc(C#N)cc1		BI-5525
AGUWFXQREOZZIT-HNNXBMFYSA-N	Cn1c(C(=O)N[C@@H](CO)c2ccc(C(=O)O)cc2)cc2cc(Cl)ccc21		BI-5583
HKASDKLLEVWKJA-YADARESESA-N	CC(C)c1nc2c(c3c1[C@@H](c1ccc(C(F)(F)F)cc1)OC31CCOCC1)[C@@H](O)CC(C)(C)C2.Cl		BI-5756
BRJXJOWXAFLRTE-OAQYLSRUSA-N	CC1CCN(C(=O)[C@@H](CCn2cccc2C#N)NS(=O)(=O)c2cccc3[nH]ccc23)CC1		BI-6901
BRJXJOWXAFLRTE-NRFANRHFSA-N	CC1CCN(C(=O)[C@H](CCn2cccc2C#N)NS(=O)(=O)c2cccc3[nH]ccc23)CC1		BI-6902
JHZUBZROFCDPJE-UKTHLTGXSA-N	Cn1c(C2(NC(=O)c3ccc(NCC4CCCCC4)nc3)CCC2)nc2ccc(/C=C/C(=O)O)cc21		BI-7656
XMTCSFQKNADGEY-UHFFFAOYSA-O	CCn1c(CNC(=O)c2nc(Cl)cnc2N)[n+](CC)c2ccc(C(=O)N(C)CCN(C)C)cc21.[Cl-]		BI-8668
HKASDKLLEVWKJA-DVECYGJZSA-N	CC(C)c1nc2c(c3c1[C@H](c1ccc(C(F)(F)F)cc1)OC31CCOCC1)[C@H](O)CC(C)(C)C2		BI-9313
MNEOBAAFLAQMKF-VKDGWMQASA-N	CN1C(=O)Cc2ccc(-c3ccc(C[C@@H](C#N)NC(=O)[C@H]4N[C@@H]5CC[C@H]4C5)c(F)c3)cc21		BI-9740
TVMJSGGZULFVCZ-DEOSSOPVSA-N	N=C(N)NCCC[C@H](NC(=O)C(c1ccccc1)c1ccccc1)C(=O)NCc1ccc(CNC(N)=O)cc1.O=C(O)C(F)(F)F		BIBO3457
LLGDPTDZOVKFDU-NRPGLIFJSA-N	C=CC1C[C@]1(NC(=O)[C@@H]1C[C@@H](Oc2cc(-c3csc(NC(=O)C(C)C)n3)nc3c(Br)c(OC)ccc23)CN1C(=O)[C@@H](NC(=O)OC1CCCC1)C(C)(C)C)C(=O)O		Faldaprevir
XISVSTPEXYIKJL-UHFFFAOYSA-N	Cc1cc2ncnn2cc1Nc1ncc2c(n1)n(C1CCOCC1)c(=O)n2C		AZD 7648
SPDQRCUBFSRAFI-DOMZBBRYSA-N	C[C@@H]1COCCN1c1cc(=O)n2c(n1)N(Cc1cncc(Cl)c1)[C@H](C(F)(F)F)CC2		SAR405
VOVZXURTCKPRDQ-CQSZACIVSA-N	O=C(Nc1ccc(OC(F)(F)Cl)cc1)c1cnc(N2CC[C@@H](O)C2)c(-c2cc[nH]n2)c1		Asciminib
JUSFANSTBFGBAF-IRXDYDNUSA-N	CNC(=O)c1cccc(-c2ccc3c(N4CCOC[C@@H]4C)nc(N4CCOC[C@@H]4C)nc3n2)c1		AZD 2014
QFJCIRLUMZQUOT-BLBZBZKNSA-N	CO[C@H]1C[C@@H]2CC[C@@H](C)[C@@](O)(O2)C(=O)C(=O)N2CCCC[C@H]2C(=O)O[C@H]([C@H](C)C[C@@H]2CC[C@@H](O)[C@H](OC)C2)CC(=O)[C@H](C)/C=C(/C)[C@@H](O)[C@@H](OC)C(=O)[C@H](C)C[C@H](C)/C=C\C=C/C=C\1C		Rapamycin
DFBDRVGWBHBJNR-BBNFHIFMSA-N	C[C@@H]1CC2=C([C@H](N1CC(C)(C)F)C3=C(C=C(C=C3F)/C=C/C(=O)O)F)NC4=CC=CC=C24		AZD9496
VMJFTOSOFDEKTM-UHFFFAOYSA-N	Cn1cc(-c2cnc3ccc4ccc(CS(=O)(=O)NCc5ccccn5)cc4c(=O)c3c2)cn1		MK-8033
LQSHXYHWYGKAMX-FQEVSTJZSA-N	COc1cc(C(N)=O)nc(-c2cccc(C#C[C@]3(O)CCN(C)C3=O)c2)c1		NIK SMI1
XMWUCMFVDXDRDE-NRFANRHFSA-N	Cc1ccc2c(NS(=O)(=O)c3ccccc3Cl)cccc2c1Oc1ncccc1-c1ccnc(N[C@H]2CCCNC2)n1.Cl		AMG 18
JGWRKYUXBBNENE-UHFFFAOYSA-N	FC(F)(F)c1ccc(CNc2ccc(Cc3c[nH]c4ncc(Cl)cc34)cn2)cn1		Pexidartinib
BMWMKGNVAMXXCH-UHFFFAOYSA-N	Cc1cc(-c2ccnc(Nc3cnn(C)c3)n2)ccc1CNC(=O)N1CC(OC(C)C)C1		BIIB068
WNEODWDFDXWOLU-QHCPKHFHSA-N	C[C@H]1CN(C2COC2)CCN1c1ccc(Nc2cc(-c3ccnc(N4CCn5c(cc6c5CC(C)(C)C6)C4=O)c3CO)cn(C)c2=O)nc1		Fenebrutinib
HEVVNKYNJCSHFA-UHFFFAOYSA-N	O=C(O)c1ccc2c(c1)nc(NCc1ccccc1)c1ncncc12		SGC-CK2-2
VGFHPNRWHOQLEB-UHFFFAOYSA-N	Nc1ncc2c(n1)-c1c([nH]c3ccc(C4=CCOCC4)cc13)CCC2		SGC-PI5P4Ky-1
BPKSNNJTKPIZKR-UHFFFAOYSA-N	NC1=NC=C(C2=CC(C)=NN2C)C3=C1C(C4=CC=C(SC=N5)C5=C4)=CS3		GSK843
XIVFOAKTTGQHLJ-UHFFFAOYSA-N	NC1=NC2=C(CCCCC3=C2C4=C(C=CC(C5CC5)=C4)N3)C=N1		SGC-PIKFYVE-1N
KNOUWGGQMADIBV-KRWDZBQOSA-N	O=C(N[C@@H]1C(N(C2=CC=CC=C2OC1)C)=O)C3=NOC(CC4=CC=CC=C4)=C3		GSK481
GILNGUYOGYOZMP-MRXNPFEDSA-N	C[C@H](C1=C(C=CC=C1)Cl)OC2=C(SC(N3C4=CC(OC5CCN(CC5)C)=CC=C4N=C3)=C2)C(N)=O		GSK579289A
XLOGLWKOHPIJLV-UHFFFAOYSA-N	CC(C)(C)S(=O)(=O)C1=CC2=C(C=CN=C2C=C1)NC3=NNC4=C3C=C(C=C4)F		GSK583
KHPCIHZXOGHCLY-UHFFFAOYSA-N	NC1=C(C2=CC=C(Cl)C=C2)C=C(C(C=N3)=CC=C3N)C=N1		PF-06260933
HQFNFOOGGLSBBT-AWNIVKPZSA-N	COC1=C(C=CC(=C1)C=C(C#N)C(=O)NC2=NN=C(S2)C(F)(F)F)OCC3=C(C=C(C=C3)C(F)(F)F)C(F)(F)F		XCT790
TXUZVZSFRXZGTL-QPLCGJKRSA-N	CC/C(=C(\C1=CC=C(C=C1)O)/C2=CC=C(C=C2)OCCN(C)C)/C3=CC=CC=C3		(Z)-4-Hydroxytamoxifen
IISBACLAFKSPIT-UHFFFAOYSA-N	CC(C)(C1=CC=C(C=C1)O)C2=CC=C(C=C2)O		Bisphenol A
UHEFRVBGJORHNV-UOIKSKOESA-N	CC(N1C([C@@H]2[C@]3([H])[C@@]2([H])CN(C4COC4)C3)=CC(C5=CN=C(N)C(OC(F)(F)F)=C5)=N1)C		DLK-IN-1
WQVPGYMGERDXLH-UHFFFAOYSA-N	O=C(C=C)NC1=CC=CC(C(NC2=CC=C(NC(C3=NC(C4=CC=NN4)=CC=C3)=O)C=C2)=O)=C1		JH-X-119-01
FSZPIAXLCCQFCM-UHFFFAOYSA-N	CN(Cc1cccc(c1)NC(=C1C(=O)Nc2c1ccc(c2)C(=O)N)c1ccccc1)C		BIX02188
HOMJAAIVTDVQJA-UHFFFAOYSA-N	CN(C)CC1=CC(=CC=C1)NC(=C2C3=C(C=C(C=C3)C(=O)N(C)C)NC2=O)C4=CC=CC=C4		BIX02189
FWEIAKDAIDQPRK-UHFFFAOYSA-N	O=S(C1=CC=C(NC(N=C2N(C)C3C4=CC=CC=C4C)=NC=C2N(C)C3=O)C=C1)(N)=O		IHMT-MST1-58
VTXBMVZVPUSAJF-UZYVYHOESA-N	O=C(C1=CNC2=NC=CC=C12)/N=C(SC=C3)/N3CC4=CC=CC=C4		TRULI
IKPPIUNQWSRCOZ-WOJGMQOQSA-N	CC(C)C1=CC=C(C=C1)C=NNC(=O)C2=CC=C(C=C2)O		GSK4716
ZVSFNBNLNLXEFQ-RQZHXJHFSA-N	CN(C)CCOC1=CC=C(C=C1)/C(=C(/CCCO)\C2=CC=CC=C2)/C3=CC=C(C=C3)O		GSK5182
BHKDKKZMPODMIQ-UHFFFAOYSA-N	CN1CC(N(CC2=CC(CCCN3C(NC4=NC=C(C#N)C(NCCOC)=C4)=O)=C3N=C2C=O)CC1)=O		FGF401
RHFIAUKMKYHHFA-UHFFFAOYSA-N	FC(C1)(F)CCN1C2=CC(C3CCN(C4COC4)CC3)=CC(NC5=CC(C#N)=CC=N5)=N2		GNE-3511
CDOVNWNANFFLFJ-UHFFFAOYSA-N	N1(C2=CC=C(C(C=N3)=CN4C3=C(C5=CC=NC6=C5C=CC=C6)C=N4)C=C2)CCNCC1.Cl.Cl		LDN-193189
BBDGBGOVJPEFBT-UHFFFAOYSA-N	N1(C2=CC=C(C(C=N3)=CN4C3=C(C5=C(C=CC=N6)C6=CC=C5)C=N4)C=C2)CCNCC1		LDN-212854
JMIFGARJSWXZSH-UHFFFAOYSA-N	CC(C)OC1=CC=C(C(C=N2)=CN3C2=C(C4=CC=NC5=C4C=CC=C5)C=N3)C=C1		DMH1
CJLMANFTWLNAKC-UHFFFAOYSA-N	OC1=CC(C2=CN=C(N)C(C3=CC(OC)=C(OC)C(OC)=C3)=C2)=CC=C1		K02288
HKTBYUWLRDZAJK-UHFFFAOYSA-N	NC1=NC=NC(NC2=CC(C)=C(C(NC34CCCCC4)=O)N3C2=O)=C1		eFT508
XNWDRALEEPGBHB-UHFFFAOYSA-N	O=C(C1=CC(N2CCNCC2)=NC(C3=CC=NC(NC4CCCCC4)=C3)=C1)N		BPKDi
UXGJAOIJSROTTN-UHFFFAOYSA-N	NC(C1=CC=C2C(NC(C3=CC=C(OC4=CC=C(Cl)C=C4)C=C3)=N2)=C1)=O		Chk2 Inhibitor II
IYOZTVGMEWJPKR-UHFFFAOYSA-N	CC(C1CCC(CC1)C(=O)Nc1ccncc1)N		Y-27632
KTSDBMVHAKWDRK-UHFFFAOYSA-N	ClC1=CC(C2=C3N=C(NCCOCCO4)C=CN3N=C2)=CC4=C1.Cl		OD 36
NASYEGAVCTZSDO-UHFFFAOYSA-N	CC(SC1=NC(N(C2=CC=CC(Cl)=C2)N=C3)=C3C(N1)=O)C(N)=O		HS38
HPJVZSVEIGCFJP-SFHVURJKSA-N	O[C@@](C)(CC)C#CC1=CC2=C(C=CN2C3=CC(OC)=NC(N)=N3)C=N1		TTBK1-IN-1
RRMJMHOQSALEJJ-UHFFFAOYSA-N	COC1=C(NC2=NC=CC(N3N=C(C4=CC=CC=C4)C(CN(C)C)=C3)=N2)C=C(NC(C=C)=O)C(N5CCOCC5)=C1		Lazertinib
UWFYSQMTEOIJJG-FDTZYFLXSA-N	CC(=O)[C@]1(CC[C@@H]2[C@@]1(CC[C@H]3[C@H]2C=C(C4=CC(=O)[C@@H]5C[C@@H]5[C@]34C)Cl)C)OC(=O)C		Cyproterone acetate
RGLYKWWBQGJZGM-UHFFFAOYSA-N	CCC(=C(CC)C1=CC=C(C=C1)O)C2=CC=C(C=C2)O		Diethylstilbestrol
JUKPWJGBANNWMW-VWBFHTRKSA-N	C[C@]12CCC(=O)C=C1C[C@H]([C@@H]3[C@]24[C@H](O4)C[C@]5([C@H]3CC[C@@]56CCC(=O)O6)C)C(=O)OC		Eplerenone
VWUXBMIQPBEWFH-WCCTWKNTSA-N	C[C@]12CC[C@H]3[C@H]([C@@H]1CC[C@@H]2O)[C@@H](CC4=C3C=CC(=C4)O)CCCCCCCCCS(=O)CCCC(C(F)(F)F)(F)F		Fulvestrant
YVXVTLGIDOACBJ-SFHVURJKSA-N	CC(=O)NC1=CC=C(C=C1)OC[C@@](C)(C(=O)NC2=CC(=C(C=C2)[N+](=O)[O-])C(F)(F)F)O		Andarine
DXDRHHKMWQZJHT-UHFFFAOYSA-N	C1=CC(=CC=C1C=CC(=O)C2=C(C=C(C=C2)O)O)O		Isoliquiritigenin
VKHAHZOOUSRJNA-GCNJZUOMSA-N	CC#C[C@@]1(CC[C@@H]2[C@@]1(C[C@@H](C3=C4CCC(=O)C=C4CC[C@@H]23)C5=CC=C(C=C5)N(C)C)C)O		Mifepristone
XNULRSOGWPFPBL-REWPJTCUSA-N	C1CCC(C1)[C@H]2[C@H]3CCC4=C(C3=NN2C5=CC(=C(C=C5)C#N)Cl)C=CC(=C4)C(=O)O		PF-03882845
OOLLAFOLCSJHRE-ZHAKMVSLSA-N	CC(=O)[C@]1(CC[C@@H]2[C@@]1(C[C@@H](C3=C4CCC(=O)C=C4CC[C@@H]23)C5=CC=C(C=C5)N(C)C)C)OC(=O)C		Ulipristal acetate
NEQZWEXWOFPKOT-UXGSFGIESA-N	COc1cc(O)c2c(c1)/C=C\C[C@H](O)[C@H](O)C(=O)/C=C\C[C@H](C)OC2=O		(5Z)-7-Oxozeaenol
NPPMVTBTTJNVKP-CYBMUJFWSA-N	CCC[C@@H]1CNCc2c1[nH]c(=O)c(C#N)c2N1CCC2(CC1)CC2.Cl		BAY-7424
TVCKWZATGBVYEN-UHFFFAOYSA-N	CCn1c(=O)c(C)cn(Cc2nnc(-c3ccc(F)c(OC)c3F)s2)c1=O		BI-0955
XKDHFIPNTTUSIA-UHFFFAOYSA-N	CCn1c(=O)c(C)cn(Cc2nnc(-c3ccc(F)c(O)c3F)s2)c1=O		BI-3231
VFNPUAOAEFMXQI-GASCZTMLSA-N	C[C@H]1CN(c2ncc(Cl)c(Nc3ccc4c(c3)n(CCC(C)(C)O)c(=O)n4C)n2)C[C@@H](C)C1(F)F		CCT369260
MLRMGHITRSOINN-IYBDPMFKSA-N	C[C@H]1CN(c2nccc(Nc3ccc4c(c3)n(CCC(C)(C)O)c(=O)n4C)n2)C[C@@H](C)C1(F)F		CCT393732
BULCCNLYFBCNHQ-HNNXBMFYSA-N	CNC(=O)c1cnc(N2CCC[C@H](N)C2)nc1Nc1cc(C(C)C)nc(C(C)C)c1		CS640s
APLVGTKXOIMODQ-IBGZPJMESA-N	COC[C@H](NC(=O)c1ccn(S(C)(=O)=O)c1)C(=O)Nc1nc(-c2cccc(-c3ccn(C)n3)c2)cs1		FHT-2344
DMEDHHKXKVEBDF-HNNXBMFYSA-N	C[C@H](NC(=O)c1cn(C2(C#N)CC2)cn1)C(=O)Nc1nc(-c2cccc(-c3ccn(C)n3)c2)cs1		FHT-5908
FFPHMUIGESPOTK-UHFFFAOYSA-N	Cc1nn(CC(F)(F)F)cc1Nc1ncc(Br)c(NCc2ccc(S(N)(=O)=O)cc2)n1		GSK8612
VJWCJKXRULCPCJ-UHFFFAOYSA-N	CNC(=O)c1cc(Nc2ccnc(Nc3ccc(CCNC(=O)OC(C)(C)C)cc3)n2)n[nH]1		JA314
JQLMEZBHIJSVKR-UHFFFAOYSA-N	CC(C)(C)OC(=O)Nc1ccc(CNc2nccc(Nc3cc(C(=O)OC(C)(C)C)[nH]n3)n2)cc1		JA397
OOIXWMIRURMFRS-UHFFFAOYSA-N	Cn1ncc2c(-c3c(-c4ccc(F)cn4)nn4c3COC(C)(C)C4)ccnc21		JNJ-0293
IVOACCSOISMVBL-UHFFFAOYSA-N	O=C(c1ccc2c(ccn2-c2ccc(F)cc2)c1)N1CC(N2CCN(C(=O)c3nccs3)CC2)C1		JNJ-42226314
LUURZPBLEVSXGP-UHFFFAOYSA-N	CC(=O)Nc1ccc(-c2cc(-c3ccccc3)nc3cc(C(=O)NCCCn4ccnc4)nn23)cc1		JNJ-4545
WZMIWVZGYMKUDV-WFGJKAKNSA-N	[2H]C([2H])([2H])C1(C([2H])([2H])[2H])Cn2nc(-c3ccc(F)cn3)c(-c3ccnc4[nH]ncc34)c2CO1		JNJ-6204
CVQBGUIOFAMIJK-UHFFFAOYSA-N	Cc1cc(C(=O)N2CCN(C3CN(C(=O)c4ccc(-c5ccccc5)cc4)C3)CC2)no1		JNJ-8034
RIGHCDSORZCRDE-UHFFFAOYSA-N	O=C(NCCCn1ccnc1)c1cc2nc(-c3ccccc3)cc(-c3ccccc3)n2n1		JNJ-9350
XZEUAXYWNKYKPL-URLMMPGGSA-N	CC1([C@@H]([C@H](C2=C(O1)C=C(C=C2)OC)C3=CC=C(C=C3)OCCN4CCCC4)C5=CC=CC=C5)C		Ormeloxifene
MENRRRXHFQYXDW-DGCLKSJQSA-N	C1CC[C@H]([C@H](C1)C2=CC(=C(C=C2)C#N)C(F)(F)F)O		PF-998425
AEZPAUSGTAHLOQ-UHFFFAOYSA-N	C1=CC=C(C=C1)C2=NN3C(=CC(=NC3=C2C4=CC=C(C=C4)O)C(F)(F)F)C(F)(F)F		PHTPP
HDAJDNHIBCDLQF-RUZDIDTESA-N	O=C(Nc1ccc2[nH]nc(-c3ccncc3)c2c1)[C@@H]1CCN(CC(=O)N2CCN(c3ccc(-c4ncccn4)cc3)CC2)C1		SCH772984
RUYKDMMLESXEOA-UHFFFAOYSA-N	CN1CCN(c2cc(C(=O)Nc3ncc(SCc4cccc(C(F)(F)F)c4)s3)ccn2)CC1		SGC-CAF268-1N
MCLDWKVRXDHDEI-UHFFFAOYSA-N	CC(C)c1cnc(CSc2cnc(NC(=O)C3CCNCC3)s2)o1		SGC-CAF382-1
ODZBDODDFLVDQZ-UHFFFAOYSA-N	Cn1cc(NC(=O)c2cc(F)cc(F)c2)c(C(=O)NC2CCNCC2)n1		SGC-CDKL5/GSK3-1N
NIHAFOURWLZLFN-UHFFFAOYSA-N	O=C(Nc1c[nH]nc1C(=O)NC1CCNCC1)c1cc(F)cc(F)c1		SGC-CDKL5_GSK3
OCQCKUTZHBQNEI-UHFFFAOYSA-N	O=C(NCC1CCOCC1)c1n[nH]cc1NC(=O)c1c(F)cccc1F		SGC-GSK3-1
UOZVVPXKJGOFIG-UHFFFAOYSA-N	CCCn1c(NC(=O)c2cccc(C(N)=O)c2)nc2ccccc21		Takinib
OAZAPIKYVGRNCO-UHFFFAOYSA-N	CC(C)(O)c1ccc(N2Cc3c(ccnc3-c3ccc(F)cc3OCC(F)(F)F)C2=O)cc1		TP-060
CECLXQDMAJQBCR-UHFFFAOYSA-N	COc1cccc(-c2nccc3c2CN(c2ccccc2)C3=O)c1		TP-060n
KSERXGMCDHOLSS-LJQANCHMSA-N	CC(C)Nc1cc(-c2c[nH]c(C(=O)N[C@H](CO)c3cccc(Cl)c3)c2)c(Cl)cn1		Ulixertinib
NPPMVTBTTJNVKP-ZDUSSCGKSA-N	CCC[C@H]1CNCC2=C1NC(C(C#N)=C2N3CCC4(CC4)CC3)=O.Cl		BAY-7081
OLIKCJUMYWSDIV-UHFFFAOYSA-N	CC1=C(C2=CC=CC=C2O1)CC3=CC(=C(C(=C3)I)OCC(=O)O)I		KB-130015
BAINIUMDFURPJM-UHFFFAOYSA-N	O=c1[nH]c2ccccc2n1CCCN1CCN(C(c2ccccc2)c2ccccc2)CC1		Oxatomide
GNUXVOXXWGNPIV-UHFFFAOYSA-N	CC(C)C1=C(N(N(C1=O)C2=CC=CC=C2)C)CN(C)C(C)CC3=CC=CC=C3		Famprofazone
GFNNBHLJANVSQV-UHFFFAOYSA-N	Clc1cc(ccc1)Nc2ncnc3c2cc(c(c3)OC)OC		TR03307825
OHUHVTCQTUDPIJ-JYCIKRDWSA-N	O=[S@@](C1(CC1)C2=NC(C3=C4C(NC=C4)=NC=C3)=NC(N5CCOC[C@H]5C)=C2)(C)=N		Ceralasertib 
YPPSMYLMSKHYAY-UHFFFAOYSA-N	O=C1N(C2=CC=CC=C2)N(C)C(C3=CC=CC=C3)=C1C(C4=CC=C(C)C(C5=CC=C6N=C(C)C=CC6=C5)=C4N)=O.[H]Cl		AMG PERK 44
YAEMHJKFIIIULI-UHFFFAOYSA-N	O=C(NCC1=CC=C(OC)C=C1)NC2=NC=C([N+]([O-])=O)S2		AR-A014418
AOTRIQLYUAFVSC-UHFFFAOYSA-N	O=C(N(C1=C2C3=CC(C4=CC=C(N=C4)OCCCN(C)C)=CC=C3N=C1)C)N2C5CCOCC5		AZD0156
VQSZIPCGAGVRRP-UHFFFAOYSA-N	O=C(N1C(C)C)N(C)C2=C1C3=CC(C4=CC=C(OCCCN5CCCCC5)N=C4)=C(F)C=C3N=C2		AZD1390
RKAHOQATMSONTM-IBGZPJMESA-N	CC(C)C[C@@](N)(C)COC1=C(C(F)F)N=C(C2=CC(C(F)F)=NC=C2)C=C1		BMS-986176 
GMYLVKUGJMYTFB-UHFFFAOYSA-N	[H]Cl.O=C1CN=C2C(N1CC)=NC(C3=C(C)N=C(C4=NN=CN4)C=C3)=CN2		CC-115
RGHLRMNPUGUZEY-UHFFFAOYSA-N	O=C1C2=C(C3=CC(C4=CC=C(N=C4)OC)=CC=C3N1)N(N=N2)C5=CC=C(C(C(F)(F)F)=C5)N6CCNCC6		CQ211
YBXRSCXGRPSTMW-CYBMUJFWSA-N	CN1N=CC=C1C2=C(C=CN=C3C4=CC=NN4)C3=NC(N5[C@H](C)COCC5)=C2		Elimusertib
JGHVXJKGYJYWOP-UHFFFAOYSA-N	O=S(C1=CC(Cl)=CN=C1OC)(NC2=CC=C(F)C(C#CC3=CN=C(N)N=C3)=C2F)=O		GCN2iB
IRPVABHDSJVBNZ-QWHZDKJVSA-N	FC(F)(F)C1=CC(C2=NN(C([C@@H]3[C@]4([H])[C@@]3([H])CN(C5COC5)C4)=C2)CC6CC6)=CN=C1N		GNE-8505
ZGCMQKWOUIMBEP-UHFFFAOYSA-N	O=C(C1=NC=CC(N2C=C(C3CC3)N=C2)=C1)NC4=CC=CC(C5=NN=CN5C6CC6)=C4		GS-444217 
BPRAHARGXSNSSO-UHFFFAOYSA-N	CN1CCC(CNC2=CC(Cl)=NN3C2=NC=C3C4=C(F)C=C5C(N=C(NC6=CC=CC=C6)N5)=C4)CC1		IRE1α kinase-IN-1
SCELLOWTHJGVIC-BGYRXZFFSA-N	C[C@@H]1O[C@@H](CN(CC(NC2=CC3=C(C=C2)SC4=C(C3)C=CC=C4C5=CC(C=C(O5)N6CCOCC6)=O)=O)C1)C		KU-60019 
GOOYSJIWTIHOGW-UHFFFAOYSA-N	O=C(N1CCN(C2=NC3=C(C4=CC=CN=C4OC)C=NN3C=C2)CC1)OC(C)C		LP-935509 
ARBRHWRTXPWZGN-UHFFFAOYSA-N	O=C(C1=C(N)[N@]([C@]2=C(C)C(O)=CC=C2C)C3=NC(C)=C(C)C=C31)N		RP-6306
XGVXKJKTISMIOW-ZDUSSCGKSA-N	O=C1C2=C(C=C(C3=CNN=C3C)S2)NC([C@H]4N(CC5)CCC5C4)=N1		Simurosertib
RWNAOXLCVXJMGM-UHFFFAOYSA-N	CC(N1)=CC2=C1N=CN=C2OC3=C(C)C=CC(C(NC4=CC=C(CN5CCN(CC)CC5)C(C(F)(F)F)=C4)=O)=C3		TAK1/MAP4K2 inhibitor 1 
QEAYKBGEHPZBIL-CQSZACIVSA-N	O=C(C1=CC2=C(CN(C(C3=NC(C(N(CC4=CC=CC=C4OC(F)F)[C@H](C)C(NC)=O)=O)=CN3)=O)C2)C=C1)N		TAK1-IN-2 
YCOYDOIWSSHVCK-UHFFFAOYSA-N	ClC1=CC=C(NC2=NN=C(CC3=CC=NC=C3)C4=C2C=CC=C4)C=C1.[H]Cl.[H]Cl		Vatalanib
JJWLXRKVUJDJKG-VIFPVBQESA-N	O=C1C2=C(N=C(N1)[C@@H]3CCCN3)C4=CC(Cl)=CC=C4O2.[H]Cl		XL413
ZNFMBFABCSHXPM-UHFFFAOYSA-N	O=C(OC)C1=CC2=C(OC(C)C)C=C(OC(C)C)C=C2N1		XST-14
HTFNVAVTYILUCF-UHFFFAOYSA-N	O=C1N(C)C2=CN=C(NC3=CC=C(C(N4CCC(N5CCN(C)CC5)CC4)=O)C=C3OCC)N=C2N(S(=O)(C)=O)C6=CC=CC=C16		AX-15836
ODOJVROSIRINJT-LJQANCHMSA-N	Cc1cc(ccc1c1ccnc2c1cc(C)[nH]2)NC([C@@H](CC(C)(C)C)N)=O		C3TD879
HHXRZSZBSWPCKL-LJQANCHMSA-N	Cc1cc(ccc1c1cncc2c1cc(C)[nH]2)NC([C@@H](CC(C)(C)C)N)=O		C3TD879 NC
NQKQXMWUXJEWJR-UHFFFAOYSA-N	CC1=C(C(O)=O)N(CCCOC2=CC(CCC3=CC(CSCC4=C5C(C)=NN4CCOCCOC)=NN3C)=CC6=C2C=C(Cl)C(F)=C6)C7=C1C5=C(Cl)C=C7		JNJ-78732576
CRLZRGXSDBAEFD-UHFFFAOYSA-N	OC(C(C1)C1C(O2)=NC(C3=CC=CC=C3)=C2C4=CC(C(F)(F)F)=CC(C(F)(F)F)=C4)=O		JP3000
IVVSBEQDCAZLFY-SFHVURJKSA-N	CN1C([C@@H](N2CCC3=CN(N=C3C2=O)CC4CCS(CC4)(=O)=O)COC5=CC=CC=C15)=O		TP-030n
SXKPGYKPQPYJER-UHFFFAOYSA-N	CC1(C2=C(C(C)(CC1)C)C=C(C3=C2)N(C4=C(N=C3C5=CC=C(C=C5)C(O)=O)C=C([N+]([O-])=O)C=C4)C)C		HX531
HGXMLGSUGNEINU-UHFFFAOYSA-N	O=C(NC1=CC(C)=CC(C)=C1)CCC2=NC3=C(C4=C(CCCC4)S3)C(N2)=O		Photoregulin 1
CKCSOMMBIPJYSG-UHFFFAOYSA-N	OC1=NC(CN2CCC(C3=CC=CC=C3)=CC2)=NC4=CC(OC)=C(OC)C=C14		Photoregulin 3
APJSHECCIRQQDV-ZRDIBKRKSA-N	CCCCCOC1=C(C=C2C(C(CCC2(C)C)(C)C)=C1)C3=CC(/C=C/C(O)=O)=CC=C3O		UVI3003
FEBNTWHYQKGEIQ-SUKRRCERSA-N	CC1=C2[C@@H](CC[C@H]([C@]2(CC1)[H])C)/C=C(C)/C(O)=O		Valerenic acid
TZRHLKRLEZJVIJ-UHFFFAOYSA-N	CC1=C(C2=CC=C(S(NC(CC)=O)(=O)=O)C=C2)C(C3=CC=CC=C3)=NO1		Parecoxib
RTKBIHCZDFXHLC-UHFFFAOYSA-N	CC1=CN(C=N1)C2=CC(C(F)(F)F)=CC(NC(C3=CC(OCCCC)=NC4=C3C=CC=C4)=O)=C2		GFS105
RCNSAJSGRJSBKK-LFKMQHSASA-N	CC1=C(/C(N/C1=C/C2=NC(C(C=C)=C2C)=O)=C/C3=C(C(C)=C(N3)/C=C4C(C=C)=C(C(N\4)=O)C)CCC(O)=O)CCC(O)=O		Biliverdine
MASYAWHPJCQLSW-ZIAGYGMSSA-N	CC[C@@H]1CC2=C(C=CC(=C2)O)C3=C1C4=C(C[C@H]3CC)C=C(C=C4)O		(R,R)-THC
WLKOCYWYAWBGKY-UHFFFAOYSA-N	CCN(CC)C1=CC=C(C=C1)C=NNC(=O)C2=CC=C(C=C2)O		DY131
DXBJGDVBQPEMOB-UHFFFAOYSA-N	C1=CC=C(C=C1)CS(=O)(=O)NC2=CC(=C(C=C2)C3=CC4=C(C=C3)N(N=C4)C5=CC=C(C=C5)F)C(F)(F)F		GSK9027
VJGFOYBQOIPQFY-XMMPIXPASA-N	CC1=NC2=C(C=C1)C(=CC=C2)NC[C@](CC(C)(C)C3=CC(=CC4=C3OCC4)F)(C(F)(F)F)O		Mapracorat
KEJORAMIZFOODM-PWSUYJOCSA-N	CC1=C(C=CC(=C1Cl)C#N)N2C(=O)C3C(CCN3C2=O)O		BMS564929
CPJVLZDDECEONQ-UHFFFAOYSA-N	O=C(OC)C1=CN(C)C2=CC=C(C3=CC=CN=C3)C=C21		DZ104
ZJPUSKBFLQMYJU-UHFFFAOYSA-N	O=C(Nc1cnc2ccccc2c1)c1cc2[nH]ccc2cc1Cl		ME43
HGXSOLYLDMLDRI-UHFFFAOYSA-N	ClC1=CC=CN2C1=NC(C)=C2NC(C3=CC=C(C4=CC=C(N(C)C)C=C4)O3)=O		MS184
FJLGEFLZQAZZCD-MCBHFWOFSA-N	CC(C)N1C2=CC=CC=C2C(C3=CC=C(F)C=C3)=C1/C=C/[C@@H](O)C[C@@H](O)CC(O)=O		Fluvastatin
RYMZZMVNJRMUDD-HGQWONQESA-N	O=C(C(C)(C)CC)O[C@@H]1[C@H]2C(C=C[C@H](C)[C@@H]2CC[C@@H]3C[C@@H](O)CC(O3)=O)=C[C@H](C)C1		Simvastatin
WXCXUHSOUPDCQV-UHFFFAOYSA-N	CC1(C(=O)N(C(=S)N1C2=CC(=C(C=C2)C(=O)NC)F)C3=CC(=C(C=C3)C#N)C(F)(F)F)C		Enzalutamide
XPRDUGXOWVXZLL-UHFFFAOYSA-N	O=C(C1=C(C(O)=O)CCC1)NC2=C(F)C=C(C3=CC=CC(OC)=C3)C=C2		Vidofludimus
JZMZNOFEMDPCKX-UHFFFAOYSA-N	CN(C)C(=O)CCc1nc(-c2ccccc2)c(-c2ccccc2)o1		CPD53
PJFMAVHETLRJHJ-UHFFFAOYSA-N	O=C(C(N1)=C(N2C)N=C1C3=CC=CC=C3)N(C)C2=O		8-Phenyltheophylline
