uniprot_id	target_key	HGNC	species
Q9NPI1	BRD7@BRD		
Q9H8M2	BRD9@BRD		
P04629	NTRK1		
Q16620	NTRK2		
Q16288	NTRK3		
Q08345	DDR1		
Q16832	DDR2		
P52333	JAK3@kinase 1		
Q9HAZ1	CLK4		
Q13627	DYRK1A		
Q92630	DYRK1B		
Q9Y463	DYRK2		
P49759	CLK1		
P49760	CLK2		
Q9Y2I7	PIKFYVE		
Q96SB4	SRPK1		
P78362	SRPK2		
Q9UPE1	SRPK3		
Q96LA8	PRMT6@Methyltransferase		
Q9NR22	PRMT8@Methyltransferase		
Q99873	PRMT1@Methyltransferase		
O60678	PRMT3@Methyltransferase		
Q86X55	CARM1@Methyltransferase		
P51449	RORC		
	NR1F3		
P55055	NR1H2		
Q13133	NR1H3		
O75469	NR1I2		
P36896	ACVR1B		
P36897	TGFBR1		
Q06187	BTK		
P51813	BMX		
P42336	PIK3CA		
P42338	PIK3CB		
P48736	PIK3CG		
O00329	PIK3CD		
Q9H4A3	WNK1		
Q9Y3S1	WNK2		
Q9BYP7	WNK3		
Q96J92	WNK4		
Q96KB5	PBK		
P21127	CDK11B		
P49137	MAPKAPK2		
Q16644	MAPKAPK3		
Q8IW41	MAPKAPK5		
O94921	CDK14		
Q00536	CDK16		
P24941	CDK2		
P50750	CDK9		
Q96RI1	NR1H4		
Q14004	CDK13		
Q58F21	BRDT		
P25440	BRD2		
Q15059	BRD3		
O60885	BRD4		
P35222	CTNNB1		
Q13164	MAPK7		
Q02750	MAP2K1		
P36507	MAP2K2		
Q96GD4	AURKB		
P49840	GSK3A		
P49841	GSK3B		
P31749	AKT1		
P31751	AKT2		
Q9Y243	AKT3		
Q15759	MAPK11		
Q16539	MAPK14		
O14965	STK6		
Q13464	ROCK1		
O75116	ROCK2		
P15056	BRAF		
Q05397	PTK2		
Q14289	PTK2B		
P29317	EPHA2		
P54760	EPHB4		
Q12866	MERTK		
Q06418	TYRO3		
P30530	AXL		
O15530	PDPK1		
P17252	PRKCA		
P05771	PRKCB		
P05129	PRKCG		
Q02156	PRKCE		
P49336	CDK8		
Q13153	PAK1		
Q2M2I8	AAK1		
Q9NSY1	BMP2K		
Q96RR4	CAMKK2		
P53350	PLK1		
Q13188	STK3		
Q13043	STK4		
	NR2B1		
	NR2B2		
	NR2B3		
Q07869	PPARA		
P37231	PPARG		
	NR1C1		
	NR1C3		
	NR1C2		
Q03181	PPARD		
O95696	BRD1@BRD		
P21675	TAF1@BD2		
Q9UIF9	BAZ2A@BRD		
Q9UIF8	BAZ2B@BRD		
Q4FZB7	SUV420H1@Methyltransferase		
Q86Y97	SUV420H2@Methyltransferase		
Q9H9B1	EHMT1/GLP@Methyltransferase		
Q96KQ7	EHMT2/G9a@Methyltransferase		
Q92793	CREBBP@BRD		
Q09472	EP300@BRD		
Q8WTS6	SETD7		
O14744	PRMT5		
Q86U86	PBRM1@BRD		
P51531	SMARCA2@BRD		
P51532	SMARCA4@BRD		
O60885	BRD4@BD2		
Q58F21	BRDT@BD1		
Q58F21	BRDT@BD2		
P25440	BRD2@BD1		
P25440	BRD2@BD2		
Q15059	BRD3@BD1		
Q15059	BRD3@BD2		
O60885	BRD4@BD1		
Q9BXF3	CECR2@BRD		
P55201	BRPF1@BRD		
Q9ULD4	BRPF3@BRD		
O14976	GAK		
Q92800	EZH1@Methyltransferase		
Q15910	EZH2@Methyltransferase		
P61964	WDR5		
O60341	KDM1A/LSD1@Demethylase		
Q96JM7	L3MBTL3@MBT1		
Q8TEK3	DOT1L@Methyltransferase		
O15550	KDM6A/UTX@Demethylase		
Q92831	KAT2B@BRD		
Q92830	KAT2A@BRD		
O75530	EED		
Q9NRG4	SMYD2		
Q9H7B4	SMYD3@Methyltransferase		
	IDH1(R132C)		
	IDH1(R132H)		
	IDH1(R132G)		
	BRD7		
	BRD9		
Q9GZT9	EGLN1		
Q86X55	CARM1		
P53667	LIMK1		
P53671	LIMK2		
Q9NQV7	PRDM9		
	PRMT7		
Q9NVM4	PRMT7		
Q12851	MAP4K2		
Q9UDY8	MALT1		
P22888	LHCGR		
P11166	SLC2A1		
P11229	CHRM1		
Q12830	BPTF@BRD		
Q9NR22	PRMT8		
Q99873	PRMT1		
O60678	PRMT3		
Q07817	BCL2L1		
P10415	BCL2		
P13569	CFTR		
	ATAD2		
	ATAD2B		
	NSD3@PWWP1		
Q9BZ95	NSD3@PWWP1		
Q96LA8	PRMT6		
Q15391	P2RY14		
Q02127	DHODH		
Q86YT5	SLC13A5		
Q03111	MLLT1		
P42568	MLLT3		
P25101	EDNRA		
P49356	FNTB		
P21917	DRD4		
P25116	F2R		
P08581	MET		
P49327	FASN		
P19634	SLC9A1		
P21554	CNR1		
Q9Y5Y4	PTGDR2		
P28482	MAPK1		
P27361	MAPK3		
P25100	ADRA1D		
P14174	MIF		
P36639	NUDT1		
P50579	METAP2		
Q7Z2W7	TRPM8		
Q9UHD2	TBK1		
Q14164	IKBKE		
O00519	FAAH		
O75762	TRPA1		
Q99571	P2RX4		
P20701	ITGAL		
Q15349	RPS6KA1		
Q13131	PRKAA1		
P19099	CYP11B2		
P04150	NR3C1		
Q10469	MGAT2		
P41182	BCL6		
Q9Y2T5	GPR52		
Q13822	ENPP2		
P26662	HCV:NS3		
Q07889	SOS1		
P49761	CLK3		
Q09472	EP300@Acetyltransferase		
Q92793	CREBBP@Acetyltransferase		
Q92794	MYST3@Acetyltransferase		
Q8WYB5	MYST4@Acetyltransferase		
P30968	GNRHR		
P24530	EDNRB		
P43116	PTGER2		
P32246	CCR1		
Q96LB1	MRGPRX2		
Q15743	GPR68		
Q969F8	KISS1R		
O00222	GRM8		
P07550	ADRB2		
P21728	DRD1		
P25103	TACR1		
P41145	OPRK1		
P32238	CCKAR		
Q15722	LTB4R		
P41143	OPRD1		
P32239	CCKBR		
P30989	NTSR1		
O95665	NTSR2		
P35368	ADRA1B		
P35348	ADRA1A		
P08913	ADRA2A		
P43088	PTGFR		
P43115	PTGER3		
P34995	PTGER1		
Q9Y271	CYSLTR1		
P30518	AVPR2		
P50052	AGTR2		
P30556	AGTR1		
P29274	ADORA2A		
P08588	ADRB1		
Q92847	GHSR		
P34969	HTR7		
P41146	OPRL1		
P35372	OPRM1		
P28335	HTR2C		
P28223	HTR2A		
P25025	CXCR2		
O43613	HCRTR1		
P41595	HTR2B		
P21453	S1PR1		
P41594	GRM5		
Q13255	GRM1		
Q14416	GRM2		
Q13258	PTGDR		
P21731	TBXA2R		
P29275	ADORA2B		
Q9HBW0	LPAR2		
P55085	F2RL1		
P41597	CCR2		
Q9Y5N1	HRH3		
Q9HC97	GPR35		
P35462	DRD3		
P14416	DRD2		
P08908	HTR1A		
Q5NUL3	FFAR4		
O15552	FFAR2		
Q9H228	S1PR5		
Q99835	SMO		
P16473	TSHR		
P34913	EPHX2@Protease		
Q14994	NR1I3		
P10827	THRA		
P10828	THRB		
	NR1A1		
	NR1A2		
	NR3A1		
	NR3A2		
P08235	NR3C2		
	NR3C3		
	NR3C4		
P10826	RARB		
P10276	RARA		
P13631	RARG		
	NR1B1		
	NR1B2		
	NR1B3		
	NR1I1		
P11473	VDR		
O14920	IKBKB		
P00533	EGFR		
P04626	ERBB2		
Q15303	ERBB4		
P07333	CSF1R		
P33981	TTK		
P68400	CSNK2A1		
P08069	IGF1R		
P06213	INSR		
P14616	INSRR		
Q07912	TNK2		
Q5S007	LRRK2		
Q99683	MAP3K5		
Q04912	MST1R		
P23458	JAK1@kinase 1		
O60674	JAK2@kinase 1		
O60285	NUAK1		
Q9H093	NUAK2		
Q8NEB9	PIK3C3		
Q9Y572	RIPK3		
O14757	CHEK1		
Q9NWZ3	IRAK4		
P51451	BLK		
P42681	TXK		
Q08881	ITK		
P78527	PRKDC		
O00750	PIK3C2B		
O96017	CHEK2		
Q9NYY3	PLK2		
Q9H4B4	PLK3		
Q9UQB9	AURKC		
P51812	RPS6KA3@kinase 1		
P11802	CDK4		
Q00534	CDK6		
Q9UM73	ALK		
P08922	ROS1		
P11362	FGFR1		
P21802	FGFR2		
P22607	FGFR3		
P35590	TIE1		
Q02763	TEK		
P43405	SYK		
Q15349	RPS6KA1@kinase 1		
Q13546	RIPK1		
O14936	CASK		
P39900	MMP12		
P45452	MMP13		
Q02224	CENPE		
P08246	ELANE		
P49768	PSEN1@Protease		
P20292	ALOX5AP		
Q9Y233	PDE10A		
O75306	NDUFS2		
P00519	ABL1		
P42684	ABL2		
Q14012	CAMK1		
Q6P2M8	PNCK		
Q8IU85	CAMK1D		
Q96NX5	CAMK1G		
P25929	NPY1R		
Q9Y463	DYRK1B		
Q92630	DYRK2		
Q86Z02	HIPK1		
Q9H2X6	HIPK2		
P06493	CDK1		
Q00535	CDK5		
Q9UM07	PADI4		
P55201	BRPF1		
Q9ULD4	BRPF3		
O95696	BRD1		
P22455	FGFR4		
Q14680	MELK		
P57059	SIK1		
Q9H0K1	SIK2		
Q9Y2K2	SIK3		
P54687	BCAT1		
O15382	BCAT2		
P23946	CMA1@Protease		
O94925	GLS		
	NSD2 (PWWP1 domain)		
Q8IVV7	GID4		
P20393	NR1D1		
Q14995	NR1D2		
	NR1F1		
	NR1F2		
Q92753	RORB		
P35398	RORA		
P19784	CSNK2A2		
Q04771	ACVR1		
P37023	ACVRL1		
Q5TCY1	TTBK1		
P07949	RET		
P35968	KDR		
P48730	CSNK1D		
P49674	CSNK1E		
P48729	CSNK1A1		
Q9NZJ5	EIF2AK3		
P21860	ERBB3		
Q9BWU1	CDK19		
O94804	STK10		
Q59H18	TNNI3K		
P16591	FER		
P53355	DAPK1		
O43293	DAPK3		
Q96Q15	SMG1		
P42345	MTOR		
O94768	STK17B		
O15075	DCLK1		
Q8N568	DCLK2		
P36888	FLT3		
Q9UEE5	STK17A		
O60674	JAK2		
P29597	TYK2		
P23458	JAK1		
	JAK1		
	JAK2		
	TYK2		
P11309	PIM1		
Q9P1W9	PIM2		
Q86V86	PIM3		
O43683	BUB1		
Q13451	FKBP5		
O14842	FFAR1		
Q12879	GRIN2A		
O60502	OGA		
P48426	PIP4K2A		
O15427	SLC16A3		
P09936	UCHL1@Protease		
P27958	HCV:NS5B		
P04585	HIV:NNRT		
Q9NYV4	CDK12		
P50613	CDK7		
O75747	PIK3C2G		
P78380	OLR1		
P37088	SCNN1A		
P51168	SCNN1B		
P51170	SCNN1G		
	HIV Integrase		
	HCV NS5B		
	CTSS		
	HCV NS3-NS4A		
	CTSC		
	CMA1		
O00408	PDE2A		
	DPAP1		
	HCV NNRT		
	HIV CA		
O43175	PHGDH		
P11597	CETP		
P46092	CCR10		
Q99558	MAP3K14		
O75460	ERN1		
P10721	KIT		
Q8TBX8	PIP4K2C		
Q86YV6	MYLK4		
P51955	NEK2		
O43353	RIPK2		
O95819	MAP4K4		
Q9UKE5	TNIK		
Q8N4C8	MINK1		
	NR3B1		
	NR3B2		
	NR3B3		
Q12852	MAP3K12		
P51617	IRAK1		
Q13163	MAP2K5		
O95835	LATS1		
Q9NRM7	LATS2		
P36894	BMPR1A		
O00238	BMPR1B		
Q9BUB5	MKNK1		
Q9HBH9	MKNK2		
Q15139	PRKD1		
Q9BZL6	PRKD2		
O94806	PRKD3		
Q16513	PKN2		
Q9UIK4	DAPK2		
Q6IQ55	TTBK2		
O43318	MAP3K7		
O76083	PDE9A		
Q7Z5P4	HSD17B13		
Q96Q40	CDK15		
Q00537	CDK17		
Q07002	CDK18		
	MGLL		
Q9NWM0	SMOX		
O76039	CDKL5		
Q16739	UGCG		
Q13535	ATR		
Q13315	ATM		
Q9BVS4	RIOK2		
	EIF2AK4		
O43283	MAP3K13		
	BIKE		
Q99640	PKMYT1		
P21709	EPHA1		
P29323	EPHB2		
P54753	EPHB3		
P30291	WEE1		
O00311	CDC7		
P07332	FES		
O75385	ULK1		
Q8IYT8	ULK2		
Q9UQM7	CAMK2A		
O14578	CIT		
Q07820	MCL1		
Q9Y5X4	NR2E3		
P22736	NR4A1		
P43354	NR4A2		
Q92570	NR4A3		
Q9Y466	NR2E1		
